vignette_id,condition,time_to_info,accuracy,n_queries_issued,latency_ms,cognitive_load,tlx_mental,tlx_physical,tlx_temporal,tlx_performance,tlx_effort,tlx_frustration,period,specialty,experience_group,complexity,n_pivots,condition_code
V001,control,95.32,1,4,177.96,54.49,71.96,19.08,67.71,49.58,73.13,45.5,1,internal_medicine,<5_years,high,3,0
V002,control,114.53,1,5,178.88,60.24,79.48,24.39,72.57,54.52,77.01,53.49,1,emergency,<5_years,high,0,0
V003,control,216.77,0,4,190.17,73.21,100.0,37.31,100.0,31.02,100.0,70.92,1,critical_care,<5_years,high,3,0
V004,control,114.36,1,5,189.69,60.55,81.11,26.94,86.34,45.9,77.29,45.74,1,hospital_medicine,>=5_years,high,0,0
V005,control,118.33,1,5,183.04,60.34,82.79,17.2,72.22,54.09,81.68,54.04,3,hospital_medicine,<5_years,high,4,0
V006,control,117.83,1,5,205.59,58.01,77.92,18.67,78.96,42.44,82.52,47.54,2,critical_care,<5_years,high,4,0
V007,control,116.15,1,5,190.38,56.02,76.15,13.84,80.06,42.75,74.09,49.24,2,emergency,<5_years,high,4,0
V008,control,66.63,1,3,190.68,47.9,61.96,14.67,59.67,61.21,60.35,29.53,3,critical_care,<5_years,low,2,0
V009,control,108.46,1,5,182.01,57.55,76.24,19.2,76.16,46.09,72.61,54.97,3,critical_care,>=5_years,high,0,0
V010,control,90.64,1,4,187.19,51.9,71.63,14.57,63.48,53.07,65.61,43.01,2,emergency,>=5_years,high,3,0
V011,control,98.16,1,4,191.8,57.73,70.34,24.65,74.67,58.46,76.58,41.68,1,emergency,<5_years,high,0,0
V012,control,91.78,1,4,198.51,52.43,71.9,21.73,67.99,51.07,62.08,39.8,2,internal_medicine,<5_years,high,3,0
V013,control,115.23,1,5,194.45,60.68,81.22,26.38,81.29,46.37,77.59,51.26,2,critical_care,<5_years,high,4,0
V014,control,111.55,1,5,193.44,58.6,86.66,15.12,73.32,52.37,76.43,47.71,3,internal_medicine,>=5_years,high,4,0
V015,control,107.62,1,5,204.08,58.42,79.51,22.83,76.91,48.19,75.63,47.44,3,critical_care,>=5_years,high,4,0
V016,control,72.06,1,3,184.77,50.46,62.99,17.28,61.33,55.83,64.78,40.57,3,internal_medicine,<5_years,low,2,0
V017,control,67.06,1,3,187.68,48.77,59.61,15.19,60.01,66.78,59.94,31.06,2,hospital_medicine,>=5_years,low,2,0
V018,control,71.24,1,3,184.69,49.94,65.58,11.41,54.66,63.95,70.0,34.05,1,emergency,<5_years,low,2,0
V019,control,68.58,1,3,201.5,49.65,58.85,16.37,57.79,62.52,65.51,36.88,2,critical_care,<5_years,low,0,0
V020,control,122.76,1,5,185.04,62.66,78.76,27.25,79.99,51.63,79.46,58.84,2,hospital_medicine,<5_years,high,0,0
V021,control,68.36,1,3,163.64,45.66,60.93,14.53,51.54,58.54,56.81,31.63,1,critical_care,<5_years,low,0,0
V022,control,91.44,1,4,184.89,54.43,64.99,19.08,69.91,62.33,69.52,40.74,2,emergency,<5_years,high,3,0
V023,control,112.67,1,5,200.77,60.47,82.4,20.36,75.85,52.26,84.74,47.18,2,hospital_medicine,<5_years,high,4,0
V024,control,82.45,1,4,199.81,51.67,66.93,13.27,67.27,55.79,68.46,38.31,3,internal_medicine,<5_years,high,3,0
V025,control,70.32,1,3,170.38,49.92,70.02,15.44,63.25,54.01,58.99,37.84,3,emergency,<5_years,low,2,0
V026,control,67.96,1,3,196.14,48.6,57.56,16.82,52.09,65.93,63.63,35.58,2,critical_care,>=5_years,low,0,0
V027,control,91.99,1,4,198.0,56.49,71.53,24.1,74.21,60.83,66.58,41.67,3,critical_care,<5_years,high,3,0
V028,control,99.72,1,4,171.24,54.61,82.22,15.68,72.52,48.61,73.17,35.47,3,emergency,<5_years,high,0,0
V029,control,78.91,1,3,195.79,51.07,64.7,25.69,53.73,53.35,67.57,41.4,3,hospital_medicine,>=5_years,low,0,0
V030,control,64.85,1,3,174.76,53.12,65.98,16.3,61.79,73.8,58.51,42.37,2,internal_medicine,>=5_years,low,2,0
V031,control,75.1,1,3,198.59,52.03,64.95,16.62,66.06,61.23,63.49,39.83,2,internal_medicine,<5_years,low,0,0
V032,control,91.0,1,4,167.02,53.66,72.58,18.56,71.34,46.62,69.6,43.28,2,emergency,<5_years,high,3,0
V033,control,69.81,1,3,182.09,49.87,60.26,23.0,60.86,59.26,58.06,37.78,3,emergency,>=5_years,low,2,0
V034,control,82.21,1,3,186.3,53.83,74.59,16.42,65.67,56.94,65.25,44.12,1,internal_medicine,>=5_years,low,0,0
V035,control,71.62,1,3,192.06,48.6,59.76,16.2,64.78,57.29,55.39,38.15,3,hospital_medicine,<5_years,low,0,0
V036,control,92.7,1,4,178.46,54.87,77.63,23.1,69.1,47.46,73.7,38.23,2,critical_care,<5_years,high,3,0
V037,control,64.34,1,3,177.66,45.1,60.35,14.62,51.37,55.89,51.49,36.85,2,hospital_medicine,>=5_years,low,0,0
V038,control,109.79,1,5,167.64,58.53,75.24,20.53,75.45,54.21,76.64,49.1,2,internal_medicine,>=5_years,high,4,0
V039,control,62.41,1,3,206.13,44.25,57.7,14.1,49.24,58.09,49.73,36.63,2,internal_medicine,<5_years,low,2,0
V040,control,110.13,1,5,188.5,59.98,83.99,18.64,83.5,45.27,81.53,46.96,2,hospital_medicine,>=5_years,high,4,0
V041,control,118.41,1,5,192.9,59.59,88.32,22.13,75.96,43.25,81.23,46.65,2,internal_medicine,>=5_years,high,4,0
V042,control,300.0,0,4,196.25,71.64,100.0,36.58,100.0,11.73,100.0,81.55,3,hospital_medicine,>=5_years,high,0,0
V043,control,64.84,1,3,176.42,46.58,56.77,19.4,59.18,54.26,56.83,33.04,2,emergency,<5_years,low,0,0
V044,control,122.05,1,5,191.9,61.82,84.73,23.87,75.71,53.52,80.12,52.97,3,hospital_medicine,>=5_years,high,4,0
V045,control,69.75,1,3,191.2,50.21,68.68,19.55,52.15,64.56,59.37,36.95,2,hospital_medicine,<5_years,low,0,0
V046,control,72.67,1,3,204.57,49.31,59.79,24.36,56.62,64.93,61.69,28.43,3,critical_care,<5_years,low,0,0
V047,control,56.99,1,3,184.14,45.86,58.97,16.68,59.29,55.04,58.82,26.37,2,critical_care,>=5_years,low,0,0
V048,control,83.43,1,4,181.97,54.9,71.68,21.56,69.36,57.17,67.38,42.23,3,internal_medicine,<5_years,high,3,0
V049,control,111.79,1,5,190.86,58.32,86.42,11.55,76.77,50.51,77.7,46.98,3,internal_medicine,<5_years,high,0,0
V050,control,117.75,1,5,194.63,60.9,82.21,16.3,86.81,43.77,80.57,55.76,2,hospital_medicine,>=5_years,high,0,0
V051,control,69.58,1,3,210.24,47.43,65.34,13.71,51.46,62.54,58.04,33.46,1,emergency,>=5_years,low,0,0
V052,control,209.83,0,4,179.76,70.39,100.0,31.07,100.0,27.31,100.0,63.95,1,emergency,<5_years,high,0,0
V053,control,71.85,1,3,198.98,50.74,62.91,17.97,63.23,61.17,65.51,33.66,3,critical_care,>=5_years,low,2,0
V054,control,93.28,1,4,181.85,56.18,75.54,21.19,71.92,57.65,69.34,41.46,1,hospital_medicine,<5_years,high,0,0
V055,control,93.3,1,4,168.23,56.33,73.71,23.9,77.9,47.8,69.82,44.84,3,internal_medicine,<5_years,high,0,0
V056,control,93.17,1,4,185.69,54.23,68.99,19.13,69.52,59.73,69.28,38.69,3,critical_care,<5_years,high,3,0
V057,control,73.31,1,3,187.22,53.61,66.6,21.62,63.32,61.52,66.49,42.08,1,critical_care,<5_years,low,2,0
V058,control,171.72,0,3,168.45,66.85,96.02,23.01,92.01,38.97,98.59,52.49,2,hospital_medicine,<5_years,low,2,0
V059,control,71.66,1,3,197.66,48.75,62.35,19.89,60.5,50.83,61.57,37.34,3,hospital_medicine,<5_years,low,2,0
V060,control,101.1,1,4,190.8,55.01,71.64,20.27,70.58,48.03,78.21,41.35,3,critical_care,>=5_years,high,3,0
V061,control,68.64,1,3,217.71,48.48,59.56,12.35,56.49,64.37,63.75,34.35,2,hospital_medicine,>=5_years,low,2,0
V062,control,116.84,1,5,184.97,58.11,83.66,26.02,77.56,45.68,73.42,42.33,3,critical_care,<5_years,high,0,0
V063,control,67.68,1,3,201.75,46.21,60.46,8.04,54.32,58.83,57.89,37.73,2,emergency,<5_years,low,2,0
V064,control,107.08,1,5,183.32,57.11,71.88,17.74,79.3,49.06,74.33,50.34,3,critical_care,>=5_years,high,0,0
V065,control,92.55,1,4,200.72,51.74,76.97,12.6,64.12,50.94,68.01,37.78,2,internal_medicine,<5_years,high,3,0
V066,control,99.97,1,4,184.63,55.56,74.31,20.31,76.23,53.21,71.56,37.7,2,emergency,>=5_years,high,0,0
V067,control,124.02,1,5,187.19,60.89,82.59,24.13,78.64,45.96,82.25,51.78,1,emergency,<5_years,high,4,0
V068,control,65.8,1,3,185.59,48.41,61.26,15.8,54.53,63.26,54.64,40.96,2,critical_care,<5_years,low,0,0
V069,control,115.5,1,5,196.62,60.44,80.55,29.66,77.25,55.85,75.29,44.03,1,critical_care,<5_years,high,0,0
V070,control,92.06,1,4,190.46,55.86,73.78,16.97,70.36,58.8,71.13,44.08,3,hospital_medicine,>=5_years,high,0,0
V071,control,113.22,1,5,198.36,57.36,78.8,14.65,79.38,42.96,75.98,52.4,1,hospital_medicine,>=5_years,high,4,0
V072,control,67.72,1,3,193.99,49.6,60.6,15.3,62.11,68.18,57.98,33.45,2,internal_medicine,>=5_years,low,0,0
V073,control,101.81,1,4,182.99,57.99,77.4,25.12,77.29,49.61,75.07,43.46,2,hospital_medicine,>=5_years,high,3,0
V074,control,120.5,1,5,176.25,61.82,91.51,24.02,75.96,45.52,82.15,51.77,1,hospital_medicine,>=5_years,high,0,0
V075,control,112.94,1,5,175.54,63.18,86.11,23.69,84.47,52.7,75.93,56.19,1,critical_care,<5_years,high,0,0
V076,control,73.16,1,3,180.53,50.15,65.69,19.27,65.82,58.88,57.02,34.23,2,emergency,<5_years,low,0,0
V077,control,115.03,1,5,197.95,59.91,79.25,26.88,81.66,47.43,80.79,43.45,2,hospital_medicine,>=5_years,high,0,0
V078,control,94.01,1,4,183.12,52.24,74.6,10.98,62.98,55.68,63.62,45.58,2,emergency,>=5_years,high,3,0
V079,control,61.89,1,3,175.3,46.36,57.21,13.37,59.65,64.36,56.37,27.2,3,emergency,>=5_years,low,2,0
V080,control,71.27,1,3,206.69,46.22,60.1,12.78,54.16,52.96,64.59,32.75,3,emergency,<5_years,low,2,0
V081,control,73.94,1,3,206.56,48.45,63.47,15.09,55.91,56.92,61.5,37.8,1,critical_care,>=5_years,low,0,0
V082,control,124.37,1,5,176.29,61.52,81.63,23.42,83.77,47.49,83.23,49.58,1,critical_care,<5_years,high,4,0
V083,control,70.72,1,3,202.05,45.97,68.08,11.16,58.03,60.04,50.7,27.78,1,internal_medicine,>=5_years,low,2,0
V084,control,90.81,1,4,198.67,54.46,80.15,10.08,68.34,54.51,69.35,44.32,3,emergency,<5_years,high,0,0
V085,control,75.14,1,3,199.32,49.85,56.68,19.3,59.25,61.6,63.92,38.35,1,hospital_medicine,>=5_years,low,2,0
V086,control,65.19,1,3,207.08,49.64,56.19,17.48,60.98,69.34,57.69,36.15,1,hospital_medicine,<5_years,low,2,0
V087,control,90.88,1,4,184.56,56.16,75.79,23.01,65.3,51.57,72.51,48.75,1,hospital_medicine,>=5_years,high,3,0
V088,control,67.99,1,3,191.02,49.98,62.67,13.65,65.48,66.77,55.82,35.49,1,critical_care,<5_years,low,2,0
V089,control,97.71,1,4,190.05,56.81,74.76,14.68,69.67,58.23,76.11,47.42,2,hospital_medicine,<5_years,high,3,0
V090,control,70.51,1,3,189.89,51.96,65.3,19.13,63.82,63.49,66.25,33.8,1,emergency,>=5_years,low,2,0
V091,control,125.4,1,5,193.76,57.3,76.73,18.98,74.01,47.86,79.55,46.7,1,emergency,>=5_years,high,0,0
V092,control,97.87,1,4,189.63,57.17,75.37,15.26,76.75,56.06,74.03,45.54,1,emergency,>=5_years,high,3,0
V093,control,70.16,1,3,201.69,49.12,63.61,11.66,59.61,60.06,58.3,41.47,1,critical_care,<5_years,low,2,0
V094,control,84.11,1,4,173.95,51.85,67.18,22.03,65.05,54.27,61.82,40.74,2,critical_care,<5_years,high,3,0
V095,control,119.0,1,5,197.65,62.96,89.63,23.45,80.31,46.97,83.03,54.34,2,internal_medicine,>=5_years,high,4,0
V096,control,71.42,1,3,185.12,49.17,64.09,15.5,59.11,65.13,56.64,34.54,2,hospital_medicine,>=5_years,low,0,0
V097,control,77.11,1,3,191.26,52.06,69.44,12.61,61.67,59.68,63.64,45.33,3,hospital_medicine,<5_years,low,0,0
V098,control,64.5,1,3,188.2,44.4,57.86,13.22,48.29,58.68,58.12,30.2,3,critical_care,<5_years,low,0,0
V099,control,72.13,1,3,195.43,48.73,66.9,11.01,56.76,55.07,64.68,37.96,1,internal_medicine,<5_years,low,2,0
V100,control,64.36,1,3,173.1,46.52,61.07,15.46,58.01,55.82,56.19,32.58,2,critical_care,<5_years,low,2,0
V101,control,122.57,1,5,201.7,60.3,82.78,24.8,83.35,44.91,77.46,48.51,1,internal_medicine,>=5_years,high,4,0
V102,control,61.48,1,3,181.52,45.11,57.01,11.52,54.05,54.66,57.99,35.42,1,critical_care,<5_years,low,0,0
V103,control,63.74,1,3,195.84,46.67,57.16,9.49,52.14,64.23,59.78,37.23,3,hospital_medicine,<5_years,low,2,0
V104,control,122.56,1,5,173.51,61.56,76.47,23.52,85.5,47.6,89.69,46.59,2,hospital_medicine,<5_years,high,0,0
V105,control,71.95,1,3,208.66,50.72,64.62,23.27,57.31,66.32,54.92,37.87,3,hospital_medicine,>=5_years,low,2,0
V106,control,67.96,1,3,221.76,49.33,61.85,14.2,60.84,63.58,64.8,30.7,2,hospital_medicine,>=5_years,low,2,0
V107,control,74.32,1,3,202.8,52.13,64.31,19.53,61.71,63.09,64.45,39.69,2,hospital_medicine,<5_years,low,2,0
V108,control,114.82,1,5,207.83,60.83,79.01,25.74,79.06,50.25,82.45,48.46,3,emergency,<5_years,high,4,0
V109,control,69.41,1,3,186.62,50.91,57.49,18.18,60.14,64.34,60.68,44.64,3,critical_care,>=5_years,low,0,0
V110,control,186.78,0,4,186.94,70.42,100.0,28.82,93.78,38.2,99.32,62.4,2,critical_care,<5_years,high,3,0
V111,control,94.19,1,4,197.57,52.88,71.04,21.51,69.32,52.45,69.06,33.94,2,hospital_medicine,>=5_years,high,0,0
V112,control,97.54,1,4,206.42,55.19,70.41,19.06,78.55,46.27,73.58,43.27,1,critical_care,<5_years,high,3,0
V113,control,62.82,1,3,192.12,47.84,64.01,18.48,51.58,64.08,58.32,30.6,3,critical_care,>=5_years,low,2,0
V114,control,67.09,1,3,199.9,48.87,65.7,17.56,60.68,59.35,60.31,29.58,3,internal_medicine,<5_years,low,2,0
V115,control,63.09,1,3,194.15,47.34,62.04,16.73,57.34,55.75,57.03,35.19,1,emergency,<5_years,low,2,0
V116,control,71.82,1,3,205.71,52.39,62.4,28.63,61.36,65.11,62.56,34.31,2,internal_medicine,<5_years,low,2,0
V117,control,114.42,1,5,212.68,58.94,77.66,18.01,84.73,50.69,79.21,43.33,1,internal_medicine,<5_years,high,4,0
V118,control,99.71,1,4,198.5,58.54,76.51,23.5,71.4,56.83,75.44,47.58,2,internal_medicine,>=5_years,high,3,0
V119,control,92.64,1,4,169.48,55.3,73.11,13.66,69.35,55.92,72.34,47.39,2,critical_care,<5_years,high,0,0
V120,control,120.03,1,5,196.28,61.91,80.54,27.17,83.12,50.11,78.92,51.62,2,internal_medicine,<5_years,high,0,0
V121,control,92.26,1,4,187.35,55.73,71.69,23.64,63.86,58.06,72.55,44.6,2,critical_care,>=5_years,high,0,0
V122,control,113.87,1,5,199.87,57.63,70.62,26.93,74.33,46.09,78.09,49.73,3,critical_care,<5_years,high,4,0
V123,control,69.69,1,3,203.39,50.85,65.02,26.14,55.62,64.27,56.9,37.13,3,critical_care,<5_years,low,2,0
V124,control,117.2,1,5,190.21,60.51,80.53,26.8,76.39,47.61,81.61,50.09,2,emergency,>=5_years,high,4,0
V125,control,62.02,1,3,175.37,49.31,65.47,12.11,46.09,68.22,65.34,38.64,2,hospital_medicine,>=5_years,low,2,0
V126,control,94.99,1,4,195.57,54.16,68.05,24.67,58.97,57.26,74.51,41.5,3,internal_medicine,<5_years,high,0,0
V127,control,118.0,1,5,196.36,59.78,91.17,18.29,81.18,49.32,82.5,36.22,2,critical_care,>=5_years,high,4,0
V128,control,68.27,1,3,203.04,50.62,63.61,15.16,58.57,55.26,69.62,41.5,2,emergency,<5_years,low,0,0
V129,control,195.71,0,4,199.22,71.17,100.0,33.88,100.0,35.86,99.99,57.27,1,critical_care,<5_years,high,0,0
V130,control,64.54,1,3,205.68,47.33,54.6,19.33,60.47,62.44,54.8,32.32,1,critical_care,>=5_years,low,2,0
V131,control,88.04,1,4,189.73,54.74,69.11,21.81,70.58,54.82,72.46,39.69,2,hospital_medicine,>=5_years,high,0,0
V132,control,98.46,1,4,193.18,55.42,73.71,15.33,68.31,57.61,70.84,46.73,2,hospital_medicine,<5_years,high,3,0
V133,control,198.12,0,4,186.66,73.04,100.0,32.69,100.0,35.36,100.0,70.19,1,emergency,>=5_years,high,3,0
V134,control,117.43,1,5,197.47,59.99,77.32,26.43,85.42,47.72,77.89,45.16,1,hospital_medicine,<5_years,high,0,0
V135,control,72.17,1,3,213.62,47.25,61.02,17.22,55.89,59.08,58.17,32.1,3,internal_medicine,<5_years,low,0,0
V136,control,71.74,1,3,204.45,50.9,67.72,17.8,58.56,61.1,67.1,33.12,3,critical_care,<5_years,low,2,0
V137,control,114.54,1,5,202.87,57.36,78.99,14.47,81.33,45.29,78.94,45.14,3,emergency,<5_years,high,0,0
V138,control,96.32,1,4,185.13,57.51,82.01,23.36,72.59,54.44,69.71,42.95,1,internal_medicine,>=5_years,high,3,0
V139,control,69.03,1,3,184.96,51.98,66.74,18.67,64.68,60.76,63.99,37.06,3,hospital_medicine,<5_years,low,2,0
V140,control,92.74,1,4,194.51,56.31,74.1,21.87,69.45,54.24,75.95,42.23,3,emergency,>=5_years,high,3,0
V141,control,92.76,1,4,176.48,54.63,77.68,14.86,68.58,51.18,71.28,44.19,3,internal_medicine,>=5_years,high,3,0
V142,control,119.99,1,5,194.04,59.96,80.93,20.67,79.38,47.23,84.5,47.07,1,emergency,<5_years,high,0,0
V143,control,101.52,1,4,191.01,56.78,75.42,24.7,70.41,52.42,78.92,38.83,2,internal_medicine,>=5_years,high,0,0
V144,control,119.39,1,5,192.67,57.75,85.84,19.12,77.66,39.05,80.32,44.53,1,internal_medicine,>=5_years,high,4,0
V145,control,221.77,0,5,179.81,68.14,100.0,25.37,100.0,19.75,100.0,63.72,3,hospital_medicine,>=5_years,high,0,0
V146,control,88.57,1,4,187.22,53.0,67.52,20.75,67.05,51.47,65.68,45.51,2,hospital_medicine,<5_years,high,0,0
V147,control,76.51,1,3,204.67,52.84,72.54,23.85,59.15,64.3,60.6,36.61,3,critical_care,<5_years,low,0,0
V148,control,68.58,1,3,195.21,51.0,57.66,18.81,72.61,57.91,59.22,39.77,2,emergency,>=5_years,low,2,0
V149,control,122.93,1,5,196.84,62.51,85.53,20.07,82.76,51.51,89.34,45.88,3,hospital_medicine,<5_years,high,0,0
V150,control,84.61,1,4,192.48,52.38,71.21,22.11,61.33,52.22,64.77,42.66,2,critical_care,>=5_years,high,0,0
V151,control,115.63,1,5,182.4,60.91,80.14,21.1,83.55,52.09,77.75,50.8,3,emergency,<5_years,high,0,0
V152,control,68.93,1,3,183.98,51.17,69.06,16.27,63.79,59.83,62.03,36.06,1,internal_medicine,>=5_years,low,0,0
V153,control,84.64,1,4,195.62,51.5,68.4,18.17,61.28,55.19,65.57,40.36,3,emergency,<5_years,high,3,0
V154,control,76.4,1,3,197.53,48.53,63.92,12.67,58.68,58.05,60.75,37.11,2,internal_medicine,<5_years,low,0,0
V155,control,96.63,1,4,202.7,56.99,68.89,27.25,71.7,64.67,70.23,39.21,1,internal_medicine,<5_years,high,0,0
V156,control,88.46,1,4,201.34,55.96,71.41,20.22,76.69,66.25,64.27,36.9,3,hospital_medicine,<5_years,high,3,0
V157,control,98.69,1,4,196.9,54.0,71.97,20.45,71.06,47.95,69.76,42.82,2,emergency,<5_years,high,3,0
V158,control,121.53,1,5,190.6,60.22,80.6,26.37,87.82,39.47,83.86,43.2,1,critical_care,>=5_years,high,4,0
V159,control,70.41,1,3,207.12,50.58,68.18,19.35,52.72,56.53,62.68,44.01,1,critical_care,<5_years,low,2,0
V160,control,62.67,1,3,167.18,47.17,58.89,15.22,51.68,65.23,58.24,33.74,2,critical_care,>=5_years,low,2,0
V161,control,92.73,1,4,182.45,54.4,67.55,20.85,73.92,53.35,67.75,42.97,2,emergency,>=5_years,high,3,0
V162,control,113.13,1,5,199.62,57.4,78.6,21.27,82.61,45.67,78.84,37.42,3,emergency,>=5_years,high,0,0
V163,control,68.68,1,3,200.77,49.48,59.16,17.65,63.83,60.83,62.82,32.61,1,critical_care,>=5_years,low,2,0
V164,control,68.4,1,3,206.15,53.26,68.25,16.15,66.57,66.89,61.1,40.6,3,critical_care,<5_years,low,0,0
V165,control,116.76,1,5,188.14,61.54,85.1,18.23,78.76,43.97,85.1,58.06,1,hospital_medicine,<5_years,high,4,0
V166,control,117.3,1,5,170.06,59.44,79.27,18.91,81.76,49.86,76.66,50.17,2,emergency,>=5_years,high,0,0
V167,control,98.14,1,4,198.1,57.26,79.29,17.71,77.59,57.62,70.45,40.88,3,hospital_medicine,<5_years,high,3,0
V168,control,78.86,1,3,207.88,50.49,69.52,16.93,62.97,49.39,62.55,41.58,3,emergency,>=5_years,low,0,0
V169,control,71.71,1,3,180.56,49.75,64.61,16.97,61.82,59.25,57.27,38.57,3,emergency,>=5_years,low,0,0
V170,control,121.94,1,5,197.3,61.25,87.19,22.25,77.38,44.61,85.64,50.42,2,hospital_medicine,<5_years,high,0,0
V171,control,73.31,1,3,197.13,47.13,60.04,8.99,61.93,51.22,55.12,45.49,2,emergency,<5_years,low,2,0
V172,control,72.03,1,3,190.4,48.08,56.64,13.57,58.99,58.08,66.52,34.67,3,hospital_medicine,>=5_years,low,0,0
V173,control,115.57,1,5,187.98,61.2,85.58,21.3,82.97,48.53,79.27,49.54,2,critical_care,>=5_years,high,4,0
V174,control,119.05,1,5,204.24,60.06,85.36,21.57,79.48,46.46,82.47,45.02,2,internal_medicine,>=5_years,high,0,0
V175,control,88.56,1,4,171.6,53.77,73.25,20.63,64.49,56.09,65.53,42.65,2,internal_medicine,>=5_years,high,0,0
V176,control,175.84,0,3,183.68,68.61,100.0,28.08,88.14,45.78,90.11,59.53,2,internal_medicine,>=5_years,low,0,0
V177,control,69.6,1,3,177.25,48.19,58.3,11.06,65.8,58.42,62.92,32.63,2,hospital_medicine,>=5_years,low,0,0
V178,control,73.75,1,3,180.5,47.3,62.13,17.15,52.82,52.11,57.89,41.69,2,emergency,<5_years,low,2,0
V179,control,113.47,1,5,187.36,59.08,81.0,21.42,80.15,51.33,75.83,44.73,2,internal_medicine,>=5_years,high,4,0
V180,control,100.4,1,4,203.32,54.55,75.62,16.3,71.36,50.99,73.16,39.86,1,critical_care,<5_years,high,3,0
V181,control,120.58,1,5,186.9,59.83,83.16,16.68,80.46,51.54,78.19,48.95,1,emergency,<5_years,high,0,0
V182,control,117.8,1,5,194.51,59.56,82.45,21.2,76.24,40.65,80.26,56.53,3,internal_medicine,<5_years,high,4,0
V183,control,117.91,1,5,188.48,60.6,75.55,24.65,77.62,50.88,85.46,49.45,3,critical_care,>=5_years,high,4,0
V184,control,123.05,1,5,189.6,60.04,87.91,18.06,71.64,49.13,83.33,50.17,2,critical_care,>=5_years,high,0,0
V185,control,77.26,1,3,187.12,51.23,67.52,20.28,60.11,62.31,62.83,34.32,3,critical_care,<5_years,low,2,0
V186,control,67.77,1,3,204.7,48.44,63.73,10.16,61.92,58.98,57.43,38.42,1,hospital_medicine,<5_years,low,2,0
V187,control,70.24,1,3,174.24,51.35,66.05,10.38,61.16,62.85,65.24,42.46,2,hospital_medicine,>=5_years,low,2,0
V188,control,95.17,1,4,181.5,56.51,72.03,21.4,71.3,53.36,75.79,45.17,1,internal_medicine,>=5_years,high,3,0
V189,control,101.18,1,4,180.07,56.89,82.75,13.22,70.83,55.06,79.64,39.86,3,critical_care,>=5_years,high,3,0
V190,control,113.06,1,5,195.2,58.33,79.1,23.39,74.36,48.44,76.63,48.06,1,internal_medicine,<5_years,high,4,0
V191,control,93.08,1,4,203.99,54.45,71.12,18.32,70.62,50.63,72.15,43.85,1,internal_medicine,>=5_years,high,0,0
V192,control,69.12,1,3,184.55,47.91,64.76,16.38,53.91,61.04,54.84,36.51,3,emergency,<5_years,low,2,0
V193,control,91.95,1,4,193.09,56.47,75.86,28.96,66.44,54.93,72.54,40.06,3,hospital_medicine,>=5_years,high,3,0
V194,control,66.83,1,3,178.13,47.36,59.96,20.15,53.81,53.12,61.67,35.48,3,hospital_medicine,<5_years,low,2,0
V195,control,67.35,1,3,204.35,47.87,55.16,19.39,55.46,65.91,62.23,29.1,1,critical_care,>=5_years,low,2,0
V196,control,114.43,1,5,188.1,62.61,91.06,26.31,82.36,46.4,82.85,46.7,1,critical_care,>=5_years,high,0,0
V197,control,72.66,1,3,189.0,50.25,63.28,20.33,65.1,59.79,63.95,29.03,1,critical_care,<5_years,low,0,0
V198,control,119.63,1,5,186.27,59.94,81.52,20.11,83.06,45.22,80.25,49.46,1,hospital_medicine,>=5_years,high,0,0
V199,control,70.98,1,3,199.31,48.35,62.91,11.45,58.69,60.75,55.07,41.22,1,emergency,<5_years,low,2,0
V200,control,92.85,1,4,176.79,53.98,72.11,17.93,67.7,54.89,70.05,41.21,1,emergency,>=5_years,high,3,0
V201,control,117.83,1,5,181.46,60.33,85.17,23.64,83.02,46.59,76.36,47.23,2,hospital_medicine,<5_years,high,4,0
V202,control,115.16,1,5,191.73,58.56,82.8,22.05,75.64,52.43,75.77,42.7,1,critical_care,>=5_years,high,0,0
V203,control,117.44,1,5,192.93,59.13,79.84,21.64,79.33,44.47,76.93,52.55,2,hospital_medicine,<5_years,high,4,0
V204,control,70.44,1,3,193.05,53.11,66.1,27.11,66.76,58.57,60.61,39.53,2,internal_medicine,<5_years,low,0,0
V205,control,121.22,1,5,202.91,60.91,77.68,26.74,73.05,46.93,89.32,51.76,3,emergency,>=5_years,high,4,0
V206,control,91.94,1,4,196.93,53.23,70.43,15.5,66.84,50.61,71.01,44.98,2,hospital_medicine,<5_years,high,3,0
V207,control,115.24,1,5,193.08,56.66,77.94,21.75,72.79,45.01,78.02,44.43,1,emergency,>=5_years,high,4,0
V208,control,93.6,1,4,182.36,55.23,70.28,27.34,76.72,50.89,69.06,37.12,1,internal_medicine,>=5_years,high,3,0
V209,control,71.64,1,3,192.13,49.97,61.3,23.7,64.64,59.42,57.72,33.03,2,internal_medicine,<5_years,low,0,0
V210,control,106.06,1,5,196.41,60.81,80.19,20.86,77.59,54.35,87.46,44.42,1,internal_medicine,<5_years,high,4,0
V211,control,123.37,1,5,190.74,61.56,81.34,26.54,82.67,45.61,82.0,51.2,3,internal_medicine,>=5_years,high,0,0
V212,control,112.6,1,5,194.14,58.37,77.45,23.65,77.31,45.17,78.37,48.3,2,hospital_medicine,<5_years,high,4,0
V213,control,64.39,1,3,187.5,46.7,55.68,16.73,55.7,63.66,52.46,35.96,2,critical_care,<5_years,low,2,0
V214,control,76.89,1,3,191.71,50.59,61.85,13.99,67.23,63.16,60.31,37.0,2,emergency,>=5_years,low,2,0
V215,control,86.23,1,4,194.53,53.08,70.66,15.75,64.88,61.29,60.51,45.39,2,critical_care,>=5_years,high,3,0
V216,control,70.23,1,3,186.59,49.93,61.9,15.99,58.31,57.5,62.86,43.0,2,internal_medicine,<5_years,low,2,0
V217,control,66.97,1,3,188.39,49.82,69.76,15.96,64.79,55.13,54.97,38.33,2,emergency,>=5_years,low,2,0
V218,control,88.3,1,4,179.36,53.86,71.71,24.72,67.87,48.57,71.41,38.87,2,hospital_medicine,<5_years,high,3,0
V219,control,67.95,1,3,190.48,46.61,58.76,12.23,55.04,50.94,65.41,37.28,1,critical_care,>=5_years,low,0,0
V220,control,73.29,1,3,223.97,50.85,65.77,17.51,57.27,60.89,62.64,41.05,1,emergency,>=5_years,low,0,0
V221,control,66.36,1,3,179.65,49.17,61.56,17.8,56.63,58.61,61.77,38.66,3,critical_care,>=5_years,low,0,0
V222,control,69.62,1,3,180.43,49.8,65.97,19.24,58.7,57.19,61.57,36.11,1,critical_care,<5_years,low,2,0
V223,control,92.19,1,4,191.46,52.63,68.65,18.78,68.84,50.21,67.8,41.48,2,critical_care,<5_years,high,3,0
V224,control,119.6,1,5,195.02,59.59,79.75,25.52,80.5,48.76,78.01,45.0,1,hospital_medicine,>=5_years,high,4,0
V225,control,114.21,1,5,187.12,60.69,86.98,28.47,74.96,49.8,81.69,42.22,3,hospital_medicine,<5_years,high,4,0
V226,control,109.59,1,5,179.13,59.62,77.7,26.05,79.94,45.16,81.71,47.15,3,hospital_medicine,<5_years,high,0,0
V227,control,87.7,1,4,185.94,57.33,75.4,17.97,69.27,61.89,73.56,45.91,1,hospital_medicine,>=5_years,high,3,0
V228,control,117.92,1,5,189.76,57.22,78.54,20.13,81.57,45.59,76.58,40.89,1,internal_medicine,<5_years,high,0,0
V229,control,300.0,0,5,184.6,71.06,100.0,39.47,100.0,8.54,100.0,78.37,3,emergency,<5_years,high,0,0
V230,control,88.94,1,4,185.63,56.8,78.86,21.39,71.49,58.23,71.57,39.24,3,emergency,>=5_years,high,3,0
V231,control,90.99,1,4,197.03,55.44,77.62,22.18,65.93,52.92,72.13,41.85,3,emergency,>=5_years,high,0,0
V232,control,73.84,1,3,190.27,48.53,58.72,13.12,55.28,54.72,66.5,42.85,2,hospital_medicine,<5_years,low,2,0
V233,control,110.19,1,5,188.08,56.88,83.25,18.38,70.2,48.82,75.78,44.85,1,emergency,<5_years,high,4,0
V234,control,66.24,1,3,170.62,47.64,59.07,13.7,56.14,58.06,59.3,39.57,2,emergency,<5_years,low,0,0
V235,control,68.35,1,3,181.75,48.17,64.36,17.75,53.55,56.82,59.17,37.38,2,hospital_medicine,<5_years,low,0,0
V236,control,64.5,1,3,180.74,48.84,64.24,16.41,60.49,63.09,56.11,32.7,3,hospital_medicine,>=5_years,low,2,0
V237,control,66.04,1,3,166.55,49.56,63.34,16.69,57.45,68.66,60.79,30.45,1,emergency,>=5_years,low,0,0
V238,control,75.17,1,3,188.72,49.03,63.6,16.56,59.42,55.94,59.35,39.3,2,hospital_medicine,>=5_years,low,2,0
V239,control,98.22,1,4,188.01,52.71,73.17,15.87,68.89,49.1,69.32,39.9,2,internal_medicine,>=5_years,high,3,0
V240,control,87.95,1,4,194.06,51.0,69.95,13.58,65.91,55.08,66.33,35.12,2,hospital_medicine,>=5_years,high,3,0
V241,control,102.41,1,4,192.37,53.73,72.71,18.12,63.77,55.01,68.32,44.44,1,critical_care,>=5_years,high,3,0
V242,control,206.11,0,4,196.63,69.47,100.0,23.23,100.0,32.56,100.0,61.06,2,internal_medicine,<5_years,high,0,0
V243,control,74.84,1,3,201.54,49.08,60.1,16.74,56.54,64.89,64.75,31.46,2,hospital_medicine,<5_years,low,0,0
V244,control,123.34,1,5,196.18,61.57,85.82,21.86,84.41,51.82,76.85,48.69,2,hospital_medicine,<5_years,high,4,0
V245,control,65.12,1,3,177.15,46.97,60.3,11.32,62.93,61.8,56.76,28.72,1,hospital_medicine,>=5_years,low,0,0
V246,control,100.58,1,4,191.18,55.32,73.25,19.21,70.04,52.19,72.7,44.51,2,emergency,<5_years,high,0,0
V247,control,91.79,1,4,195.46,55.77,76.53,19.52,71.45,53.35,69.84,43.91,2,internal_medicine,>=5_years,high,0,0
V248,control,96.52,1,4,179.16,55.9,74.75,19.44,71.75,52.56,72.69,44.2,3,hospital_medicine,<5_years,high,3,0
V249,control,120.0,1,5,183.91,59.73,77.29,19.37,73.07,48.33,83.43,56.89,2,critical_care,<5_years,high,0,0
V250,control,92.97,1,4,192.59,52.49,66.43,15.93,66.92,49.86,72.33,43.48,2,critical_care,<5_years,high,0,0
V251,control,68.21,1,3,178.77,49.08,67.85,13.47,62.53,52.11,65.18,33.33,2,critical_care,>=5_years,low,0,0
V252,control,103.19,1,4,207.15,56.56,81.63,21.7,73.21,52.96,72.97,36.87,2,hospital_medicine,>=5_years,high,0,0
V253,control,103.2,1,4,184.89,53.74,71.64,19.65,71.42,51.36,65.64,42.71,1,internal_medicine,>=5_years,high,3,0
V254,control,67.8,1,3,198.7,47.89,58.72,13.04,59.99,57.86,59.69,38.03,3,hospital_medicine,>=5_years,low,0,0
V255,control,69.25,1,3,184.02,51.2,59.79,26.59,59.21,60.36,66.97,34.27,1,critical_care,>=5_years,low,0,0
V256,control,91.23,1,4,193.01,56.01,79.76,17.94,62.4,59.63,74.46,41.89,3,critical_care,<5_years,high,3,0
V257,control,70.22,1,3,202.11,50.35,61.41,18.52,57.05,59.0,65.1,41.02,2,emergency,>=5_years,low,2,0
V258,control,91.38,1,4,174.26,54.06,72.15,14.65,73.84,57.76,63.73,42.23,1,emergency,<5_years,high,3,0
V259,control,122.8,1,5,184.67,60.57,82.3,26.24,82.4,47.1,77.49,47.89,2,critical_care,>=5_years,high,4,0
V260,control,71.68,1,3,211.69,48.26,60.44,17.12,59.85,55.31,63.45,33.42,2,hospital_medicine,>=5_years,low,2,0
V261,control,91.25,1,4,185.59,54.35,73.36,17.98,71.34,54.31,61.72,47.4,2,critical_care,>=5_years,high,3,0
V262,control,93.42,1,4,191.06,55.0,72.74,21.92,69.53,54.13,75.17,36.51,3,hospital_medicine,<5_years,high,0,0
V263,control,120.82,1,5,180.09,61.55,80.65,28.6,79.63,50.3,79.95,50.18,2,hospital_medicine,<5_years,high,4,0
V264,control,108.94,1,5,184.45,58.39,74.4,25.27,75.55,49.28,81.44,44.37,2,emergency,>=5_years,high,0,0
V265,control,92.76,1,4,179.05,53.01,69.22,17.56,72.05,43.51,75.01,40.73,3,critical_care,>=5_years,high,3,0
V266,control,65.92,1,3,203.82,48.1,58.12,12.43,63.19,61.86,57.7,35.28,1,critical_care,<5_years,low,0,0
V267,control,111.12,1,5,180.45,62.06,83.71,22.35,79.96,56.95,81.12,48.27,1,critical_care,<5_years,high,4,0
V268,control,74.78,1,3,177.81,50.56,71.65,22.2,68.75,53.1,55.75,31.93,2,critical_care,>=5_years,low,0,0
V269,control,94.31,1,4,217.84,55.36,72.26,16.5,82.05,53.3,71.09,36.98,1,emergency,<5_years,high,0,0
V270,control,113.68,1,5,184.58,59.9,75.72,18.23,82.09,54.84,79.4,49.14,1,emergency,<5_years,high,0,0
V271,control,70.56,1,3,192.57,48.81,58.57,23.0,56.65,60.27,53.17,41.18,3,internal_medicine,>=5_years,low,2,0
V272,control,74.19,1,3,190.55,49.07,57.49,10.13,62.21,57.43,65.77,41.37,1,critical_care,<5_years,low,0,0
V273,control,116.39,1,5,191.26,60.42,85.05,21.18,78.51,47.97,83.89,45.9,1,emergency,<5_years,high,4,0
V274,control,90.96,1,4,195.83,56.37,74.23,14.78,76.09,53.35,74.94,44.83,1,hospital_medicine,>=5_years,high,0,0
V275,control,84.97,1,4,174.22,54.52,72.77,20.1,69.81,58.91,66.26,39.29,2,emergency,>=5_years,high,0,0
V276,control,112.46,1,5,195.56,58.58,78.93,23.56,75.78,46.68,78.45,48.09,3,critical_care,<5_years,high,0,0
V277,control,89.35,1,4,188.57,54.78,71.28,20.16,66.53,56.75,68.19,45.74,3,emergency,<5_years,high,0,0
V278,control,112.59,1,5,190.35,60.08,83.48,21.94,77.06,50.49,83.84,43.66,1,hospital_medicine,<5_years,high,4,0
V279,control,92.81,1,4,193.84,55.05,74.22,17.15,68.59,51.87,70.22,48.27,2,emergency,<5_years,high,3,0
V280,control,100.05,1,4,195.53,54.99,72.05,16.73,73.42,55.26,74.91,37.6,3,emergency,<5_years,high,3,0
V281,control,96.4,1,4,195.48,56.14,76.51,23.82,66.32,64.15,67.17,38.87,2,emergency,>=5_years,high,0,0
V282,control,117.28,1,5,191.18,59.28,85.64,24.36,79.81,43.54,81.77,40.58,3,internal_medicine,>=5_years,high,4,0
V283,control,67.73,1,3,183.71,52.84,63.97,17.06,68.0,61.96,68.8,37.28,2,emergency,<5_years,low,2,0
V284,control,87.5,1,4,185.78,54.11,69.9,14.68,63.83,62.09,69.77,44.4,1,emergency,>=5_years,high,0,0
V285,control,113.06,1,5,195.4,59.14,79.19,20.56,77.9,47.09,80.07,50.02,2,critical_care,<5_years,high,4,0
V286,control,105.51,1,5,179.28,57.49,77.61,23.91,79.49,49.76,72.33,41.87,1,critical_care,>=5_years,high,4,0
V287,control,70.93,1,3,193.66,49.78,60.71,20.26,57.66,59.11,65.62,35.35,1,critical_care,>=5_years,low,2,0
V288,control,74.72,1,3,186.5,50.71,60.86,18.73,67.24,60.1,64.19,33.13,1,emergency,>=5_years,low,2,0
V289,control,66.95,1,3,190.31,45.94,66.84,11.2,52.79,57.25,61.96,25.59,1,hospital_medicine,<5_years,low,2,0
V290,control,95.41,1,4,189.57,55.21,72.08,18.9,70.21,49.19,72.96,47.91,1,hospital_medicine,<5_years,high,3,0
V291,control,69.43,1,3,196.01,52.83,68.36,19.78,61.27,65.29,67.24,35.05,1,internal_medicine,<5_years,low,0,0
V292,control,68.63,1,3,185.67,49.71,60.95,19.7,55.51,55.85,68.03,38.22,3,emergency,<5_years,low,2,0
V293,control,86.1,1,4,177.24,53.7,72.56,12.0,72.88,54.23,72.31,38.2,2,critical_care,<5_years,high,3,0
V294,control,90.26,1,4,185.14,55.43,71.03,22.59,68.52,60.94,68.03,41.44,2,internal_medicine,<5_years,high,3,0
V295,control,108.78,1,5,193.97,60.75,82.47,25.08,80.71,53.5,77.67,45.09,3,hospital_medicine,<5_years,high,4,0
V296,control,95.48,1,4,198.58,51.33,69.37,14.28,65.81,47.14,71.22,40.15,2,emergency,>=5_years,high,0,0
V297,control,117.3,1,5,192.97,58.04,82.35,23.53,68.06,42.72,83.91,47.65,1,internal_medicine,>=5_years,high,0,0
V298,control,68.95,1,3,175.47,45.78,56.07,15.67,53.66,57.1,61.67,30.5,2,emergency,>=5_years,low,0,0
V299,control,88.08,1,4,186.95,53.01,71.46,22.64,61.55,52.4,72.08,37.95,2,hospital_medicine,>=5_years,high,3,0
V300,control,94.17,1,4,192.08,53.44,68.81,15.82,65.15,52.15,71.32,47.37,1,internal_medicine,<5_years,high,3,0
V301,control,64.68,1,3,188.88,46.94,58.5,19.51,59.7,58.08,57.95,27.92,2,emergency,>=5_years,low,2,0
V302,control,108.71,1,5,176.01,58.3,77.17,23.99,76.63,49.97,80.9,41.16,1,hospital_medicine,<5_years,high,0,0
V303,control,117.37,1,5,180.55,58.2,82.44,21.43,74.81,46.36,81.21,42.96,2,critical_care,<5_years,high,4,0
V304,control,93.46,1,4,193.82,54.93,72.78,19.53,73.15,55.02,68.5,40.59,1,internal_medicine,<5_years,high,0,0
V305,control,123.07,1,5,194.9,60.41,87.45,22.31,76.08,48.09,81.19,47.38,2,critical_care,<5_years,high,4,0
V306,control,119.24,1,5,183.4,60.14,85.01,13.82,80.16,44.33,86.97,50.56,1,hospital_medicine,>=5_years,high,4,0
V307,control,84.4,1,4,197.41,52.48,68.29,13.66,69.55,53.76,72.95,36.69,2,critical_care,>=5_years,high,3,0
V308,control,72.88,1,3,179.29,49.96,67.46,17.44,63.19,58.82,60.56,32.32,1,emergency,>=5_years,low,2,0
V309,control,93.71,1,4,186.07,55.72,73.64,25.11,70.23,51.55,76.9,36.86,1,emergency,>=5_years,high,0,0
V310,control,85.32,1,4,165.47,51.72,69.43,15.07,69.5,58.73,63.1,34.47,3,internal_medicine,>=5_years,high,3,0
V311,control,123.04,1,5,180.43,59.36,80.77,8.28,78.53,42.35,90.12,56.11,2,emergency,<5_years,high,0,0
V312,control,94.62,1,4,193.37,52.41,67.78,16.54,59.41,59.21,75.02,36.52,1,internal_medicine,>=5_years,high,3,0
V313,control,83.64,1,4,176.91,51.65,76.05,19.67,66.02,54.37,65.17,28.58,2,hospital_medicine,>=5_years,high,3,0
V314,control,117.35,1,5,193.06,61.29,81.63,28.04,82.71,48.27,75.99,51.11,3,internal_medicine,<5_years,high,4,0
V315,control,114.33,1,5,177.17,59.86,76.08,24.76,79.36,51.25,81.93,45.76,2,hospital_medicine,<5_years,high,4,0
V316,control,60.31,1,3,189.18,45.46,55.55,14.65,58.24,58.17,49.65,36.49,2,emergency,>=5_years,low,2,0
V317,control,85.3,1,4,175.13,55.79,72.97,24.07,63.75,55.01,71.28,47.69,2,hospital_medicine,>=5_years,high,3,0
V318,control,65.3,1,3,186.26,48.88,54.71,22.29,61.23,62.28,62.46,30.34,1,critical_care,>=5_years,low,2,0
V319,control,89.75,1,4,204.31,55.71,72.48,18.54,74.68,58.14,66.44,43.98,3,internal_medicine,>=5_years,high,0,0
V320,control,88.6,1,4,190.64,52.19,74.41,17.4,62.87,45.81,66.79,45.89,1,hospital_medicine,>=5_years,high,0,0
V321,control,68.5,1,3,197.43,51.47,66.26,18.99,61.79,62.82,60.96,37.96,3,emergency,<5_years,low,0,0
V322,control,115.86,1,5,187.48,59.48,88.12,12.58,82.21,44.96,76.27,52.76,1,emergency,>=5_years,high,4,0
V323,control,85.52,1,4,185.22,53.88,69.73,22.54,65.38,52.35,71.88,41.39,2,internal_medicine,<5_years,high,3,0
V324,control,89.94,1,4,183.37,51.83,70.24,13.68,72.76,53.26,67.57,33.47,1,internal_medicine,>=5_years,high,3,0
V325,control,120.07,1,5,204.29,60.36,84.36,28.01,83.32,46.52,79.23,40.71,2,emergency,<5_years,high,4,0
V326,control,71.24,1,3,176.14,50.77,60.4,21.18,64.46,57.97,62.02,38.56,1,hospital_medicine,<5_years,low,0,0
V327,control,114.06,1,5,195.88,63.67,86.84,24.04,75.76,52.55,86.18,56.68,3,hospital_medicine,>=5_years,high,4,0
V328,control,98.66,1,4,211.34,57.02,77.86,24.25,68.81,53.36,74.37,43.45,3,hospital_medicine,>=5_years,high,0,0
V329,control,281.38,0,3,183.95,68.95,100.0,38.9,100.0,4.37,100.0,70.42,1,emergency,<5_years,low,0,0
V330,control,117.72,1,5,203.46,58.61,81.26,17.41,80.64,42.77,83.33,46.24,3,hospital_medicine,<5_years,high,4,0
V331,control,117.11,1,5,182.45,62.3,85.16,33.77,78.33,42.23,82.86,51.45,2,hospital_medicine,>=5_years,high,0,0
V332,control,91.07,1,4,195.51,52.63,75.94,10.78,72.23,51.2,65.89,39.74,1,internal_medicine,>=5_years,high,3,0
V333,control,108.91,1,5,181.48,58.66,77.49,24.49,76.46,49.29,80.03,44.19,3,hospital_medicine,>=5_years,high,4,0
V334,control,118.11,1,5,201.92,61.22,79.78,26.1,79.04,46.45,85.74,50.19,3,critical_care,<5_years,high,0,0
V335,control,70.62,1,3,186.43,51.51,64.33,22.7,58.72,60.64,63.5,39.19,1,hospital_medicine,<5_years,low,0,0
V336,control,112.43,1,5,186.38,57.85,80.01,19.69,75.46,49.88,80.15,41.93,3,critical_care,<5_years,high,4,0
V337,control,116.47,1,5,179.2,57.65,80.4,15.83,78.08,42.4,82.88,46.31,1,hospital_medicine,>=5_years,high,0,0
V338,control,72.74,1,3,197.97,52.44,66.54,22.44,63.32,61.88,65.62,34.83,2,hospital_medicine,>=5_years,low,2,0
V339,control,75.87,1,3,196.92,51.71,67.54,13.33,67.95,61.98,63.26,36.22,2,internal_medicine,>=5_years,low,2,0
V340,control,89.74,1,4,183.19,51.85,66.76,20.48,64.25,49.97,69.67,39.99,1,hospital_medicine,<5_years,high,3,0
V341,control,60.83,1,3,181.95,46.02,56.84,15.18,59.29,50.5,60.93,33.38,3,hospital_medicine,<5_years,low,2,0
V342,control,195.46,0,4,187.46,69.11,99.17,22.71,95.68,34.51,100.0,62.58,2,emergency,<5_years,high,0,0
V343,control,116.6,1,5,170.12,58.69,79.23,11.94,82.93,46.83,85.14,46.08,2,critical_care,<5_years,high,0,0
V344,control,86.56,1,4,181.99,55.58,69.87,23.04,76.05,54.68,64.91,44.95,3,hospital_medicine,>=5_years,high,3,0
V345,control,300.0,0,4,196.02,71.57,100.0,37.04,100.0,7.64,100.0,84.72,2,emergency,>=5_years,high,0,0
V346,control,90.3,1,4,186.86,56.25,73.35,17.72,69.69,55.21,78.87,42.64,1,critical_care,<5_years,high,0,0
V347,control,95.82,1,4,181.17,52.9,69.11,16.95,64.23,55.68,69.46,41.95,1,emergency,>=5_years,high,0,0
V348,control,114.22,1,5,190.25,58.25,85.39,22.23,76.55,41.44,76.14,47.74,1,internal_medicine,<5_years,high,4,0
V349,control,112.03,1,5,189.13,57.54,75.48,17.05,71.76,46.7,77.02,57.21,3,hospital_medicine,<5_years,high,0,0
V350,control,114.11,1,5,185.33,59.64,85.76,23.8,77.13,45.77,80.94,44.45,1,hospital_medicine,<5_years,high,0,0
V351,control,126.9,1,5,193.64,61.52,86.5,20.64,79.28,49.46,87.29,45.96,1,critical_care,>=5_years,high,0,0
V352,control,109.26,1,5,194.82,56.84,79.46,17.35,74.9,42.73,82.65,43.97,3,emergency,>=5_years,high,0,0
V353,control,81.68,1,3,182.78,52.21,69.33,13.07,60.54,63.4,67.42,39.49,2,emergency,>=5_years,low,2,0
V354,control,118.57,1,5,203.01,60.65,74.47,25.04,77.54,50.63,88.59,47.61,3,critical_care,<5_years,high,0,0
V355,control,70.87,1,3,202.85,50.14,59.77,14.35,66.49,58.81,65.3,36.12,2,critical_care,>=5_years,low,0,0
V356,control,100.43,1,4,196.32,56.05,76.81,22.21,70.62,54.99,71.17,40.48,3,internal_medicine,<5_years,high,3,0
V357,control,104.39,1,5,191.91,57.72,85.55,16.49,69.39,53.78,74.63,46.45,2,internal_medicine,<5_years,high,4,0
V358,control,112.63,1,5,191.45,58.87,79.48,24.39,82.59,53.31,71.87,41.59,1,critical_care,<5_years,high,4,0
V359,control,115.26,1,5,184.29,59.75,89.44,20.03,73.12,50.78,76.32,48.8,3,emergency,<5_years,high,4,0
V360,control,99.55,1,5,190.89,56.84,77.65,25.79,73.67,47.72,72.94,43.27,1,hospital_medicine,<5_years,high,4,0
V361,control,111.19,1,5,209.14,61.75,74.86,25.66,80.45,55.07,86.9,47.54,2,critical_care,>=5_years,high,4,0
V362,control,95.72,1,4,184.79,50.42,72.22,11.99,63.86,45.46,69.79,39.21,3,hospital_medicine,>=5_years,high,0,0
V363,control,118.38,1,5,192.88,59.27,83.54,22.12,77.52,45.95,85.37,41.11,3,internal_medicine,>=5_years,high,4,0
V364,control,64.73,1,3,177.75,48.51,64.04,15.75,53.33,63.95,55.95,38.05,1,emergency,<5_years,low,0,0
V365,control,73.09,1,3,195.51,52.4,68.73,13.76,67.96,58.02,65.51,40.43,1,critical_care,>=5_years,low,2,0
V366,control,71.99,1,3,189.85,45.3,58.71,14.3,57.94,53.78,57.06,30.01,3,emergency,<5_years,low,0,0
V367,control,65.73,1,3,187.38,47.85,62.14,18.82,54.41,57.74,51.34,42.63,1,emergency,<5_years,low,2,0
V368,control,118.6,1,5,211.66,57.26,82.88,28.02,71.33,45.99,75.29,40.06,2,emergency,<5_years,high,0,0
V369,control,92.08,1,4,204.11,55.09,76.45,17.81,63.07,55.89,70.49,46.81,3,emergency,>=5_years,high,0,0
V370,control,89.05,1,4,189.52,54.75,73.86,13.06,71.5,63.65,67.13,39.33,3,hospital_medicine,<5_years,high,0,0
V371,control,69.74,1,3,196.84,47.77,54.9,13.77,55.25,67.78,60.21,34.73,1,critical_care,>=5_years,low,2,0
V372,control,69.61,1,3,199.07,49.97,60.09,16.13,65.8,58.23,59.49,40.09,2,emergency,>=5_years,low,0,0
V373,control,73.37,1,3,173.5,48.77,60.78,14.74,56.49,61.27,66.59,32.75,2,emergency,>=5_years,low,2,0
V374,control,117.5,1,5,203.52,60.06,83.5,21.63,77.84,55.28,77.01,45.12,2,emergency,<5_years,high,0,0
V375,control,73.13,1,3,194.34,49.19,61.29,19.2,58.08,56.05,64.94,35.58,3,emergency,<5_years,low,0,0
V376,control,117.83,1,5,199.91,59.68,82.59,26.38,74.0,50.02,83.44,41.61,3,internal_medicine,<5_years,high,0,0
V377,control,98.84,1,4,173.44,58.05,71.12,26.87,75.99,53.9,73.21,47.23,3,critical_care,<5_years,high,0,0
V378,control,65.76,1,3,181.33,49.7,68.24,14.92,61.22,64.13,57.22,32.46,1,hospital_medicine,<5_years,low,2,0
V379,control,68.37,1,3,191.86,47.61,62.78,12.4,53.6,62.6,59.76,34.49,1,hospital_medicine,<5_years,low,2,0
V380,control,99.22,1,4,177.33,58.35,76.36,28.03,68.05,54.51,77.46,45.71,3,hospital_medicine,>=5_years,high,3,0
V381,control,99.54,1,4,189.26,55.09,72.84,19.61,72.46,48.78,76.78,40.06,3,emergency,>=5_years,high,0,0
V382,control,121.36,1,5,195.05,60.59,83.61,19.39,80.83,43.52,85.48,50.72,1,internal_medicine,<5_years,high,4,0
V383,control,90.33,1,4,185.79,54.51,78.31,21.62,70.45,51.92,70.98,33.76,3,critical_care,<5_years,high,3,0
V384,control,122.86,1,5,193.65,60.51,82.46,17.91,73.22,47.44,82.87,59.13,1,internal_medicine,>=5_years,high,0,0
V385,control,110.31,1,5,188.39,57.33,82.0,17.96,74.34,47.28,81.1,41.32,1,hospital_medicine,>=5_years,high,4,0
V386,control,98.52,1,4,205.97,56.82,77.91,23.06,64.88,50.44,76.25,48.42,2,critical_care,<5_years,high,3,0
V387,control,111.65,1,5,168.02,56.41,80.6,14.18,77.54,42.19,72.46,51.46,2,internal_medicine,>=5_years,high,4,0
V388,control,98.64,1,4,201.62,59.33,77.99,20.14,73.82,60.19,77.95,45.9,1,critical_care,>=5_years,high,3,0
V389,control,87.57,1,4,195.49,50.99,69.5,17.79,66.95,51.14,65.21,35.36,2,critical_care,>=5_years,high,3,0
V390,control,68.31,1,3,181.88,47.54,59.59,10.84,52.64,64.35,59.24,38.59,1,hospital_medicine,<5_years,low,2,0
V391,control,75.11,1,3,191.84,54.45,70.45,22.51,66.02,61.5,63.33,42.9,3,critical_care,>=5_years,low,0,0
V392,control,89.82,1,4,194.82,53.86,69.98,19.23,66.81,47.75,78.08,41.34,3,emergency,<5_years,high,3,0
V393,control,120.99,1,5,185.55,59.57,86.12,20.37,71.9,39.69,83.45,55.89,1,internal_medicine,>=5_years,high,4,0
V394,control,116.84,1,5,198.51,59.39,82.91,27.15,79.41,41.19,75.89,49.79,1,internal_medicine,>=5_years,high,4,0
V395,control,94.98,1,4,186.76,58.05,72.1,21.57,73.27,56.09,80.33,44.96,3,hospital_medicine,>=5_years,high,3,0
V396,control,119.7,1,5,197.58,61.28,81.78,21.88,81.48,49.75,81.12,51.68,2,emergency,>=5_years,high,0,0
V397,control,119.28,1,5,200.24,56.64,79.46,23.65,76.82,41.12,77.24,41.54,1,internal_medicine,<5_years,high,0,0
V398,control,103.42,1,4,203.27,57.23,75.24,25.51,74.98,58.22,72.38,37.08,3,critical_care,<5_years,high,0,0
V399,control,89.91,1,4,181.5,55.02,70.22,22.4,62.07,56.12,70.12,49.17,1,hospital_medicine,<5_years,high,3,0
V400,control,91.12,1,4,184.88,53.43,70.43,20.09,64.6,51.33,71.96,42.15,3,internal_medicine,>=5_years,high,3,0
V401,control,126.14,1,5,175.4,59.45,78.96,17.85,76.46,51.9,78.56,53.0,3,internal_medicine,<5_years,high,4,0
V402,control,95.62,1,4,206.9,56.14,73.76,18.18,70.46,53.57,78.3,42.54,3,hospital_medicine,<5_years,high,0,0
V403,control,129.14,1,5,181.26,61.86,90.2,23.99,87.66,39.47,82.09,47.76,3,hospital_medicine,<5_years,high,4,0
V404,control,68.1,1,3,184.58,51.86,66.27,15.41,64.23,66.28,58.93,40.03,1,critical_care,<5_years,low,0,0
V405,control,110.47,1,5,194.91,56.77,73.67,25.34,75.91,49.4,78.19,38.11,1,critical_care,<5_years,high,4,0
V406,control,68.42,1,3,184.76,47.87,61.39,15.89,54.38,58.83,59.54,37.19,1,internal_medicine,>=5_years,low,2,0
V407,control,62.11,1,3,190.35,46.62,56.68,10.72,54.92,67.41,61.38,28.63,2,critical_care,<5_years,low,2,0
V408,control,68.86,1,3,183.28,48.62,63.74,19.42,52.03,58.05,64.88,33.58,1,internal_medicine,>=5_years,low,2,0
V409,control,70.41,1,3,190.36,49.89,65.16,12.09,66.91,61.49,60.54,33.14,1,hospital_medicine,>=5_years,low,0,0
V410,control,66.89,1,3,181.95,51.69,66.41,16.58,60.01,63.25,67.85,36.04,2,emergency,<5_years,low,2,0
V411,control,64.84,1,3,193.3,52.05,65.93,17.07,59.76,64.19,65.46,39.88,3,emergency,>=5_years,low,0,0
V412,control,121.9,1,5,196.58,59.61,85.61,12.9,78.23,49.25,80.06,51.59,1,emergency,>=5_years,high,4,0
V413,control,72.76,1,3,190.86,49.78,60.07,14.75,59.2,63.47,64.51,36.66,1,critical_care,<5_years,low,2,0
V414,control,73.0,1,3,175.43,51.16,69.58,16.7,61.57,64.02,62.28,32.79,1,internal_medicine,<5_years,low,2,0
V415,control,93.86,1,4,188.91,56.02,73.86,19.17,71.99,52.21,71.17,47.69,1,emergency,>=5_years,high,3,0
V416,control,116.82,1,5,190.74,59.73,80.63,25.04,77.96,47.2,83.05,44.52,1,critical_care,<5_years,high,4,0
V417,control,64.86,1,3,198.21,46.03,54.37,14.88,55.51,62.57,54.32,34.51,1,hospital_medicine,<5_years,low,2,0
V418,control,118.04,1,5,189.07,57.73,80.83,13.65,76.73,41.57,80.65,52.97,1,hospital_medicine,>=5_years,high,4,0
V419,control,88.41,1,4,189.03,52.26,75.4,13.72,65.14,60.13,58.71,40.46,2,hospital_medicine,>=5_years,high,0,0
V420,control,98.32,1,4,190.49,57.31,82.66,19.14,80.39,59.38,63.7,38.56,3,hospital_medicine,>=5_years,high,0,0
V421,control,111.64,1,5,202.47,58.94,80.25,21.47,80.01,48.73,79.32,43.83,1,hospital_medicine,<5_years,high,0,0
V422,control,94.94,1,4,194.25,57.15,78.22,22.84,66.95,52.56,76.16,46.14,2,emergency,>=5_years,high,3,0
V423,control,68.77,1,3,198.97,48.79,57.27,13.43,64.81,57.28,61.77,38.16,3,critical_care,<5_years,low,2,0
V424,control,70.02,1,3,168.93,51.15,63.85,18.26,61.06,56.53,67.8,39.37,3,hospital_medicine,>=5_years,low,2,0
V425,control,116.94,1,5,193.2,60.32,85.34,16.45,79.69,49.51,82.66,48.26,2,emergency,>=5_years,high,4,0
V426,control,135.3,1,5,187.09,65.51,96.43,31.27,85.23,42.46,86.48,51.19,1,hospital_medicine,<5_years,high,0,0
V427,control,111.81,1,5,186.37,58.59,82.89,16.1,75.73,53.34,74.76,48.7,3,critical_care,>=5_years,high,4,0
V428,control,113.26,1,5,173.09,59.69,87.33,22.93,75.64,48.37,75.07,48.82,1,hospital_medicine,>=5_years,high,0,0
V429,control,66.44,1,3,202.98,48.3,65.25,18.96,55.81,57.65,55.42,36.69,3,critical_care,>=5_years,low,0,0
V430,control,94.72,1,4,181.16,54.76,73.45,17.84,75.07,52.22,70.16,39.81,3,hospital_medicine,<5_years,high,3,0
V431,control,90.03,1,4,198.78,54.47,73.67,15.06,65.37,57.65,68.43,46.65,2,emergency,>=5_years,high,0,0
V432,control,111.42,1,5,180.47,59.1,81.28,24.93,71.44,52.25,79.82,44.91,3,emergency,>=5_years,high,4,0
V433,control,89.07,1,4,194.96,55.15,73.25,20.92,71.83,50.61,64.81,49.5,2,hospital_medicine,<5_years,high,3,0
V434,control,64.2,1,3,196.21,48.37,62.18,17.64,55.56,63.97,58.06,32.83,3,internal_medicine,<5_years,low,0,0
V435,control,88.96,1,4,187.24,54.7,73.53,18.29,69.24,55.81,70.38,40.95,3,emergency,>=5_years,high,0,0
V436,control,91.74,1,4,170.58,55.75,72.71,19.17,72.3,53.84,73.04,43.47,3,hospital_medicine,<5_years,high,3,0
V437,control,87.01,1,4,187.66,53.87,67.02,19.63,60.06,57.9,75.78,42.81,2,internal_medicine,<5_years,high,0,0
V438,control,123.51,1,5,188.8,62.95,85.37,18.59,89.35,49.13,88.03,47.22,2,hospital_medicine,<5_years,high,4,0
V439,control,105.42,1,5,190.48,59.18,82.69,24.51,76.75,55.13,73.24,42.78,2,hospital_medicine,<5_years,high,4,0
V440,control,88.27,1,4,183.67,54.91,66.25,18.9,75.59,56.68,70.97,41.07,3,hospital_medicine,>=5_years,high,3,0
V441,control,64.26,1,3,196.92,51.81,57.39,20.22,64.7,65.54,62.61,40.4,2,critical_care,<5_years,low,2,0
V442,control,226.74,0,5,206.47,70.14,100.0,32.39,100.0,22.25,100.0,66.21,3,critical_care,<5_years,high,0,0
V443,control,69.74,1,3,188.36,50.58,65.4,19.3,63.97,58.48,58.01,38.3,1,hospital_medicine,<5_years,low,0,0
V444,control,127.23,1,5,176.83,62.4,91.92,19.61,82.19,39.38,90.59,50.72,1,critical_care,<5_years,high,4,0
V445,control,208.75,0,4,187.78,71.35,100.0,30.94,100.0,29.12,100.0,68.02,3,internal_medicine,>=5_years,high,0,0
V446,control,170.76,0,3,189.64,65.17,94.71,23.5,91.61,36.77,92.49,51.91,3,hospital_medicine,>=5_years,low,0,0
V447,control,94.63,1,4,203.93,53.67,77.02,16.24,66.33,54.4,67.36,40.69,1,critical_care,<5_years,high,0,0
V448,control,62.93,1,3,185.08,50.85,67.11,20.43,53.96,57.73,62.6,43.27,3,hospital_medicine,<5_years,low,2,0
V449,control,109.45,1,5,200.72,59.0,76.86,21.96,77.7,48.98,81.66,46.8,3,internal_medicine,>=5_years,high,0,0
V450,control,73.5,1,3,176.36,50.03,62.61,12.27,63.1,67.49,61.84,32.83,2,critical_care,>=5_years,low,0,0
V451,control,77.76,1,3,200.36,47.3,61.15,12.5,54.76,60.16,60.5,34.72,2,critical_care,>=5_years,low,0,0
V452,control,88.31,1,4,178.73,52.19,72.39,20.56,66.48,50.94,63.97,38.81,1,emergency,<5_years,high,0,0
V453,control,91.54,1,4,184.92,52.1,74.54,11.0,67.19,53.4,69.04,37.46,1,emergency,<5_years,high,3,0
V454,control,106.03,1,5,193.44,60.69,78.07,27.06,79.99,55.52,80.47,43.03,2,emergency,>=5_years,high,0,0
V455,control,70.0,1,3,206.81,51.23,63.43,14.58,63.31,67.41,63.97,34.7,1,critical_care,<5_years,low,0,0
V456,control,94.25,1,4,185.81,54.62,77.93,19.84,69.04,51.06,71.54,38.29,2,emergency,>=5_years,high,3,0
V457,control,89.14,1,4,183.78,51.85,75.72,19.52,61.37,49.57,64.93,39.99,3,internal_medicine,<5_years,high,3,0
V458,control,93.6,1,4,189.06,56.09,74.04,17.32,71.35,56.37,77.21,40.28,2,hospital_medicine,<5_years,high,3,0
V459,control,86.97,1,4,180.48,54.18,68.01,26.39,60.54,59.11,72.93,38.07,2,critical_care,>=5_years,high,3,0
V460,control,67.9,1,3,198.12,50.55,67.93,20.41,57.46,60.38,55.41,41.7,1,critical_care,<5_years,low,2,0
V461,control,127.31,1,5,203.74,61.2,87.51,18.9,84.0,45.08,85.76,45.97,2,hospital_medicine,>=5_years,high,4,0
V462,control,92.22,1,4,196.22,56.27,74.22,27.98,69.09,60.79,66.72,38.85,2,emergency,<5_years,high,0,0
V463,control,95.29,1,4,192.98,54.84,75.08,17.17,68.6,56.85,72.24,39.11,1,critical_care,>=5_years,high,3,0
V464,control,94.54,1,4,178.02,54.77,71.79,12.24,71.05,53.41,74.5,45.61,3,internal_medicine,>=5_years,high,0,0
V465,control,122.93,1,5,199.57,63.6,91.2,26.71,84.7,46.82,83.22,48.93,2,internal_medicine,>=5_years,high,4,0
V466,control,116.87,1,5,201.48,59.1,83.44,23.24,77.16,45.33,80.87,44.54,1,emergency,>=5_years,high,0,0
V467,control,116.24,1,5,188.85,57.85,80.53,9.85,75.63,49.32,85.07,46.72,2,hospital_medicine,<5_years,high,4,0
V468,control,99.87,1,4,194.92,56.09,69.35,24.99,71.13,51.98,76.19,42.93,3,critical_care,>=5_years,high,0,0
V469,control,101.05,1,4,199.87,54.03,75.56,17.56,72.45,51.33,67.35,39.9,3,internal_medicine,>=5_years,high,0,0
V470,control,116.98,1,5,194.53,60.1,80.78,14.67,77.65,52.04,79.14,56.32,3,emergency,<5_years,high,0,0
V471,control,93.31,1,4,187.33,55.55,76.88,18.21,70.3,53.8,75.79,38.33,1,critical_care,<5_years,high,3,0
V472,control,64.43,1,3,201.6,47.58,56.21,8.25,62.71,65.47,60.98,31.87,3,internal_medicine,>=5_years,low,0,0
V473,control,94.83,1,4,198.28,57.18,77.76,21.93,74.29,57.38,68.93,42.78,2,emergency,>=5_years,high,3,0
V474,control,92.89,1,4,180.57,53.65,72.25,19.5,66.44,52.62,68.48,42.61,2,emergency,<5_years,high,0,0
V475,control,118.33,1,5,192.37,60.23,83.75,22.42,83.8,47.9,77.17,46.32,1,internal_medicine,<5_years,high,0,0
V476,control,112.09,1,5,189.26,61.13,82.65,22.51,69.45,51.5,86.9,53.75,2,internal_medicine,>=5_years,high,0,0
V477,control,112.3,1,5,187.4,60.05,85.37,23.72,76.52,51.94,77.59,45.18,1,emergency,>=5_years,high,0,0
V478,control,110.88,1,5,187.59,58.83,81.89,15.61,75.81,51.26,82.76,45.66,1,emergency,>=5_years,high,4,0
V479,control,88.07,1,4,188.26,55.17,73.68,21.78,67.87,52.47,70.68,44.53,1,critical_care,>=5_years,high,3,0
V480,control,67.33,1,3,190.13,47.4,56.4,16.08,57.12,61.18,59.98,33.67,1,emergency,<5_years,low,2,0
V481,control,95.78,1,4,181.12,56.16,71.81,19.45,71.02,60.94,72.52,41.26,3,hospital_medicine,<5_years,high,0,0
V482,control,69.7,1,3,203.05,50.23,65.0,18.12,59.06,64.46,50.44,44.31,3,emergency,<5_years,low,2,0
V483,control,79.94,1,3,178.46,52.81,71.56,19.44,69.97,58.24,59.98,37.65,3,emergency,>=5_years,low,2,0
V484,control,86.9,1,4,191.16,53.2,70.47,10.32,70.26,60.45,68.34,39.34,3,critical_care,<5_years,high,0,0
V485,control,89.64,1,4,195.34,55.8,75.61,15.66,70.03,58.73,71.14,43.63,3,critical_care,>=5_years,high,3,0
V486,control,99.32,1,4,184.58,53.34,72.96,10.34,68.46,53.13,73.7,41.43,2,internal_medicine,>=5_years,high,3,0
V487,control,120.97,1,5,193.49,60.56,82.77,19.85,82.02,51.35,77.39,50.01,1,emergency,<5_years,high,4,0
V488,control,86.08,1,4,206.87,52.04,61.07,13.09,67.47,56.17,71.13,43.29,2,hospital_medicine,>=5_years,high,3,0
V489,control,129.46,1,5,172.19,59.57,85.98,18.72,83.72,42.53,84.61,41.87,2,internal_medicine,<5_years,high,4,0
V490,control,117.28,1,5,187.05,57.84,86.78,20.51,75.7,42.04,77.5,44.48,3,emergency,>=5_years,high,4,0
V491,control,94.96,1,4,176.12,51.54,65.77,21.27,69.53,49.39,67.15,36.12,2,critical_care,<5_years,high,0,0
V492,control,77.22,1,3,192.28,50.0,62.14,18.96,56.69,59.47,63.06,39.66,2,internal_medicine,>=5_years,low,2,0
V493,control,93.29,1,4,201.55,52.36,70.0,17.92,62.49,58.63,63.28,41.82,1,emergency,<5_years,high,3,0
V494,control,117.43,1,5,174.67,58.03,85.77,17.42,77.36,42.99,75.87,48.77,1,hospital_medicine,<5_years,high,4,0
V495,control,112.13,1,5,196.99,58.44,81.13,16.95,77.07,45.48,80.24,49.8,3,emergency,>=5_years,high,4,0
V496,control,68.15,1,3,195.21,48.41,62.02,16.8,55.2,63.19,54.99,38.26,2,internal_medicine,<5_years,low,0,0
V497,control,69.09,1,3,185.98,48.46,64.16,7.83,64.19,58.82,57.32,38.47,3,internal_medicine,<5_years,low,0,0
V498,control,69.29,1,3,198.69,47.98,63.94,19.32,57.16,52.77,54.5,40.19,2,internal_medicine,>=5_years,low,0,0
V499,control,66.96,1,3,188.46,48.52,62.96,20.99,50.92,62.54,62.3,31.39,2,critical_care,<5_years,low,2,0
V500,control,79.67,1,3,176.86,49.84,63.28,14.97,65.27,50.19,64.75,40.6,1,emergency,>=5_years,low,2,0
V501,control,101.67,1,5,180.6,56.28,73.1,12.52,72.32,54.1,81.86,43.8,1,critical_care,>=5_years,high,4,0
V502,control,114.0,1,5,179.36,57.46,78.93,16.27,77.2,52.83,72.58,46.94,1,hospital_medicine,<5_years,high,0,0
V503,control,94.31,1,4,196.29,55.71,74.2,21.75,68.78,62.58,72.49,34.44,3,internal_medicine,>=5_years,high,3,0
V504,control,63.65,1,3,205.29,45.32,56.42,17.44,49.0,55.69,58.49,34.89,2,hospital_medicine,<5_years,low,0,0
V505,control,95.56,1,4,181.21,55.26,66.35,23.99,72.65,49.79,72.13,46.64,3,internal_medicine,<5_years,high,3,0
V506,control,108.43,1,5,186.46,57.88,78.66,17.55,76.99,45.57,79.88,48.63,2,critical_care,<5_years,high,4,0
V507,control,70.19,1,3,204.48,48.82,57.87,19.3,51.68,59.4,55.59,49.07,1,emergency,<5_years,low,2,0
V508,control,70.06,1,3,188.27,50.84,65.21,12.91,66.15,60.54,59.34,40.88,1,hospital_medicine,<5_years,low,2,0
V509,control,110.12,1,5,184.79,59.36,77.92,28.68,74.84,52.32,79.87,42.5,3,internal_medicine,<5_years,high,0,0
V510,control,73.47,1,3,169.39,51.2,62.93,19.03,59.97,60.79,64.06,40.41,1,emergency,<5_years,low,2,0
V511,control,75.63,1,3,175.42,52.65,65.28,18.23,59.26,68.47,64.57,40.08,1,emergency,<5_years,low,0,0
V512,control,116.34,1,5,176.04,59.62,81.04,23.4,83.46,46.68,76.44,46.72,2,critical_care,>=5_years,high,4,0
V513,control,70.4,1,3,183.05,52.18,57.1,17.93,66.97,68.09,58.74,44.25,2,emergency,>=5_years,low,2,0
V514,control,238.29,0,5,187.28,70.84,100.0,32.12,100.0,24.79,100.0,68.13,1,internal_medicine,>=5_years,high,4,0
V515,control,110.65,1,5,174.54,56.85,78.43,27.23,68.76,49.5,74.93,42.27,3,emergency,>=5_years,high,4,0
V516,control,91.03,1,4,188.46,54.94,71.07,17.03,68.95,54.11,72.23,46.25,2,hospital_medicine,>=5_years,high,3,0
V517,control,114.93,1,5,204.92,59.68,84.75,22.12,82.93,44.62,79.31,44.37,1,internal_medicine,>=5_years,high,4,0
V518,control,87.13,1,4,190.34,55.61,74.39,16.86,68.07,56.61,68.42,49.33,2,critical_care,>=5_years,high,3,0
V519,control,67.35,1,3,184.16,48.21,59.36,16.92,60.38,69.52,56.49,26.57,2,internal_medicine,>=5_years,low,0,0
V520,control,115.72,1,5,172.15,60.13,79.81,18.45,73.9,52.69,80.8,55.14,1,hospital_medicine,<5_years,high,0,0
V521,control,300.0,0,5,199.24,70.64,100.0,35.55,100.0,7.27,100.0,81.01,2,emergency,<5_years,high,0,0
V522,control,118.99,1,5,186.11,57.34,83.51,18.63,73.16,43.33,76.44,48.96,3,critical_care,<5_years,high,4,0
V523,control,195.2,0,4,194.16,72.26,100.0,32.58,99.9,35.45,100.0,65.63,3,hospital_medicine,>=5_years,high,3,0
V524,control,65.85,1,3,188.33,50.11,63.67,19.49,61.29,61.44,55.63,39.15,3,emergency,<5_years,low,2,0
V525,control,114.04,1,5,190.55,56.98,76.66,19.98,70.55,48.62,77.46,48.63,2,emergency,<5_years,high,4,0
V526,control,112.88,1,5,187.26,60.66,82.72,20.32,83.61,49.7,78.15,49.44,2,internal_medicine,<5_years,high,0,0
V527,control,93.33,1,4,187.82,57.29,70.36,21.74,76.06,57.01,74.4,44.18,3,hospital_medicine,>=5_years,high,3,0
V528,control,63.81,1,3,192.85,51.64,64.47,16.56,59.31,67.11,65.1,37.28,1,internal_medicine,<5_years,low,0,0
V529,control,234.96,0,5,201.26,69.66,100.0,27.89,100.0,18.89,100.0,71.18,2,critical_care,<5_years,high,0,0
V530,control,68.8,1,3,188.67,51.28,65.53,21.23,57.69,59.16,68.84,35.24,2,hospital_medicine,<5_years,low,2,0
V531,control,90.72,1,4,215.84,53.56,68.26,16.91,68.46,57.62,71.04,39.06,1,emergency,<5_years,high,0,0
V532,control,96.01,1,4,192.98,58.21,69.57,25.15,75.04,59.39,68.68,51.42,1,hospital_medicine,>=5_years,high,3,0
V533,control,88.53,1,4,206.81,55.07,75.04,22.2,67.73,56.89,66.64,41.96,2,internal_medicine,>=5_years,high,3,0
V534,control,75.87,1,3,181.11,47.53,66.09,13.27,56.49,54.34,60.77,34.24,1,critical_care,<5_years,low,0,0
V535,control,74.42,1,3,183.31,50.85,66.42,14.05,54.23,64.1,65.53,40.78,2,emergency,>=5_years,low,0,0
V536,control,112.27,1,5,194.61,56.85,76.18,22.78,68.89,49.54,80.41,43.32,2,emergency,>=5_years,high,4,0
V537,control,115.94,1,5,191.42,61.13,88.38,20.49,80.04,52.65,84.53,40.69,3,hospital_medicine,<5_years,high,0,0
V538,control,122.05,1,5,185.74,61.26,87.88,22.78,77.07,47.25,84.45,48.13,2,hospital_medicine,<5_years,high,4,0
V539,control,69.06,1,3,197.24,50.34,62.85,16.21,60.72,64.95,58.71,38.62,3,critical_care,<5_years,low,2,0
V540,control,68.79,1,3,195.77,51.35,66.75,18.38,60.33,57.55,64.73,40.36,1,emergency,<5_years,low,2,0
V541,control,125.37,1,5,190.0,61.09,84.98,26.73,78.64,51.25,77.76,47.19,3,critical_care,>=5_years,high,4,0
V542,control,69.54,1,3,189.73,46.67,63.3,13.55,55.88,63.18,52.47,31.65,2,critical_care,<5_years,low,0,0
V543,control,233.82,0,5,192.55,69.44,100.0,28.11,100.0,23.52,100.0,65.0,3,hospital_medicine,>=5_years,high,0,0
V544,control,124.29,1,5,181.34,60.06,82.19,20.83,83.72,43.27,75.52,54.82,1,internal_medicine,<5_years,high,4,0
V545,control,62.48,1,3,182.2,47.77,58.82,15.99,56.67,64.49,55.72,34.94,3,emergency,<5_years,low,0,0
V546,control,126.34,1,5,178.52,59.86,82.39,21.93,81.72,46.27,80.64,46.18,1,emergency,<5_years,high,0,0
V547,control,86.73,1,4,195.82,52.23,71.62,24.0,62.5,55.58,64.38,35.29,3,emergency,<5_years,high,0,0
V548,control,93.8,1,4,186.92,52.39,73.6,9.84,67.62,51.05,68.89,43.35,2,internal_medicine,<5_years,high,3,0
V549,control,75.1,1,3,193.57,48.52,59.23,16.23,58.33,57.88,60.06,39.39,3,critical_care,<5_years,low,0,0
V550,control,108.82,1,5,190.22,57.41,90.76,13.83,67.72,53.13,74.96,44.06,3,critical_care,>=5_years,high,0,0
V551,control,69.38,1,3,195.64,50.31,65.01,21.41,58.12,63.94,61.05,32.36,3,emergency,<5_years,low,0,0
V552,control,64.39,1,3,179.55,48.61,62.42,12.18,59.05,61.39,58.08,38.56,3,emergency,<5_years,low,0,0
V553,control,78.04,1,3,176.49,50.99,63.97,22.59,60.13,60.07,56.67,42.52,1,critical_care,>=5_years,low,2,0
V554,control,72.82,1,3,184.74,51.02,66.73,15.01,60.06,59.95,64.18,40.21,1,critical_care,<5_years,low,0,0
V555,control,117.86,1,5,188.5,58.61,81.93,18.63,78.6,48.5,74.64,49.36,1,critical_care,>=5_years,high,0,0
V556,control,87.97,1,4,189.53,53.87,70.74,17.62,69.65,54.36,73.2,37.67,3,internal_medicine,<5_years,high,3,0
V557,control,118.11,1,5,188.73,61.74,81.91,19.37,80.5,44.08,84.67,59.9,1,emergency,<5_years,high,4,0
V558,control,86.61,1,4,178.37,51.85,63.31,25.1,67.76,50.28,63.03,41.62,2,emergency,<5_years,high,3,0
V559,control,101.94,1,4,197.3,56.09,78.7,19.46,73.75,44.3,75.83,44.52,1,internal_medicine,<5_years,high,3,0
V560,control,86.39,1,4,178.07,52.15,65.77,20.03,61.11,58.9,62.56,44.52,1,critical_care,<5_years,high,3,0
V561,control,65.75,1,3,188.36,48.78,64.76,11.41,55.51,63.77,58.12,39.12,3,internal_medicine,<5_years,low,2,0
V562,control,90.59,1,4,179.74,50.93,68.82,15.66,63.85,55.12,62.61,39.54,2,hospital_medicine,<5_years,high,0,0
V563,control,92.33,1,4,192.57,54.19,73.14,15.47,67.99,49.09,73.98,45.46,1,emergency,>=5_years,high,3,0
V564,control,71.38,1,3,197.15,49.67,60.15,13.64,64.25,59.21,62.61,38.16,2,critical_care,>=5_years,low,0,0
V565,control,71.23,1,3,160.01,49.57,57.47,21.83,65.12,58.75,60.67,33.61,3,hospital_medicine,<5_years,low,2,0
V566,control,120.4,1,5,196.82,61.72,82.09,21.38,77.71,55.62,83.34,50.18,3,internal_medicine,>=5_years,high,0,0
V567,control,87.37,1,4,195.23,50.99,75.33,14.61,65.71,51.41,68.2,30.71,1,hospital_medicine,<5_years,high,3,0
V568,control,69.83,1,3,190.39,49.35,62.44,14.86,55.12,59.83,57.12,46.76,1,emergency,>=5_years,low,0,0
V569,control,94.39,1,4,185.48,53.87,67.42,12.47,70.49,52.54,72.91,47.39,1,hospital_medicine,>=5_years,high,0,0
V570,control,93.13,1,4,197.33,55.34,75.88,14.62,70.5,49.09,78.33,43.63,2,hospital_medicine,>=5_years,high,0,0
V571,control,68.32,1,3,179.06,52.02,67.61,21.71,64.08,58.56,60.52,39.66,2,hospital_medicine,>=5_years,low,2,0
V572,control,89.61,1,4,199.72,54.74,71.02,25.09,65.67,53.96,71.69,41.0,1,internal_medicine,<5_years,high,0,0
V573,control,121.94,1,5,174.13,59.12,77.19,16.99,79.44,46.3,82.11,52.68,2,critical_care,<5_years,high,4,0
V574,control,70.62,1,3,181.37,49.74,67.41,14.42,62.14,58.04,60.18,36.26,2,critical_care,<5_years,low,0,0
V575,control,120.96,1,5,194.66,57.27,77.76,21.38,78.22,43.92,75.76,46.56,3,emergency,>=5_years,high,0,0
V576,control,203.27,0,4,195.92,71.58,100.0,38.1,100.0,26.28,99.72,65.37,2,emergency,>=5_years,high,0,0
V577,control,116.24,1,5,186.6,56.93,76.31,20.05,85.81,38.28,79.17,41.94,3,hospital_medicine,<5_years,high,0,0
V578,control,59.39,1,3,195.07,47.43,64.48,21.28,58.83,60.1,53.52,26.34,3,internal_medicine,<5_years,low,2,0
V579,control,135.49,1,5,191.07,63.22,87.75,18.74,85.67,43.83,82.28,61.07,2,internal_medicine,>=5_years,high,4,0
V580,control,114.22,1,5,196.4,59.74,83.53,26.12,76.6,44.93,80.4,46.84,2,emergency,<5_years,high,4,0
V581,control,114.31,1,5,180.45,60.17,70.83,25.26,82.7,54.49,79.21,48.5,1,internal_medicine,<5_years,high,0,0
V582,control,108.79,1,5,195.52,56.23,75.59,15.65,72.47,42.31,81.01,50.33,3,critical_care,>=5_years,high,4,0
V583,control,94.89,1,4,175.19,53.04,68.43,19.72,67.81,47.71,79.3,35.27,2,internal_medicine,>=5_years,high,3,0
V584,control,88.85,1,4,184.92,53.95,74.43,21.0,55.94,63.85,71.32,37.14,1,emergency,>=5_years,high,0,0
V585,control,88.97,1,4,198.76,53.87,73.81,14.88,64.96,52.91,77.71,38.95,1,hospital_medicine,<5_years,high,3,0
V586,control,61.96,1,3,177.1,48.4,57.98,17.55,54.47,62.23,65.44,32.73,2,emergency,>=5_years,low,2,0
V587,control,118.17,1,5,175.83,58.29,82.61,19.65,76.37,48.99,78.19,43.96,1,critical_care,>=5_years,high,4,0
V588,control,87.78,1,4,201.21,53.63,69.65,20.41,64.41,55.94,68.6,42.75,2,hospital_medicine,<5_years,high,3,0
V589,control,68.58,1,3,187.21,49.59,57.4,17.97,63.03,60.49,63.81,34.87,1,critical_care,<5_years,low,2,0
V590,control,116.85,1,5,198.88,60.48,84.06,22.83,80.03,46.89,83.88,45.22,1,hospital_medicine,<5_years,high,4,0
V591,control,107.26,1,5,185.77,58.56,92.04,13.23,81.59,48.23,73.58,42.68,1,critical_care,<5_years,high,0,0
V592,control,118.89,1,5,192.57,61.58,84.26,25.33,80.56,49.36,83.03,46.96,1,hospital_medicine,<5_years,high,4,0
V593,control,71.03,1,3,200.23,48.65,59.49,11.67,62.14,61.26,58.62,38.73,3,hospital_medicine,>=5_years,low,2,0
V594,control,90.82,1,4,188.33,55.0,72.53,20.0,69.37,56.62,71.59,39.86,2,critical_care,<5_years,high,3,0
V595,control,107.21,1,5,189.46,57.2,77.71,11.52,75.69,56.94,73.87,47.47,1,internal_medicine,>=5_years,high,4,0
V596,control,93.75,1,4,199.12,54.76,75.2,14.89,74.12,52.7,71.11,40.58,3,hospital_medicine,>=5_years,high,0,0
V597,control,194.17,0,4,178.74,70.7,100.0,30.47,99.12,39.69,100.0,54.9,3,critical_care,>=5_years,high,0,0
V598,control,116.37,1,5,204.15,59.55,81.6,23.9,79.09,48.1,78.34,46.29,2,critical_care,<5_years,high,0,0
V599,control,86.99,1,4,179.33,53.24,71.03,14.04,71.11,56.35,71.03,35.85,3,hospital_medicine,<5_years,high,3,0
V600,control,81.83,1,4,194.15,52.76,69.84,18.73,64.54,54.65,67.46,41.33,3,critical_care,<5_years,high,3,0
V601,control,103.7,1,4,186.93,57.38,75.18,21.64,73.47,54.62,76.28,43.1,1,internal_medicine,>=5_years,high,3,0
V602,control,91.82,1,4,186.56,56.06,74.71,25.27,69.54,54.16,66.95,45.75,1,internal_medicine,>=5_years,high,0,0
V603,control,112.67,1,5,193.93,57.6,83.65,14.51,72.79,52.31,75.28,47.03,2,hospital_medicine,>=5_years,high,4,0
V604,control,96.68,1,4,183.03,52.68,72.03,18.1,70.79,50.55,69.45,35.14,3,hospital_medicine,<5_years,high,0,0
V605,control,73.02,1,3,186.62,52.88,64.93,20.24,60.64,63.54,66.09,41.82,1,internal_medicine,<5_years,low,2,0
V606,control,108.2,1,5,182.68,57.77,78.16,20.49,75.99,47.75,75.54,48.68,1,emergency,<5_years,high,4,0
V607,control,68.98,1,3,185.83,48.54,62.74,11.89,63.76,54.04,63.54,35.29,3,internal_medicine,<5_years,low,2,0
V608,control,110.6,1,5,182.2,57.96,78.53,20.63,74.47,49.31,83.75,41.04,1,internal_medicine,>=5_years,high,4,0
V609,control,91.47,1,4,190.59,52.15,69.33,21.41,65.89,48.05,71.63,36.64,2,internal_medicine,<5_years,high,0,0
V610,control,114.31,1,5,194.4,57.36,76.2,24.1,78.2,41.66,77.23,46.75,3,critical_care,>=5_years,high,4,0
V611,control,65.04,1,3,192.75,52.29,64.67,22.11,60.82,66.42,59.18,40.51,1,hospital_medicine,<5_years,low,0,0
V612,control,65.57,1,3,189.63,44.92,57.78,13.45,54.5,65.23,49.87,28.67,1,emergency,<5_years,low,2,0
V613,control,70.33,1,3,200.03,49.7,63.46,14.12,63.25,59.55,62.89,34.95,2,hospital_medicine,<5_years,low,2,0
V614,control,121.51,1,5,185.57,60.07,87.27,20.48,78.64,49.94,79.48,44.59,3,emergency,<5_years,high,4,0
V615,control,76.55,1,3,168.55,51.75,61.55,20.89,63.92,64.65,60.92,38.55,2,internal_medicine,>=5_years,low,2,0
V616,control,115.4,1,5,186.59,56.03,83.76,19.92,70.46,45.48,74.29,42.25,1,critical_care,>=5_years,high,4,0
V617,control,69.64,1,3,199.23,46.54,62.92,9.33,57.55,67.94,51.85,29.63,1,emergency,>=5_years,low,2,0
V618,control,113.14,1,5,183.93,56.73,79.96,21.31,73.26,40.44,80.54,44.85,2,emergency,>=5_years,high,4,0
V619,control,89.66,1,4,195.94,53.91,75.85,16.54,66.39,54.85,66.49,43.38,2,critical_care,>=5_years,high,0,0
V620,control,117.02,1,5,176.65,60.12,83.36,30.07,74.49,43.65,83.82,45.33,2,critical_care,<5_years,high,0,0
V621,control,226.42,0,5,201.82,71.79,100.0,28.37,100.0,26.78,100.0,75.62,1,critical_care,>=5_years,high,0,0
V622,control,73.37,1,3,179.75,50.77,64.54,19.71,64.79,58.78,59.75,37.07,3,internal_medicine,>=5_years,low,2,0
V623,control,99.81,1,4,178.85,56.73,75.46,25.75,72.91,48.97,70.27,47.01,2,hospital_medicine,>=5_years,high,3,0
V624,control,69.42,1,3,188.74,51.67,66.68,22.21,61.24,59.23,67.84,32.82,1,critical_care,>=5_years,low,2,0
V625,control,90.34,1,4,178.72,56.24,72.62,29.33,65.39,60.66,67.7,41.73,1,critical_care,>=5_years,high,3,0
V626,control,115.99,1,5,177.29,57.27,75.57,18.99,73.59,43.22,84.5,47.73,2,critical_care,<5_years,high,0,0
V627,control,97.39,1,4,197.99,55.59,75.63,20.24,67.96,52.4,74.43,42.89,1,internal_medicine,<5_years,high,3,0
V628,control,100.01,1,4,173.03,57.25,74.04,25.7,66.49,60.18,80.39,36.69,3,hospital_medicine,<5_years,high,0,0
V629,control,89.76,1,4,192.35,54.76,70.85,20.9,71.79,52.37,71.1,41.58,2,critical_care,>=5_years,high,0,0
V630,control,67.53,1,3,188.46,49.28,56.25,11.12,56.55,65.95,63.91,41.88,2,emergency,<5_years,low,2,0
V631,control,69.67,1,3,188.75,49.93,68.58,19.21,57.06,58.7,65.28,30.73,2,internal_medicine,<5_years,low,0,0
V632,control,68.77,1,3,185.9,46.65,52.8,9.04,56.16,54.34,66.35,41.19,3,hospital_medicine,>=5_years,low,2,0
V633,control,93.68,1,4,176.05,54.29,76.24,19.61,65.96,55.95,71.34,36.68,2,critical_care,<5_years,high,3,0
V634,control,91.38,1,4,187.1,55.7,76.95,16.1,67.09,59.04,71.85,43.17,3,critical_care,<5_years,high,0,0
V635,control,104.21,1,5,182.49,55.55,73.65,25.21,68.91,50.78,76.39,38.39,3,emergency,<5_years,high,0,0
V636,control,88.25,1,4,179.01,53.51,74.97,17.8,69.65,51.76,71.51,35.39,3,hospital_medicine,<5_years,high,3,0
V637,control,109.12,1,5,195.78,56.81,75.27,19.29,72.96,44.82,83.19,45.31,2,hospital_medicine,<5_years,high,0,0
V638,control,67.5,1,3,181.43,47.0,61.44,11.03,67.52,59.76,52.73,29.53,1,emergency,>=5_years,low,2,0
V639,control,93.89,1,4,180.32,56.68,76.95,25.77,74.62,48.09,75.48,39.16,3,hospital_medicine,<5_years,high,3,0
V640,control,97.3,1,4,199.21,55.72,72.92,23.97,68.62,55.12,69.76,43.93,3,internal_medicine,>=5_years,high,3,0
V641,control,93.65,1,4,186.72,51.56,65.92,14.74,70.02,54.96,63.41,40.33,3,emergency,>=5_years,high,3,0
V642,control,61.47,1,3,198.1,48.15,59.13,17.58,56.85,62.77,56.16,36.39,1,critical_care,>=5_years,low,0,0
V643,control,75.44,1,3,186.53,51.15,65.68,22.03,63.83,57.25,63.98,34.14,2,critical_care,<5_years,low,0,0
V644,control,113.27,1,5,189.26,62.56,85.12,33.11,70.28,59.34,81.96,45.57,1,hospital_medicine,>=5_years,high,4,0
V645,control,112.43,1,5,184.51,57.8,76.5,20.48,73.81,52.7,84.99,38.3,3,hospital_medicine,>=5_years,high,0,0
V646,control,57.97,1,3,201.63,46.79,60.67,15.88,58.28,55.47,59.2,31.23,1,hospital_medicine,<5_years,low,0,0
V647,control,114.92,1,5,182.4,57.53,82.98,23.06,69.88,49.39,79.27,40.58,2,emergency,<5_years,high,0,0
V648,control,108.84,1,5,191.25,59.55,78.79,24.52,76.4,48.15,82.87,46.58,2,internal_medicine,<5_years,high,4,0
V649,control,96.19,1,4,185.96,54.19,75.16,17.18,68.25,52.39,68.7,43.46,3,emergency,<5_years,high,0,0
V650,control,62.72,1,3,173.23,48.53,63.85,12.68,53.78,64.94,60.63,35.32,3,emergency,>=5_years,low,0,0
V651,control,93.4,1,4,208.02,54.58,68.63,24.54,71.02,49.22,67.98,46.12,2,critical_care,>=5_years,high,0,0
V652,control,74.38,1,3,190.42,49.28,65.92,20.51,63.92,56.41,57.31,31.63,1,critical_care,<5_years,low,0,0
V653,control,60.53,1,3,198.94,48.02,59.78,12.68,54.97,69.42,58.1,33.16,2,emergency,>=5_years,low,2,0
V654,control,90.5,1,4,175.48,53.0,72.07,13.57,65.33,48.85,71.7,46.46,3,hospital_medicine,>=5_years,high,0,0
V655,control,89.17,1,4,191.68,52.67,66.94,17.93,67.72,64.73,64.18,34.54,3,internal_medicine,<5_years,high,0,0
V656,control,97.02,1,4,198.54,57.22,73.46,18.33,69.41,56.63,74.69,50.82,2,internal_medicine,>=5_years,high,3,0
V657,control,72.01,1,3,178.97,48.31,57.84,12.68,60.04,56.02,66.84,36.46,2,critical_care,<5_years,low,2,0
V658,control,72.18,1,3,188.53,46.54,60.17,18.46,56.25,55.82,54.79,33.79,1,critical_care,<5_years,low,2,0
V659,control,88.92,1,4,190.75,53.62,77.44,12.34,67.88,58.82,67.14,38.11,2,emergency,<5_years,high,3,0
V660,control,94.91,1,4,184.9,52.35,74.54,19.04,65.28,47.04,69.16,39.05,1,emergency,>=5_years,high,3,0
V661,control,72.03,1,3,184.88,52.87,78.77,14.59,61.69,59.86,64.87,37.47,3,hospital_medicine,<5_years,low,2,0
V662,control,88.7,1,4,190.01,53.41,71.16,21.12,69.93,52.38,66.99,38.86,2,critical_care,>=5_years,high,0,0
V663,control,62.85,1,3,172.61,47.82,64.43,7.62,56.5,61.86,63.33,33.2,3,hospital_medicine,<5_years,low,2,0
V664,control,98.62,1,4,201.03,54.97,70.04,13.92,69.04,57.53,75.03,44.23,3,emergency,>=5_years,high,0,0
V665,control,86.24,1,4,188.62,53.11,68.89,17.91,64.05,56.95,69.3,41.54,2,hospital_medicine,<5_years,high,3,0
V666,control,119.93,1,5,193.32,58.17,75.32,22.31,78.1,50.21,79.53,43.55,3,critical_care,>=5_years,high,0,0
V667,control,69.44,1,3,197.26,51.99,61.8,20.6,65.87,59.92,67.51,36.22,3,critical_care,<5_years,low,2,0
V668,control,92.91,1,4,192.11,52.77,67.02,20.14,71.96,53.13,63.32,41.02,1,internal_medicine,>=5_years,high,0,0
V669,control,92.99,1,4,213.46,56.88,83.66,17.3,69.49,62.03,66.3,42.49,2,hospital_medicine,>=5_years,high,0,0
V670,control,115.72,1,5,198.21,59.94,76.68,23.03,82.17,47.02,83.37,47.41,1,emergency,>=5_years,high,0,0
V671,control,70.57,1,3,190.44,49.75,60.67,16.0,61.48,60.95,66.77,32.65,3,internal_medicine,<5_years,low,2,0
V672,control,125.99,1,5,172.62,58.32,85.06,14.86,75.41,43.98,85.43,45.15,3,internal_medicine,>=5_years,high,0,0
V673,control,118.11,1,5,189.41,59.74,78.52,25.82,71.9,50.52,83.23,48.47,1,critical_care,>=5_years,high,4,0
V674,control,91.35,1,4,182.16,54.19,67.16,19.79,70.53,52.66,72.08,42.92,1,internal_medicine,<5_years,high,0,0
V675,control,110.97,1,5,188.44,58.15,74.49,23.58,71.58,49.82,82.47,46.94,2,internal_medicine,>=5_years,high,0,0
V676,control,208.93,0,4,195.42,73.37,100.0,38.81,100.0,33.8,100.0,67.59,3,hospital_medicine,<5_years,high,0,0
V677,control,91.94,1,4,187.73,53.79,68.42,19.45,74.49,55.67,69.78,34.95,1,internal_medicine,<5_years,high,0,0
V678,control,69.46,1,3,191.93,47.14,67.44,16.94,54.45,54.34,59.84,29.81,1,emergency,<5_years,low,2,0
V679,control,89.35,1,4,189.66,54.54,69.05,18.06,69.0,59.26,70.04,41.82,3,critical_care,<5_years,high,3,0
V680,control,88.55,1,4,177.87,54.79,68.57,16.62,69.29,56.9,67.2,50.19,2,critical_care,<5_years,high,3,0
V681,control,66.88,1,3,187.85,49.15,63.12,21.19,63.32,58.23,56.75,32.3,3,emergency,>=5_years,low,0,0
V682,control,97.1,1,4,185.04,55.7,74.67,22.82,70.05,55.8,71.32,39.56,3,critical_care,>=5_years,high,3,0
V683,control,94.15,1,4,191.62,58.09,78.5,16.07,75.92,50.19,80.18,47.69,3,hospital_medicine,<5_years,high,3,0
V684,control,68.5,1,3,183.08,48.84,60.45,13.32,62.25,59.28,61.24,36.48,2,hospital_medicine,>=5_years,low,0,0
V685,control,70.47,1,3,181.4,46.32,56.17,15.88,57.28,58.85,52.37,37.35,1,emergency,<5_years,low,2,0
V686,control,116.88,1,5,180.95,60.97,87.32,22.46,76.03,51.63,79.22,49.17,2,hospital_medicine,<5_years,high,4,0
V687,control,67.44,1,3,183.39,49.23,53.39,16.08,60.89,65.9,60.84,38.29,1,emergency,>=5_years,low,2,0
V688,control,95.71,1,4,176.79,53.68,71.13,15.74,69.21,51.93,74.18,39.9,1,emergency,<5_years,high,3,0
V689,control,83.54,1,4,180.79,49.47,71.39,13.51,67.89,54.28,57.95,31.83,2,internal_medicine,<5_years,high,3,0
V690,control,64.96,1,3,188.35,50.35,66.31,19.7,53.87,62.12,65.58,34.53,2,hospital_medicine,<5_years,low,2,0
V691,control,63.78,1,3,185.95,49.21,58.46,13.22,65.38,62.61,57.92,37.69,1,hospital_medicine,<5_years,low,0,0
V692,control,118.33,1,5,187.32,57.35,82.44,22.39,75.24,38.51,77.69,47.84,2,hospital_medicine,<5_years,high,4,0
V693,control,93.5,1,4,180.76,52.65,68.53,12.1,72.18,48.26,67.3,47.54,2,hospital_medicine,>=5_years,high,3,0
V694,control,72.55,1,3,187.65,50.21,67.0,14.25,61.64,63.79,62.57,31.98,2,hospital_medicine,>=5_years,low,2,0
V695,control,98.09,1,4,205.51,53.95,71.2,24.35,71.02,45.5,65.19,46.46,2,emergency,>=5_years,high,3,0
V696,control,118.73,1,5,173.17,58.44,82.08,17.42,82.81,43.39,79.04,45.88,3,internal_medicine,<5_years,high,0,0
V697,control,232.74,0,5,185.01,69.5,100.0,31.1,100.0,20.2,100.0,65.69,3,emergency,<5_years,high,0,0
V698,control,89.65,1,4,197.41,55.83,66.11,21.34,73.33,59.52,73.98,40.68,2,emergency,<5_years,high,0,0
V699,control,111.93,1,5,194.59,59.26,82.7,17.81,78.48,45.86,75.68,55.05,3,critical_care,<5_years,high,4,0
V700,control,86.07,1,4,185.01,55.4,73.18,14.03,70.41,57.68,71.19,45.9,3,critical_care,>=5_years,high,3,0
V701,control,116.69,1,5,194.2,61.11,84.67,27.01,77.25,47.74,84.05,45.96,1,critical_care,>=5_years,high,4,0
V702,control,72.66,1,3,200.59,49.46,66.75,20.22,57.44,52.18,61.63,38.53,2,internal_medicine,>=5_years,low,0,0
V703,control,98.94,1,4,170.02,53.01,69.02,23.42,70.09,47.97,69.43,38.16,2,emergency,>=5_years,high,3,0
V704,control,67.39,1,3,187.23,47.74,65.18,10.75,53.9,59.68,57.03,39.91,3,emergency,<5_years,low,0,0
V705,control,69.43,1,3,200.59,49.39,62.67,17.22,60.43,57.84,60.91,37.25,1,critical_care,<5_years,low,2,0
V706,control,88.8,1,4,179.63,52.2,72.25,12.1,66.69,44.66,77.77,39.74,2,critical_care,>=5_years,high,3,0
V707,control,69.9,1,3,183.34,49.97,61.5,22.43,61.22,54.45,63.78,36.46,3,critical_care,<5_years,low,2,0
V708,control,68.34,1,3,223.17,49.93,65.53,17.0,59.26,63.37,62.88,31.55,1,emergency,<5_years,low,2,0
V709,control,70.37,1,3,163.83,49.02,59.18,13.82,61.48,61.8,59.08,38.78,3,critical_care,>=5_years,low,0,0
V710,control,97.04,1,4,184.49,55.46,78.17,22.72,71.11,51.17,68.7,40.91,1,hospital_medicine,>=5_years,high,3,0
V711,control,121.91,1,5,180.51,60.14,84.64,19.94,83.27,44.63,76.03,52.36,2,hospital_medicine,>=5_years,high,0,0
V712,control,118.31,1,5,191.73,60.74,80.58,22.96,85.2,47.76,77.32,50.63,2,hospital_medicine,>=5_years,high,4,0
V713,control,70.71,1,3,187.26,47.99,67.83,15.99,52.09,55.96,59.02,37.03,3,emergency,<5_years,low,2,0
V714,control,91.12,1,4,189.55,53.98,75.2,17.11,69.3,50.97,70.76,40.54,1,hospital_medicine,<5_years,high,3,0
V715,control,59.74,1,3,195.27,47.72,60.17,15.29,63.5,64.61,54.08,28.63,1,critical_care,>=5_years,low,2,0
V716,control,80.78,1,3,183.87,50.21,64.65,12.8,62.35,63.07,58.88,39.51,1,internal_medicine,>=5_years,low,2,0
V717,control,90.84,1,4,181.62,52.54,65.92,24.9,65.37,52.75,67.15,39.14,1,hospital_medicine,<5_years,high,3,0
V718,control,71.72,1,3,188.64,48.73,66.85,12.25,52.35,61.69,60.27,38.96,2,internal_medicine,>=5_years,low,2,0
V719,control,87.9,1,4,182.76,52.36,63.34,18.34,68.5,53.34,75.98,34.64,1,hospital_medicine,<5_years,high,0,0
V720,control,115.4,1,5,187.51,59.86,80.22,25.54,78.56,52.33,73.31,49.19,1,critical_care,<5_years,high,0,0
V721,control,300.0,0,4,205.99,72.49,100.0,40.63,100.0,10.82,100.0,83.48,1,internal_medicine,<5_years,high,0,0
V722,control,68.52,1,3,188.89,49.86,66.67,13.02,58.62,61.56,63.4,35.9,1,internal_medicine,<5_years,low,2,0
V723,control,92.6,1,4,181.72,55.37,72.6,22.87,70.91,53.19,69.32,43.33,3,emergency,<5_years,high,3,0
V724,control,121.61,1,5,195.01,60.43,87.51,18.88,83.32,38.15,81.61,53.12,3,critical_care,<5_years,high,4,0
V725,control,71.45,1,3,203.97,49.43,59.86,17.19,65.85,60.16,60.31,33.21,1,critical_care,>=5_years,low,2,0
V726,control,71.05,1,3,193.75,48.48,65.66,14.6,58.43,65.68,55.81,30.72,2,hospital_medicine,>=5_years,low,0,0
V727,control,91.34,1,4,191.49,53.49,73.76,15.63,73.25,51.79,69.34,37.2,1,emergency,>=5_years,high,3,0
V728,control,121.65,1,5,189.58,61.53,83.52,26.83,76.24,50.42,81.51,50.67,1,emergency,<5_years,high,0,0
V729,control,72.85,1,3,198.92,48.91,59.2,18.63,55.41,58.05,54.65,47.51,1,critical_care,<5_years,low,0,0
V730,control,92.14,1,4,196.35,56.6,75.26,25.09,73.42,51.58,72.99,41.28,3,internal_medicine,<5_years,high,3,0
V731,control,116.06,1,5,201.27,61.76,90.97,24.37,81.18,45.28,78.43,50.33,3,hospital_medicine,<5_years,high,0,0
V732,control,74.7,1,3,180.0,50.14,62.9,16.55,61.65,67.43,52.19,40.1,2,internal_medicine,<5_years,low,2,0
V733,control,96.32,1,4,198.03,54.72,69.12,25.82,66.79,53.73,71.13,41.71,3,internal_medicine,>=5_years,high,3,0
V734,control,64.54,1,3,203.35,49.31,60.61,17.46,58.15,56.94,65.59,37.11,2,critical_care,>=5_years,low,0,0
V735,control,115.18,1,5,181.75,60.91,85.8,21.78,79.71,51.96,75.08,51.12,2,internal_medicine,>=5_years,high,0,0
V736,control,69.85,1,3,200.61,48.54,58.09,19.51,55.46,61.95,62.9,33.31,3,critical_care,>=5_years,low,2,0
V737,control,79.03,1,3,195.51,50.61,70.3,14.41,57.7,60.38,67.81,33.07,1,emergency,<5_years,low,0,0
V738,control,121.88,1,5,189.33,56.33,83.85,19.85,76.51,37.56,76.35,43.84,1,critical_care,<5_years,high,4,0
V739,control,124.32,1,5,182.54,61.87,89.7,28.61,74.26,44.33,82.93,51.41,2,emergency,<5_years,high,4,0
V740,control,86.46,1,4,203.94,57.61,74.6,21.92,77.23,54.3,68.57,49.05,1,hospital_medicine,>=5_years,high,3,0
V741,control,94.53,1,4,180.47,55.36,76.46,19.4,62.76,51.92,74.41,47.24,2,emergency,<5_years,high,3,0
V742,control,89.84,1,4,188.13,56.19,68.33,24.36,69.44,60.03,73.43,41.56,3,hospital_medicine,<5_years,high,0,0
V743,control,68.68,1,3,179.97,48.37,60.0,18.98,55.0,56.99,66.13,33.11,1,internal_medicine,<5_years,low,0,0
V744,control,98.16,1,4,183.31,55.31,76.24,14.93,72.58,54.41,64.95,48.77,1,critical_care,>=5_years,high,3,0
V745,control,224.8,0,5,189.12,70.75,100.0,29.51,100.0,27.17,100.0,67.83,1,emergency,>=5_years,high,0,0
V746,control,190.29,0,4,191.1,68.57,100.0,21.39,94.68,38.8,96.74,59.82,2,critical_care,>=5_years,high,0,0
V747,control,69.02,1,3,205.53,50.42,67.74,21.24,60.35,59.76,61.97,31.43,1,hospital_medicine,<5_years,low,0,0
V748,control,76.05,1,3,185.85,51.02,63.82,15.42,62.47,57.03,70.13,37.21,3,internal_medicine,>=5_years,low,2,0
V749,control,111.86,1,5,183.06,59.83,79.02,21.62,81.08,51.01,80.2,46.06,3,critical_care,>=5_years,high,0,0
V750,control,68.21,1,3,179.24,47.91,60.95,19.33,57.07,57.47,55.21,37.45,1,critical_care,>=5_years,low,0,0
V751,control,76.08,1,3,191.41,52.39,63.69,21.68,64.24,58.07,64.06,42.62,2,emergency,>=5_years,low,0,0
V752,control,204.34,0,4,198.29,70.3,100.0,33.46,100.0,24.3,100.0,64.07,1,internal_medicine,>=5_years,high,0,0
V753,control,77.86,1,3,205.52,50.64,59.89,23.39,52.53,61.31,63.63,43.1,1,critical_care,<5_years,low,2,0
V754,control,128.11,1,5,204.84,61.32,89.59,20.93,81.1,45.37,81.25,49.65,3,internal_medicine,>=5_years,high,0,0
V755,control,91.49,1,4,195.51,55.8,69.92,19.22,70.38,61.41,74.53,39.33,1,emergency,>=5_years,high,0,0
V756,control,117.82,1,5,201.63,60.0,91.86,20.4,72.76,51.56,75.71,47.71,3,hospital_medicine,>=5_years,high,4,0
V757,control,87.03,1,4,207.74,53.19,75.43,11.26,66.43,50.19,71.34,44.51,1,internal_medicine,>=5_years,high,3,0
V758,control,75.85,1,3,186.91,50.77,66.87,11.58,64.83,59.98,62.49,38.87,1,hospital_medicine,>=5_years,low,2,0
V759,control,67.82,1,3,204.47,49.92,67.11,22.5,55.02,59.98,62.63,32.28,2,emergency,<5_years,low,2,0
V760,control,92.48,1,4,200.89,53.43,75.23,19.66,66.88,49.59,65.3,43.91,2,hospital_medicine,>=5_years,high,3,0
V761,control,115.16,1,5,184.48,60.56,80.09,25.49,84.35,43.53,82.9,47.03,2,hospital_medicine,>=5_years,high,4,0
V762,control,63.82,1,3,201.52,48.74,61.73,12.68,58.3,63.9,61.56,34.25,2,critical_care,<5_years,low,0,0
V763,control,88.78,1,4,182.79,56.01,72.76,22.45,73.08,52.51,72.44,42.86,3,emergency,<5_years,high,3,0
V764,control,109.8,1,5,178.15,53.82,71.0,17.98,67.81,46.62,81.54,37.94,3,critical_care,>=5_years,high,0,0
V765,control,64.67,1,3,179.45,44.63,54.07,13.98,57.96,54.12,54.26,33.38,3,hospital_medicine,<5_years,low,2,0
V766,control,115.82,1,5,190.21,56.78,80.64,19.9,75.12,43.6,72.1,49.3,1,internal_medicine,>=5_years,high,0,0
V767,control,95.68,1,4,184.83,54.6,77.09,20.93,60.23,46.54,80.46,42.33,1,internal_medicine,<5_years,high,3,0
V768,control,82.73,1,4,187.36,54.5,66.87,20.75,61.07,63.22,69.07,46.0,2,critical_care,>=5_years,high,0,0
V769,control,95.07,1,4,193.29,55.08,65.12,22.52,69.02,55.9,82.79,35.1,3,critical_care,>=5_years,high,0,0
V770,control,114.16,1,5,195.58,60.87,79.14,18.95,83.68,49.98,81.72,51.78,1,internal_medicine,<5_years,high,0,0
V771,control,119.87,1,5,193.56,59.9,84.07,25.22,69.81,48.22,82.83,49.28,2,hospital_medicine,>=5_years,high,4,0
V772,control,89.48,1,4,198.97,56.76,71.42,21.65,74.36,66.49,64.42,42.2,3,critical_care,>=5_years,high,0,0
V773,control,96.4,1,4,187.93,59.01,78.34,20.24,79.19,59.45,70.02,46.82,3,hospital_medicine,<5_years,high,3,0
V774,control,103.4,1,4,174.01,57.62,79.06,22.63,67.04,45.14,81.14,50.71,1,internal_medicine,<5_years,high,0,0
V775,control,88.69,1,4,178.68,52.52,67.59,18.84,60.93,54.54,72.15,41.08,1,internal_medicine,>=5_years,high,0,0
V776,control,67.57,1,3,201.0,47.75,63.17,9.59,57.74,62.18,56.75,37.07,1,critical_care,<5_years,low,0,0
V777,control,93.11,1,4,189.65,56.44,72.02,21.52,70.09,59.07,72.64,43.3,3,internal_medicine,<5_years,high,0,0
V778,control,69.09,1,3,192.66,48.92,57.42,18.16,61.39,66.25,53.51,36.81,3,hospital_medicine,<5_years,low,2,0
V779,control,73.77,1,3,198.95,51.31,74.47,20.83,59.53,57.41,60.64,34.96,2,hospital_medicine,>=5_years,low,2,0
V780,control,74.55,1,3,217.24,48.22,58.31,15.99,61.92,46.8,69.05,37.24,1,critical_care,<5_years,low,2,0
V781,control,124.02,1,5,188.31,62.42,93.23,24.36,76.49,48.16,83.03,49.26,2,hospital_medicine,>=5_years,high,0,0
V782,control,118.55,1,5,175.36,56.89,82.17,19.39,71.18,47.43,73.45,47.73,1,internal_medicine,<5_years,high,4,0
V783,control,125.6,1,5,191.94,61.23,82.02,17.12,80.54,49.31,88.62,49.77,2,internal_medicine,<5_years,high,4,0
V784,control,72.61,1,3,189.98,48.21,54.18,14.07,54.36,61.18,65.88,39.58,1,critical_care,<5_years,low,0,0
V785,control,119.62,1,5,191.26,59.96,74.12,21.01,87.86,50.84,79.43,46.51,3,emergency,<5_years,high,4,0
V786,control,111.63,1,5,200.33,62.09,80.03,22.65,82.18,54.94,83.32,49.4,3,hospital_medicine,>=5_years,high,4,0
V787,control,65.38,1,3,188.56,45.15,60.12,15.04,44.74,57.36,64.5,29.14,1,critical_care,<5_years,low,2,0
V788,control,111.99,1,5,186.49,59.6,85.34,19.37,82.57,48.34,78.99,43.0,3,internal_medicine,<5_years,high,4,0
V789,control,109.89,1,5,181.09,55.33,76.32,15.28,72.16,46.14,74.9,47.21,1,critical_care,>=5_years,high,4,0
V790,control,117.67,1,5,192.02,58.78,83.13,29.75,78.88,45.44,77.56,37.93,1,hospital_medicine,<5_years,high,4,0
V791,control,97.12,1,4,189.31,54.63,75.12,20.02,72.68,50.09,71.69,38.21,1,critical_care,<5_years,high,0,0
V792,control,76.8,1,3,197.54,49.92,65.38,22.8,56.83,58.24,60.64,35.6,1,critical_care,<5_years,low,2,0
V793,control,91.73,1,4,205.17,56.57,73.81,19.8,68.84,53.91,74.95,48.08,2,hospital_medicine,>=5_years,high,3,0
V794,control,66.36,1,3,183.96,47.33,53.03,16.73,53.77,64.6,58.63,37.23,2,emergency,<5_years,low,2,0
V795,control,119.4,1,5,197.31,58.86,81.83,20.61,78.83,42.66,77.26,51.95,2,emergency,<5_years,high,4,0
V796,control,111.72,1,5,207.94,55.56,76.01,18.62,73.76,47.93,75.31,41.7,3,critical_care,<5_years,high,0,0
V797,control,230.18,0,5,192.82,72.24,100.0,34.88,100.0,26.23,100.0,72.35,2,emergency,<5_years,high,0,0
V798,control,102.49,1,4,176.45,54.23,75.21,15.73,69.91,47.74,72.58,44.21,1,critical_care,>=5_years,high,0,0
V799,control,110.85,1,5,195.31,60.94,83.45,26.76,75.2,55.47,79.77,45.0,1,critical_care,>=5_years,high,4,0
V800,control,87.33,1,4,186.98,53.08,69.69,19.84,70.73,61.04,62.39,34.81,2,internal_medicine,>=5_years,high,3,0
V801,control,120.85,1,5,197.25,59.08,77.21,13.77,79.59,51.69,83.48,48.75,3,hospital_medicine,<5_years,high,4,0
V802,control,110.68,1,5,172.23,59.78,76.35,25.92,79.33,51.06,78.65,47.34,1,internal_medicine,<5_years,high,0,0
V803,control,115.84,1,5,193.16,60.38,86.99,25.05,74.86,45.0,78.89,51.49,3,hospital_medicine,<5_years,high,4,0
V804,control,70.8,1,3,210.31,48.67,63.35,13.21,56.92,62.99,60.38,35.17,3,hospital_medicine,<5_years,low,0,0
V805,control,110.04,1,5,194.29,59.2,77.66,26.82,76.99,51.72,79.45,42.54,2,emergency,<5_years,high,4,0
V806,control,73.37,1,3,182.62,49.36,62.32,15.27,56.43,60.17,64.58,37.38,1,hospital_medicine,<5_years,low,2,0
V807,control,118.89,1,5,194.83,60.16,93.52,9.94,80.72,47.39,82.16,47.26,2,internal_medicine,>=5_years,high,4,0
V808,control,91.21,1,4,169.4,55.46,66.08,29.28,65.03,60.84,68.1,43.41,3,internal_medicine,<5_years,high,3,0
V809,control,105.68,1,5,189.12,57.3,78.55,16.79,70.2,46.13,78.83,53.28,3,emergency,<5_years,high,0,0
V810,control,207.16,0,4,194.04,69.38,100.0,29.51,100.0,28.87,100.0,57.89,3,hospital_medicine,<5_years,high,3,0
V811,control,118.7,1,5,198.43,61.42,84.33,25.11,77.88,50.19,89.15,41.85,3,critical_care,>=5_years,high,0,0
V812,control,66.59,1,3,195.83,50.89,63.6,18.24,56.93,62.79,63.73,40.03,1,hospital_medicine,>=5_years,low,2,0
V813,control,61.5,1,3,182.1,49.22,57.33,15.81,65.55,59.23,63.03,34.37,2,emergency,>=5_years,low,2,0
V814,control,104.5,1,4,170.9,57.13,81.19,19.83,68.13,57.42,73.38,42.84,1,hospital_medicine,>=5_years,high,3,0
V815,control,74.31,1,3,187.64,50.26,58.07,14.26,60.14,61.15,71.06,36.89,3,critical_care,>=5_years,low,2,0
V816,control,115.18,1,5,179.62,59.78,79.25,17.93,74.0,56.32,83.8,47.34,2,emergency,>=5_years,high,4,0
V817,control,86.33,1,4,188.13,57.75,77.69,29.71,67.96,60.55,74.8,35.82,3,critical_care,>=5_years,high,3,0
V818,control,65.71,1,3,187.98,49.5,61.86,18.29,60.37,58.31,60.73,37.44,2,critical_care,<5_years,low,2,0
V819,control,114.68,1,5,185.3,59.86,90.78,15.74,77.27,45.17,79.66,50.55,3,emergency,<5_years,high,0,0
V820,control,69.82,1,3,185.77,50.65,62.86,13.71,60.86,60.36,69.94,36.13,3,hospital_medicine,>=5_years,low,0,0
V821,control,196.84,0,4,193.16,67.64,100.0,23.84,98.53,24.33,100.0,59.14,2,hospital_medicine,>=5_years,high,0,0
V822,control,92.64,1,4,208.18,53.98,74.91,21.49,66.34,49.53,70.68,40.93,1,emergency,<5_years,high,3,0
V823,control,68.88,1,3,188.15,49.63,60.15,18.04,53.9,65.83,60.61,39.26,3,hospital_medicine,>=5_years,low,2,0
V824,control,120.79,1,5,189.24,59.85,86.03,18.89,76.51,47.54,82.54,47.57,2,hospital_medicine,<5_years,high,4,0
V825,control,91.66,1,4,178.13,54.04,71.49,20.87,69.82,54.78,68.46,38.82,2,emergency,<5_years,high,3,0
V826,control,64.46,1,3,195.43,51.26,66.91,13.73,57.5,69.19,63.35,36.88,3,emergency,<5_years,low,0,0
V827,control,71.25,1,3,184.86,49.91,62.13,12.22,68.13,65.66,60.08,31.24,3,critical_care,<5_years,low,2,0
V828,control,72.03,1,3,182.17,47.58,55.32,17.66,50.67,56.07,65.23,40.53,3,emergency,>=5_years,low,0,0
V829,control,70.69,1,3,197.66,50.42,60.77,15.18,62.24,62.75,61.62,39.97,1,emergency,<5_years,low,0,0
V830,control,119.7,1,5,196.0,61.93,89.48,21.92,78.33,53.93,81.15,46.75,2,critical_care,<5_years,high,4,0
V831,control,91.51,1,4,192.8,54.61,71.69,19.56,70.78,61.28,66.49,37.88,3,internal_medicine,<5_years,high,0,0
V832,control,118.91,1,5,200.39,58.87,75.71,16.89,84.57,51.59,74.35,50.12,3,critical_care,>=5_years,high,4,0
V833,control,65.26,1,3,195.63,54.06,65.07,23.07,66.04,67.03,62.72,40.42,2,emergency,<5_years,low,2,0
V834,control,112.13,1,5,197.02,57.65,78.23,22.3,73.04,42.76,78.15,51.4,1,emergency,>=5_years,high,0,0
V835,control,123.74,1,5,203.59,60.48,86.41,18.48,75.0,45.79,86.19,51.02,3,emergency,>=5_years,high,0,0
V836,control,120.71,1,5,199.11,62.12,91.91,14.19,84.31,49.84,88.6,43.89,3,hospital_medicine,<5_years,high,4,0
V837,control,78.35,1,3,181.74,48.39,72.48,18.03,55.84,57.85,55.77,30.36,1,emergency,>=5_years,low,0,0
V838,control,66.52,1,3,184.67,49.45,69.2,14.24,56.48,56.8,64.96,35.03,2,critical_care,>=5_years,low,2,0
V839,control,100.09,1,4,186.98,56.45,78.82,18.64,69.42,52.81,79.98,39.0,2,hospital_medicine,<5_years,high,3,0
V840,control,68.49,1,3,188.2,47.8,64.21,12.45,57.25,53.45,59.62,39.83,3,internal_medicine,<5_years,low,2,0
V841,control,94.36,1,4,191.09,56.0,75.38,17.07,75.45,52.5,71.37,44.23,3,hospital_medicine,<5_years,high,3,0
V842,control,72.74,1,3,194.26,50.88,65.75,19.71,63.85,59.71,62.73,33.5,2,emergency,<5_years,low,0,0
V843,control,92.23,1,4,175.18,53.67,71.14,13.68,66.03,53.02,70.72,47.42,1,hospital_medicine,>=5_years,high,0,0
V844,control,77.01,1,3,169.79,51.44,65.67,18.22,54.61,53.06,71.81,45.26,1,hospital_medicine,>=5_years,low,2,0
V845,control,123.25,1,5,190.27,61.02,89.69,24.53,71.36,48.81,82.02,49.7,3,critical_care,>=5_years,high,0,0
V846,control,112.79,1,5,202.87,59.26,78.99,17.67,76.71,50.53,82.21,49.43,3,hospital_medicine,<5_years,high,0,0
V847,control,125.51,1,5,171.53,62.36,92.66,23.21,79.27,48.12,81.67,49.25,3,emergency,<5_years,high,0,0
V848,control,68.64,1,3,196.9,47.79,59.41,20.41,59.38,58.3,58.57,30.69,2,critical_care,>=5_years,low,2,0
V849,control,87.56,1,4,203.57,54.44,68.56,20.69,72.37,53.62,74.85,36.54,2,emergency,<5_years,high,0,0
V850,control,112.76,1,5,203.33,59.69,79.52,25.39,79.16,48.23,75.73,50.11,1,internal_medicine,<5_years,high,0,0
V851,control,109.13,1,5,178.07,60.46,86.08,25.04,75.52,49.56,75.68,50.86,1,internal_medicine,<5_years,high,0,0
V852,control,67.18,1,3,170.41,51.38,62.05,20.39,55.82,67.84,65.01,37.19,2,internal_medicine,<5_years,low,0,0
V853,control,68.27,1,3,193.42,50.74,60.17,24.12,55.75,65.18,58.44,40.75,2,emergency,<5_years,low,2,0
V854,control,91.89,1,4,188.15,54.81,71.74,19.06,64.96,57.59,75.92,39.58,3,hospital_medicine,>=5_years,high,0,0
V855,control,91.83,1,4,185.9,52.25,63.42,20.94,65.48,55.7,70.69,37.29,1,critical_care,>=5_years,high,0,0
V856,control,89.65,1,4,198.37,53.75,73.31,19.3,70.19,58.22,60.99,40.5,2,critical_care,>=5_years,high,3,0
V857,control,65.26,1,3,192.2,50.77,62.01,21.66,54.67,63.5,66.46,36.35,1,hospital_medicine,<5_years,low,2,0
V858,control,95.44,1,4,177.35,56.19,74.73,23.84,72.72,56.19,67.08,42.57,2,internal_medicine,<5_years,high,3,0
V859,control,71.58,1,3,209.56,50.72,63.84,18.25,62.97,54.95,65.03,39.3,2,critical_care,<5_years,low,2,0
V860,control,112.46,1,5,195.16,60.14,84.04,23.56,79.42,47.53,81.89,44.41,3,internal_medicine,>=5_years,high,4,0
V861,control,92.99,1,4,197.82,55.81,76.63,21.51,66.29,60.86,72.86,36.7,1,internal_medicine,<5_years,high,3,0
V862,control,85.78,1,4,185.75,53.77,77.58,21.92,60.77,60.06,63.43,38.88,2,emergency,<5_years,high,0,0
V863,control,75.1,1,3,205.31,51.87,62.63,21.9,59.05,59.34,69.24,39.07,2,emergency,<5_years,low,2,0
V864,control,116.68,1,5,188.51,56.95,72.77,24.9,77.8,42.59,77.36,46.26,1,hospital_medicine,>=5_years,high,0,0
V865,control,113.92,1,5,166.15,63.22,85.68,26.88,87.16,58.58,74.3,46.71,2,critical_care,>=5_years,high,4,0
V866,control,120.12,1,5,186.74,58.72,75.84,16.22,78.13,49.37,83.49,49.28,1,emergency,<5_years,high,0,0
V867,control,95.78,1,4,174.07,52.9,71.96,15.55,71.9,48.62,74.26,35.13,2,hospital_medicine,<5_years,high,3,0
V868,control,85.28,1,4,195.41,55.91,72.74,21.85,75.41,59.37,65.82,40.27,1,critical_care,>=5_years,high,0,0
V869,control,92.43,1,4,194.3,51.35,68.4,17.21,65.22,50.65,70.09,36.55,1,emergency,>=5_years,high,0,0
V870,control,114.07,1,5,196.29,60.79,83.66,20.08,77.23,48.4,82.05,53.33,1,internal_medicine,<5_years,high,0,0
V871,control,92.25,1,4,186.79,53.73,73.12,14.83,66.96,59.14,70.43,37.88,1,hospital_medicine,>=5_years,high,3,0
V872,control,115.07,1,5,195.8,58.5,82.24,16.5,75.6,52.62,80.53,43.49,2,emergency,<5_years,high,0,0
V873,control,91.74,1,4,185.79,54.41,71.57,21.32,66.07,52.69,76.82,37.99,1,critical_care,<5_years,high,3,0
V874,control,112.46,1,5,195.05,60.59,84.77,28.18,71.36,48.42,86.63,44.19,3,hospital_medicine,>=5_years,high,0,0
V875,control,75.43,1,3,176.01,48.49,64.43,11.69,54.35,62.33,62.55,35.6,3,hospital_medicine,<5_years,low,0,0
V876,control,173.43,0,3,192.93,66.94,90.29,28.3,89.79,39.08,98.32,55.89,2,critical_care,<5_years,low,0,0
V877,control,97.66,1,4,186.81,55.45,66.54,21.01,70.83,57.83,73.22,43.28,1,internal_medicine,<5_years,high,0,0
V878,control,116.1,1,5,207.94,60.06,79.53,21.47,77.73,50.38,77.83,53.44,1,hospital_medicine,>=5_years,high,4,0
V879,control,124.01,1,5,195.43,61.13,91.94,23.33,75.89,46.47,85.4,43.76,3,emergency,>=5_years,high,4,0
V880,control,95.34,1,4,197.18,52.67,65.32,21.45,73.47,43.64,74.61,37.53,2,internal_medicine,>=5_years,high,3,0
V881,control,89.28,1,4,216.34,55.8,71.24,17.9,72.97,59.04,68.47,45.19,1,emergency,<5_years,high,0,0
V882,control,63.02,1,3,181.82,49.04,63.32,11.01,59.36,65.38,56.26,38.89,3,critical_care,<5_years,low,2,0
V883,control,77.67,1,3,199.15,52.07,69.43,13.25,65.59,57.09,64.38,42.7,2,critical_care,>=5_years,low,2,0
V884,control,67.84,1,3,184.52,50.02,58.11,22.55,63.62,55.0,61.92,38.89,3,critical_care,>=5_years,low,0,0
V885,control,121.09,1,5,163.34,61.83,82.27,27.55,81.84,43.9,81.61,53.84,3,critical_care,<5_years,high,4,0
V886,control,68.49,1,3,196.39,51.07,69.9,19.34,61.51,65.64,58.35,31.66,1,internal_medicine,>=5_years,low,2,0
V887,control,92.91,1,4,195.91,56.82,79.21,22.73,68.0,52.22,72.77,45.98,3,internal_medicine,<5_years,high,3,0
V888,control,94.13,1,4,206.68,56.58,71.43,15.83,72.71,57.24,66.51,55.74,2,internal_medicine,>=5_years,high,3,0
V889,control,100.33,1,4,196.67,56.57,75.16,17.96,76.32,51.43,77.85,40.72,2,internal_medicine,>=5_years,high,3,0
V890,control,114.81,1,5,186.36,57.56,83.5,19.43,74.04,46.29,78.16,43.92,2,internal_medicine,>=5_years,high,4,0
V891,control,112.84,1,5,187.81,60.04,85.94,16.55,86.29,45.64,73.17,52.64,2,internal_medicine,<5_years,high,0,0
V892,control,98.46,1,4,184.53,58.19,80.68,22.69,73.58,54.01,70.14,48.05,1,emergency,<5_years,high,3,0
V893,control,98.85,1,4,182.73,55.65,77.07,19.38,65.42,51.36,76.21,44.47,3,emergency,<5_years,high,3,0
V894,control,68.81,1,3,195.11,50.59,58.85,15.86,63.0,63.24,63.08,39.5,1,hospital_medicine,>=5_years,low,2,0
V895,control,124.69,1,5,191.24,60.79,89.49,25.07,78.61,47.15,79.53,44.87,2,emergency,<5_years,high,4,0
V896,control,113.93,1,5,188.11,58.86,79.87,19.02,77.06,51.22,79.06,46.95,2,internal_medicine,>=5_years,high,0,0
V897,control,121.56,1,5,182.92,60.33,89.71,21.25,73.46,49.33,76.0,52.25,1,emergency,>=5_years,high,0,0
V898,control,92.8,1,4,185.5,55.15,73.56,22.58,70.04,55.01,67.13,42.59,3,emergency,>=5_years,high,0,0
V899,control,85.28,1,4,181.08,53.82,72.97,10.26,73.91,61.28,68.86,35.67,2,internal_medicine,<5_years,high,3,0
V900,control,124.96,1,5,181.68,58.08,78.54,24.34,76.38,39.0,85.66,44.57,2,emergency,<5_years,high,4,0
V901,control,123.15,1,5,191.83,60.5,88.18,18.38,81.96,45.0,80.32,49.15,1,internal_medicine,>=5_years,high,4,0
V902,control,107.13,1,5,192.86,56.07,79.09,14.31,74.08,50.28,70.75,47.91,3,critical_care,<5_years,high,0,0
V903,control,117.51,1,5,197.06,62.49,90.59,23.59,81.58,47.03,81.07,51.09,2,internal_medicine,<5_years,high,4,0
V904,control,111.85,1,5,195.39,58.31,84.39,24.66,69.38,48.94,70.81,51.68,2,internal_medicine,>=5_years,high,0,0
V905,control,129.16,1,5,179.31,62.23,85.6,22.16,83.78,40.47,90.11,51.25,1,internal_medicine,<5_years,high,4,0
V906,control,65.73,1,3,209.62,51.4,59.22,22.52,65.68,65.44,64.29,31.26,2,emergency,>=5_years,low,2,0
V907,control,101.34,1,4,196.34,55.93,74.49,16.75,76.07,46.61,73.36,48.33,2,internal_medicine,<5_years,high,3,0
V908,control,97.94,1,4,197.98,54.44,72.31,17.12,66.63,53.08,77.41,40.06,1,emergency,<5_years,high,3,0
V909,control,115.23,1,5,185.09,59.55,82.02,24.38,80.09,48.41,74.81,47.56,3,hospital_medicine,>=5_years,high,0,0
V910,control,67.9,1,3,197.06,49.18,66.86,18.41,60.88,57.36,57.08,34.52,3,critical_care,>=5_years,low,2,0
V911,control,100.22,1,4,172.76,56.37,68.83,14.71,74.72,57.5,77.79,44.65,2,emergency,<5_years,high,0,0
V912,control,100.85,1,4,185.24,58.3,74.73,21.04,70.02,55.61,81.74,46.63,2,emergency,>=5_years,high,3,0
V913,control,116.42,1,5,177.59,62.5,82.45,22.75,84.93,51.27,84.05,49.55,2,hospital_medicine,<5_years,high,4,0
V914,control,234.58,0,5,203.68,71.97,100.0,37.02,100.0,21.14,100.0,73.64,2,emergency,>=5_years,high,4,0
V915,control,77.03,1,3,187.39,52.32,66.5,13.89,63.71,64.72,68.42,36.66,1,emergency,<5_years,low,2,0
V916,control,70.68,1,3,193.85,50.76,67.8,19.53,53.13,63.24,62.17,38.67,2,internal_medicine,<5_years,low,2,0
V917,control,91.65,1,4,206.96,53.36,75.26,18.55,73.2,49.3,66.58,37.27,3,internal_medicine,>=5_years,high,3,0
V918,control,112.15,1,5,189.61,57.01,82.53,16.91,72.16,40.74,82.5,47.23,3,internal_medicine,<5_years,high,4,0
V919,control,114.88,1,5,203.08,56.02,77.8,20.02,74.87,42.34,79.74,41.37,3,hospital_medicine,>=5_years,high,0,0
V920,control,74.12,1,3,186.18,50.1,63.67,18.25,63.91,63.42,61.33,30.0,2,critical_care,>=5_years,low,0,0
V921,control,89.75,1,4,181.04,54.53,74.26,20.1,66.7,57.71,67.04,41.39,3,emergency,>=5_years,high,0,0
V922,control,92.99,1,4,182.65,54.08,72.76,16.51,65.66,51.23,70.56,47.77,3,internal_medicine,<5_years,high,3,0
V923,control,109.71,1,5,201.58,57.78,76.69,15.26,82.17,55.98,76.72,39.88,1,hospital_medicine,<5_years,high,4,0
V924,control,121.22,1,5,179.12,61.1,83.54,20.71,82.73,47.39,82.35,49.86,1,internal_medicine,>=5_years,high,4,0
V925,control,122.33,1,5,186.63,62.52,89.56,22.88,79.99,51.3,84.69,46.71,3,critical_care,>=5_years,high,4,0
V926,control,110.22,1,5,187.22,57.5,77.65,17.04,78.86,48.32,77.45,45.67,2,critical_care,<5_years,high,0,0
V927,control,74.46,1,3,198.36,49.16,63.8,22.04,58.78,58.25,59.16,32.92,2,emergency,>=5_years,low,2,0
V928,control,95.61,1,4,199.89,55.62,72.01,23.07,68.63,53.83,72.71,43.49,1,critical_care,>=5_years,high,0,0
V929,control,219.31,0,5,183.54,69.42,100.0,29.71,100.0,25.11,100.0,61.7,3,emergency,>=5_years,high,0,0
V930,control,86.24,1,4,191.67,49.42,65.99,10.95,65.08,50.09,70.69,33.71,2,critical_care,>=5_years,high,3,0
V931,control,123.34,1,5,188.16,59.91,85.99,21.76,76.8,45.51,80.66,48.74,2,emergency,<5_years,high,0,0
V932,control,98.78,1,4,189.89,55.11,68.07,12.44,68.89,54.09,76.64,50.52,2,internal_medicine,<5_years,high,3,0
V933,control,101.73,1,4,194.75,55.5,75.22,27.17,64.96,52.63,70.66,42.38,1,critical_care,<5_years,high,3,0
V934,control,97.61,1,4,179.96,57.78,81.03,24.06,73.26,54.6,77.69,36.03,3,emergency,<5_years,high,0,0
V935,control,120.43,1,5,195.77,56.4,87.42,16.74,73.62,44.28,71.56,44.8,3,emergency,<5_years,high,0,0
V936,control,71.66,1,3,211.52,48.82,59.7,17.03,58.34,62.12,62.98,32.76,1,critical_care,<5_years,low,2,0
V937,control,65.72,1,3,199.27,50.38,61.89,13.64,60.52,71.64,58.96,35.66,1,emergency,<5_years,low,0,0
V938,control,71.23,1,3,184.0,50.33,61.91,17.01,62.29,63.18,63.56,34.03,3,emergency,>=5_years,low,2,0
V939,control,105.79,1,5,198.89,58.33,80.26,25.16,71.35,48.62,76.34,48.28,3,critical_care,<5_years,high,4,0
V940,control,71.98,1,3,181.96,51.86,64.92,17.49,63.41,64.67,63.24,37.41,1,emergency,<5_years,low,2,0
V941,control,82.19,1,3,187.14,51.49,71.31,19.15,57.17,57.71,63.3,40.33,1,critical_care,<5_years,low,2,0
V942,control,71.8,1,3,207.76,44.67,52.74,15.34,53.44,54.44,55.43,36.61,3,hospital_medicine,<5_years,low,0,0
V943,control,65.95,1,3,182.46,49.71,59.64,18.83,59.59,63.04,55.29,41.85,3,critical_care,<5_years,low,0,0
V944,control,118.11,1,5,188.58,61.09,80.02,24.85,79.6,47.07,90.38,44.63,1,emergency,<5_years,high,4,0
V945,control,214.98,0,5,193.53,70.49,100.0,31.21,100.0,23.66,100.0,68.06,3,emergency,<5_years,high,0,0
V946,control,118.82,1,5,193.99,60.03,87.5,23.25,82.33,44.58,76.14,46.4,3,internal_medicine,>=5_years,high,0,0
V947,control,87.37,1,4,198.44,55.35,71.38,23.1,70.59,53.24,68.45,45.32,1,internal_medicine,>=5_years,high,0,0
V948,control,117.58,1,5,181.37,59.96,74.14,22.21,78.68,50.21,82.4,52.11,2,emergency,<5_years,high,4,0
V949,control,72.88,1,3,199.23,53.02,66.81,23.11,64.16,64.41,59.41,40.21,2,emergency,<5_years,low,0,0
V950,control,93.73,1,4,189.24,53.68,76.8,23.26,64.43,48.09,64.68,44.85,1,emergency,<5_years,high,0,0
V951,control,110.02,1,5,175.92,58.42,73.58,24.08,73.78,53.51,83.36,42.18,3,critical_care,<5_years,high,0,0
V952,control,70.59,1,3,188.74,47.26,56.51,14.08,55.32,64.27,62.59,30.81,2,emergency,>=5_years,low,0,0
V953,control,120.93,1,5,184.1,59.5,80.0,14.6,79.24,48.98,81.57,52.61,2,emergency,<5_years,high,4,0
V954,control,107.74,1,5,193.97,60.48,78.91,27.8,81.12,53.31,69.75,51.98,3,hospital_medicine,<5_years,high,0,0
V955,control,68.25,1,3,196.37,47.76,62.34,12.31,54.71,59.8,57.16,40.26,1,emergency,<5_years,low,0,0
V956,control,130.24,1,5,196.03,61.53,82.3,18.76,84.07,47.85,87.29,48.92,3,hospital_medicine,>=5_years,high,4,0
V957,control,194.87,0,4,176.76,70.78,100.0,25.78,97.04,41.49,100.0,60.38,3,hospital_medicine,>=5_years,high,3,0
V958,control,94.24,1,4,177.32,56.53,80.32,20.35,70.99,51.29,71.82,44.43,3,internal_medicine,<5_years,high,3,0
V959,control,68.08,1,3,192.22,50.44,60.05,17.14,60.52,64.8,64.28,35.88,3,emergency,<5_years,low,2,0
V960,control,71.93,1,3,221.59,49.74,62.41,15.94,58.43,60.81,62.49,38.38,1,critical_care,>=5_years,low,2,0
V961,control,81.79,1,4,176.81,53.24,74.82,18.25,69.74,53.56,69.13,33.94,2,internal_medicine,<5_years,high,3,0
V962,control,87.57,1,4,174.05,52.94,67.57,25.55,61.39,53.18,72.05,37.92,2,emergency,>=5_years,high,0,0
V963,control,95.66,1,4,200.2,52.15,77.33,18.18,68.66,47.76,65.8,35.17,2,emergency,<5_years,high,3,0
V964,control,92.75,1,4,188.33,53.87,72.85,16.04,68.82,56.46,72.73,36.35,1,emergency,<5_years,high,0,0
V965,control,123.23,1,5,208.61,62.08,82.62,21.98,87.89,45.87,82.47,51.65,2,internal_medicine,>=5_years,high,4,0
V966,control,112.92,1,5,193.58,57.81,72.82,22.75,81.14,46.79,75.38,48.01,3,critical_care,>=5_years,high,0,0
V967,control,120.82,1,5,183.13,58.72,81.14,21.26,83.38,44.99,75.61,45.97,1,internal_medicine,>=5_years,high,4,0
V968,control,99.08,1,4,197.08,57.44,70.03,25.31,77.7,52.1,74.16,45.33,2,critical_care,<5_years,high,0,0
V969,control,122.88,1,5,190.35,62.15,85.42,22.3,83.65,51.16,81.92,48.45,2,hospital_medicine,<5_years,high,0,0
V970,control,92.57,1,4,187.44,50.82,66.15,17.48,67.92,44.66,66.98,41.74,2,critical_care,<5_years,high,0,0
V971,control,90.58,1,4,187.9,57.78,76.23,20.98,72.05,62.73,71.87,42.83,3,emergency,>=5_years,high,3,0
V972,control,100.42,1,4,197.66,54.46,73.25,18.43,72.14,48.81,66.37,47.78,1,internal_medicine,>=5_years,high,0,0
V973,control,68.46,1,3,196.06,46.31,56.1,10.02,57.71,54.21,59.69,40.13,2,emergency,<5_years,low,2,0
V974,control,89.12,1,4,184.21,53.38,72.0,19.53,67.8,53.94,64.08,42.95,3,internal_medicine,<5_years,high,0,0
V975,control,96.64,1,4,184.7,52.26,68.6,12.91,63.34,57.6,68.93,42.18,1,emergency,<5_years,high,0,0
V976,control,169.22,0,3,172.77,66.29,94.23,22.87,84.38,34.79,100.0,61.48,1,hospital_medicine,>=5_years,low,0,0
V977,control,64.4,1,3,198.67,48.12,58.9,14.35,54.46,62.84,61.4,36.74,1,emergency,<5_years,low,0,0
V978,control,97.43,1,4,194.69,53.17,70.47,20.08,68.24,52.42,64.37,43.42,1,critical_care,<5_years,high,3,0
V979,control,76.17,1,3,172.81,48.89,68.29,15.29,60.63,58.12,57.09,33.91,1,emergency,<5_years,low,2,0
V980,control,79.45,1,3,184.21,49.78,61.05,14.88,62.02,58.84,67.08,34.83,1,internal_medicine,<5_years,low,2,0
V981,control,101.69,1,4,175.04,56.76,76.82,23.58,72.68,50.93,72.58,43.95,2,critical_care,<5_years,high,0,0
V982,control,97.03,1,4,196.96,56.22,77.85,28.34,64.5,53.14,68.32,45.15,1,hospital_medicine,<5_years,high,3,0
V983,control,69.95,1,3,169.33,47.89,58.03,10.6,58.85,61.39,63.39,35.06,2,internal_medicine,<5_years,low,2,0
V984,control,67.75,1,3,185.45,49.2,63.03,14.27,63.31,57.87,59.9,36.8,3,critical_care,>=5_years,low,0,0
V985,control,77.15,1,3,181.21,48.88,61.56,16.96,63.25,62.44,52.19,36.88,3,hospital_medicine,>=5_years,low,2,0
V986,control,120.8,1,5,201.56,61.22,84.28,24.12,81.74,47.58,79.39,50.2,1,critical_care,<5_years,high,4,0
V987,control,94.81,1,4,192.82,56.38,78.62,17.52,68.01,53.12,73.77,47.23,2,emergency,>=5_years,high,3,0
V988,control,69.42,1,3,190.31,47.17,58.74,14.73,60.74,53.08,65.59,30.17,2,hospital_medicine,<5_years,low,2,0
V989,control,95.82,1,4,188.47,55.48,73.85,21.62,61.83,52.82,75.04,47.69,1,hospital_medicine,>=5_years,high,3,0
V990,control,70.63,1,3,193.44,49.28,54.47,20.4,54.83,61.09,64.01,40.87,3,internal_medicine,>=5_years,low,2,0
V991,control,105.0,1,5,195.15,59.97,83.11,19.69,75.7,50.09,81.81,49.43,1,emergency,>=5_years,high,0,0
V992,control,69.77,1,3,191.24,49.38,60.95,16.23,65.73,56.63,62.85,33.88,1,hospital_medicine,>=5_years,low,2,0
V993,control,64.75,1,3,183.25,50.05,62.89,18.38,57.4,61.42,64.51,35.68,1,internal_medicine,>=5_years,low,2,0
V994,control,88.66,1,4,199.48,52.5,73.69,25.05,62.23,50.86,65.55,37.62,1,internal_medicine,<5_years,high,3,0
V995,control,114.37,1,5,176.97,59.52,80.94,20.92,82.78,45.38,83.23,43.89,1,hospital_medicine,<5_years,high,4,0
V996,control,65.69,1,3,182.01,47.98,63.49,17.22,58.5,57.27,59.93,31.45,3,critical_care,>=5_years,low,0,0
V997,control,103.52,1,5,193.47,56.73,77.06,25.13,77.81,44.4,71.95,44.03,3,hospital_medicine,<5_years,high,0,0
V998,control,70.6,1,3,173.62,50.01,61.19,19.33,62.68,61.55,59.48,35.82,3,critical_care,<5_years,low,0,0
V999,control,94.74,1,4,201.78,56.46,74.95,28.21,72.72,53.05,72.02,37.79,3,critical_care,<5_years,high,3,0
V1000,control,123.64,1,5,193.15,57.52,81.7,17.22,75.64,38.91,79.1,52.58,3,hospital_medicine,<5_years,high,4,0
V001,bm25,92.43,1,4,213.0,60.15,74.73,23.57,79.37,61.71,74.66,46.88,3,internal_medicine,<5_years,high,3,0
V002,bm25,114.13,1,5,184.98,56.16,77.23,22.79,76.76,44.47,72.66,43.04,2,emergency,<5_years,high,0,0
V003,bm25,213.04,0,4,183.71,70.02,100.0,22.94,100.0,32.3,100.0,64.87,3,critical_care,<5_years,high,3,0
V004,bm25,118.79,1,5,184.78,57.52,78.74,24.09,74.42,47.82,75.59,44.47,2,hospital_medicine,>=5_years,high,0,0
V005,bm25,116.67,1,5,176.4,60.42,80.68,16.38,80.23,49.28,88.55,47.42,2,hospital_medicine,<5_years,high,4,0
V006,bm25,124.03,1,5,186.98,59.2,83.82,20.75,77.4,43.92,81.24,48.08,3,critical_care,<5_years,high,4,0
V007,bm25,116.62,1,5,185.5,58.34,77.15,23.97,80.72,45.02,76.55,46.64,1,emergency,<5_years,high,4,0
V008,bm25,68.67,1,3,198.14,49.33,57.81,15.38,62.42,57.67,60.11,42.62,2,critical_care,<5_years,low,2,0
V009,bm25,115.27,1,5,182.34,59.74,76.62,25.8,75.86,53.53,79.57,47.05,2,critical_care,>=5_years,high,0,0
V010,bm25,96.59,1,4,189.63,57.09,73.29,24.11,77.9,53.92,67.49,45.86,3,emergency,>=5_years,high,3,0
V011,bm25,77.92,1,4,200.8,49.94,62.98,17.79,59.83,52.7,69.13,37.19,2,emergency,<5_years,high,0,0
V012,bm25,96.16,1,4,198.78,53.94,71.06,16.23,66.11,55.85,71.66,42.72,3,internal_medicine,<5_years,high,3,0
V013,bm25,113.32,1,5,185.41,59.59,77.65,16.66,84.84,50.45,80.16,47.8,1,critical_care,<5_years,high,4,0
V014,bm25,109.5,1,5,188.96,56.33,76.9,17.49,73.65,46.0,81.76,42.18,1,internal_medicine,>=5_years,high,4,0
V015,bm25,119.71,1,5,194.33,61.29,85.17,24.64,81.12,48.54,74.32,53.96,1,critical_care,>=5_years,high,4,0
V016,bm25,72.06,1,3,182.56,52.43,74.44,14.38,59.43,66.3,64.17,35.86,2,internal_medicine,<5_years,low,2,0
V017,bm25,68.93,1,3,192.06,49.46,56.1,16.14,63.31,63.98,54.96,42.28,1,hospital_medicine,>=5_years,low,2,0
V018,bm25,70.43,1,3,208.42,48.02,59.76,15.24,63.66,54.79,61.86,32.83,3,emergency,<5_years,low,2,0
V019,bm25,73.66,1,3,172.65,48.07,65.44,15.91,56.47,55.62,55.54,39.45,1,critical_care,<5_years,low,0,0
V020,bm25,119.22,1,5,185.3,59.64,78.95,19.33,80.93,44.08,87.24,47.3,1,hospital_medicine,<5_years,high,0,0
V021,bm25,68.19,1,3,195.97,47.67,57.6,20.05,60.01,56.56,60.62,31.14,2,critical_care,<5_years,low,0,0
V022,bm25,102.11,1,4,190.77,54.17,76.61,13.45,70.29,50.59,69.49,44.58,3,emergency,<5_years,high,3,0
V023,bm25,121.04,1,5,175.68,60.84,88.51,23.9,76.27,48.94,80.56,46.87,1,hospital_medicine,<5_years,high,4,0
V024,bm25,83.83,1,4,182.76,50.69,69.42,15.4,64.52,53.97,60.97,39.87,2,internal_medicine,<5_years,high,3,0
V025,bm25,79.84,1,3,186.06,49.91,67.55,16.0,64.13,50.49,67.97,33.31,1,emergency,<5_years,low,2,0
V026,bm25,67.61,1,3,190.29,49.06,64.51,19.33,58.89,61.35,58.28,31.97,3,critical_care,>=5_years,low,0,0
V027,bm25,93.32,1,4,190.99,53.87,69.61,18.4,68.21,47.95,71.39,47.65,1,critical_care,<5_years,high,3,0
V028,bm25,91.59,1,4,199.48,54.56,75.35,17.2,77.81,54.64,58.76,43.61,1,emergency,<5_years,high,0,0
V029,bm25,174.39,0,3,183.12,68.0,99.55,32.7,87.92,36.91,98.44,52.45,2,hospital_medicine,>=5_years,low,0,0
V030,bm25,70.77,1,3,182.19,49.87,63.31,22.67,48.05,59.7,65.25,40.25,1,internal_medicine,>=5_years,low,2,0
V031,bm25,70.98,1,3,182.65,47.52,64.07,5.76,59.34,62.2,64.71,29.04,3,internal_medicine,<5_years,low,0,0
V032,bm25,86.62,1,4,170.44,54.91,66.29,21.61,72.77,51.58,71.14,46.08,3,emergency,<5_years,high,3,0
V033,bm25,74.73,1,3,184.95,50.73,67.81,12.82,62.01,56.06,61.97,43.69,2,emergency,>=5_years,low,2,0
V034,bm25,69.07,1,3,186.22,47.76,61.08,6.28,56.14,59.74,63.78,39.52,3,internal_medicine,>=5_years,low,0,0
V035,bm25,68.32,1,3,178.1,50.16,60.73,18.02,59.8,65.84,63.13,33.45,2,hospital_medicine,<5_years,low,0,0
V036,bm25,100.38,1,4,191.51,54.24,70.95,23.34,73.41,50.9,67.47,39.4,3,critical_care,<5_years,high,3,0
V037,bm25,63.24,1,3,193.27,49.24,61.81,21.05,59.81,63.83,48.43,40.49,1,hospital_medicine,>=5_years,low,0,0
V038,bm25,118.41,1,5,181.83,61.83,80.46,22.88,85.42,49.35,81.04,51.81,3,internal_medicine,>=5_years,high,4,0
V039,bm25,69.62,1,3,193.4,48.05,60.24,18.53,56.12,55.11,61.58,36.74,1,internal_medicine,<5_years,low,2,0
V040,bm25,111.5,1,5,193.97,59.03,80.59,25.12,70.12,56.81,73.3,48.25,1,hospital_medicine,>=5_years,high,4,0
V041,bm25,113.7,1,5,183.91,57.36,85.66,16.01,73.74,48.55,76.26,43.93,1,internal_medicine,>=5_years,high,4,0
V042,bm25,208.42,0,4,209.75,71.19,100.0,30.82,100.0,27.02,100.0,69.28,1,hospital_medicine,>=5_years,high,0,0
V043,bm25,59.49,1,3,191.74,46.44,61.87,13.51,56.37,57.95,55.63,33.31,3,emergency,<5_years,low,0,0
V044,bm25,122.26,1,5,175.45,61.43,85.79,21.23,85.83,44.8,83.06,47.89,2,hospital_medicine,>=5_years,high,4,0
V045,bm25,69.44,1,3,189.08,46.38,56.12,16.22,53.32,63.16,51.6,37.82,1,hospital_medicine,<5_years,low,0,0
V046,bm25,66.96,1,3,182.32,50.62,63.19,16.86,58.13,66.78,62.51,36.23,2,critical_care,<5_years,low,0,0
V047,bm25,65.19,1,3,186.9,46.07,54.26,12.7,57.52,62.21,51.07,38.68,3,critical_care,>=5_years,low,0,0
V048,bm25,88.75,1,4,193.66,51.53,77.43,18.4,66.75,48.82,65.44,32.36,2,internal_medicine,<5_years,high,3,0
V049,bm25,110.59,1,5,193.95,59.26,77.71,23.17,76.98,50.39,75.74,51.55,1,internal_medicine,<5_years,high,0,0
V050,bm25,119.99,1,5,184.22,58.78,84.05,19.49,72.94,44.31,86.39,45.52,1,hospital_medicine,>=5_years,high,0,0
V051,bm25,73.1,1,3,182.85,47.28,62.24,16.05,56.69,54.74,57.19,36.77,3,emergency,>=5_years,low,0,0
V052,bm25,221.92,0,4,178.52,70.99,100.0,28.48,100.0,29.96,100.0,67.53,2,emergency,<5_years,high,0,0
V053,bm25,62.63,1,3,180.41,47.91,63.78,14.78,59.44,59.98,57.92,31.56,1,critical_care,>=5_years,low,2,0
V054,bm25,89.61,1,4,190.36,55.32,70.62,18.38,72.22,62.75,64.6,43.34,3,hospital_medicine,<5_years,high,0,0
V055,bm25,97.14,1,4,182.52,55.52,76.12,16.63,66.78,57.43,68.03,48.13,2,internal_medicine,<5_years,high,0,0
V056,bm25,87.29,1,4,181.88,53.97,72.98,20.23,73.63,47.78,67.31,41.88,2,critical_care,<5_years,high,3,0
V057,bm25,63.09,1,3,189.28,47.87,65.06,12.66,49.54,59.06,63.51,37.36,2,critical_care,<5_years,low,2,0
V058,bm25,189.87,0,3,173.52,70.11,100.0,24.55,100.0,35.63,94.54,65.96,3,hospital_medicine,<5_years,low,2,0
V059,bm25,72.12,1,3,185.15,49.74,60.48,10.3,56.83,63.42,64.82,42.6,2,hospital_medicine,<5_years,low,2,0
V060,bm25,93.67,1,4,184.72,55.71,67.16,22.33,70.34,62.45,71.49,40.47,2,critical_care,>=5_years,high,3,0
V061,bm25,69.46,1,3,179.53,47.69,68.99,16.42,59.92,52.68,56.36,31.75,3,hospital_medicine,>=5_years,low,2,0
V062,bm25,121.0,1,5,187.83,61.85,84.71,25.49,84.76,42.17,80.89,53.1,1,critical_care,<5_years,high,0,0
V063,bm25,70.63,1,3,182.1,47.82,69.88,7.29,60.77,54.52,57.47,36.96,1,emergency,<5_years,low,2,0
V064,bm25,110.28,1,5,178.84,58.61,79.74,20.97,75.64,53.1,74.21,47.98,2,critical_care,>=5_years,high,0,0
V065,bm25,96.29,1,4,191.04,54.99,82.13,21.6,62.42,52.81,73.07,37.91,1,internal_medicine,<5_years,high,3,0
V066,bm25,92.18,1,4,193.37,52.82,69.49,12.87,69.38,59.15,62.99,43.04,1,emergency,>=5_years,high,0,0
V067,bm25,112.15,1,5,201.22,59.03,81.29,26.51,77.96,55.9,75.95,36.58,3,emergency,<5_years,high,4,0
V068,bm25,69.06,1,3,190.16,47.32,59.41,15.43,59.63,56.59,58.36,34.46,3,critical_care,<5_years,low,0,0
V069,bm25,119.44,1,5,180.37,58.95,79.96,19.31,72.65,51.01,80.35,50.4,2,critical_care,<5_years,high,0,0
V070,bm25,92.48,1,4,186.07,54.19,74.51,17.16,67.21,49.45,72.72,44.08,2,hospital_medicine,>=5_years,high,0,0
V071,bm25,112.18,1,5,199.63,59.63,84.46,23.49,78.64,45.48,77.69,48.01,3,hospital_medicine,>=5_years,high,4,0
V072,bm25,63.14,1,3,194.18,48.57,58.34,17.3,57.37,61.19,58.28,38.96,3,internal_medicine,>=5_years,low,0,0
V073,bm25,86.41,1,4,188.94,54.47,63.99,22.54,63.51,55.61,71.99,49.16,1,hospital_medicine,>=5_years,high,3,0
V074,bm25,109.92,1,5,181.02,60.03,84.29,21.06,76.52,50.4,78.41,49.52,3,hospital_medicine,>=5_years,high,0,0
V075,bm25,120.24,1,5,191.7,58.25,82.64,22.67,80.82,42.21,75.63,45.54,2,critical_care,<5_years,high,0,0
V076,bm25,70.81,1,3,211.89,50.43,62.89,10.48,63.06,64.98,62.01,39.15,3,emergency,<5_years,low,0,0
V077,bm25,106.65,1,5,184.94,58.0,77.11,22.87,73.91,46.55,82.49,45.11,3,hospital_medicine,>=5_years,high,0,0
V078,bm25,87.74,1,4,200.69,52.57,67.6,22.07,64.86,50.49,67.79,42.6,1,emergency,>=5_years,high,3,0
V079,bm25,71.98,1,3,180.39,50.88,55.81,16.9,70.3,59.83,62.15,40.31,1,emergency,>=5_years,low,2,0
V080,bm25,68.47,1,3,203.73,51.12,66.44,14.4,61.89,60.83,63.43,39.74,2,emergency,<5_years,low,2,0
V081,bm25,63.88,1,3,178.08,47.3,62.02,16.4,51.44,61.26,61.2,31.5,3,critical_care,>=5_years,low,0,0
V082,bm25,123.52,1,5,206.87,60.31,88.18,23.45,70.23,49.99,84.37,45.63,3,critical_care,<5_years,high,4,0
V083,bm25,71.09,1,3,199.98,50.22,61.94,20.82,58.03,57.59,63.57,39.35,3,internal_medicine,>=5_years,low,2,0
V084,bm25,94.19,1,4,184.93,55.08,76.56,15.71,68.93,51.56,75.33,42.37,2,emergency,<5_years,high,0,0
V085,bm25,61.93,1,3,172.6,49.32,62.25,21.95,54.41,64.58,59.95,32.8,2,hospital_medicine,>=5_years,low,2,0
V086,bm25,68.27,1,3,203.12,48.72,60.88,26.37,55.93,58.4,56.84,33.88,3,hospital_medicine,<5_years,low,2,0
V087,bm25,96.16,1,4,174.9,54.44,72.3,20.48,67.83,54.33,69.98,41.71,2,hospital_medicine,>=5_years,high,3,0
V088,bm25,67.17,1,3,195.99,51.3,59.99,17.26,63.09,66.88,63.68,36.89,3,critical_care,<5_years,low,2,0
V089,bm25,86.18,1,4,187.23,51.97,78.75,16.24,64.35,51.49,64.94,36.06,3,hospital_medicine,<5_years,high,3,0
V090,bm25,66.61,1,3,191.32,48.2,59.88,15.14,59.3,67.52,57.93,29.45,3,emergency,>=5_years,low,2,0
V091,bm25,114.98,1,5,182.07,57.95,86.47,18.55,73.47,52.35,78.99,37.85,2,emergency,>=5_years,high,0,0
V092,bm25,89.51,1,4,193.91,50.41,66.72,19.22,69.38,44.19,66.45,36.5,3,emergency,>=5_years,high,3,0
V093,bm25,66.37,1,3,193.81,49.9,61.26,16.73,54.71,62.09,62.06,42.54,2,critical_care,<5_years,low,2,0
V094,bm25,84.03,1,4,184.48,54.07,75.6,18.37,63.08,58.09,72.82,36.45,3,critical_care,<5_years,high,3,0
V095,bm25,115.38,1,5,191.96,59.92,86.71,25.29,78.99,45.11,76.97,46.43,1,internal_medicine,>=5_years,high,4,0
V096,bm25,79.71,1,3,173.53,51.31,67.81,16.71,61.34,54.64,64.81,42.57,1,hospital_medicine,>=5_years,low,0,0
V097,bm25,63.09,1,3,173.34,47.98,56.14,7.77,57.42,64.42,61.23,40.88,1,hospital_medicine,<5_years,low,0,0
V098,bm25,70.08,1,3,196.41,47.71,57.58,13.55,64.49,56.17,55.26,39.22,2,critical_care,<5_years,low,0,0
V099,bm25,65.93,1,3,179.2,51.15,64.84,14.42,63.36,63.83,61.6,38.88,3,internal_medicine,<5_years,low,2,0
V100,bm25,72.98,1,3,202.86,48.18,58.94,17.83,60.14,59.24,58.31,34.62,1,critical_care,<5_years,low,2,0
V101,bm25,117.12,1,5,207.55,59.8,85.06,21.4,79.53,45.24,78.24,49.31,3,internal_medicine,>=5_years,high,4,0
V102,bm25,68.7,1,3,182.59,49.18,66.6,17.45,54.01,57.12,65.89,34.02,3,critical_care,<5_years,low,0,0
V103,bm25,74.46,1,3,191.19,48.34,59.38,16.55,60.54,57.63,58.23,37.71,1,hospital_medicine,<5_years,low,2,0
V104,bm25,112.91,1,5,189.23,62.0,91.47,22.03,79.0,51.49,82.09,45.91,1,hospital_medicine,<5_years,high,0,0
V105,bm25,66.77,1,3,195.9,45.12,59.73,12.96,44.61,59.21,59.28,34.95,2,hospital_medicine,>=5_years,low,2,0
V106,bm25,69.4,1,3,208.7,47.82,59.99,18.56,57.9,56.34,59.96,34.18,3,hospital_medicine,>=5_years,low,2,0
V107,bm25,67.22,1,3,164.4,50.49,70.77,11.32,58.22,61.54,59.22,41.89,3,hospital_medicine,<5_years,low,2,0
V108,bm25,116.09,1,5,197.4,58.63,76.74,27.31,76.23,45.58,80.39,45.56,1,emergency,<5_years,high,4,0
V109,bm25,67.36,1,3,201.81,47.95,62.27,17.06,60.52,56.01,55.73,36.09,1,critical_care,>=5_years,low,0,0
V110,bm25,199.2,0,4,172.09,70.52,100.0,32.49,100.0,32.95,100.0,57.68,3,critical_care,<5_years,high,3,0
V111,bm25,92.38,1,4,173.05,54.78,79.28,20.19,67.51,49.2,69.19,43.33,3,hospital_medicine,>=5_years,high,0,0
V112,bm25,96.64,1,4,182.18,56.34,72.84,17.72,78.6,56.34,73.0,39.54,3,critical_care,<5_years,high,3,0
V113,bm25,77.11,1,3,181.87,49.32,64.43,9.36,63.26,54.38,65.0,39.5,1,critical_care,>=5_years,low,2,0
V114,bm25,66.99,1,3,185.63,48.5,61.55,16.53,51.11,58.81,64.93,38.05,2,internal_medicine,<5_years,low,2,0
V115,bm25,70.12,1,3,176.01,48.43,65.79,14.04,54.71,61.86,55.97,38.18,2,emergency,<5_years,low,2,0
V116,bm25,70.93,1,3,194.17,49.7,64.53,21.55,53.49,60.81,57.95,39.87,3,internal_medicine,<5_years,low,2,0
V117,bm25,115.88,1,5,196.55,59.43,80.84,17.15,82.82,45.83,82.84,47.11,2,internal_medicine,<5_years,high,4,0
V118,bm25,97.32,1,4,188.65,55.69,68.77,20.0,66.89,50.71,72.14,55.65,1,internal_medicine,>=5_years,high,3,0
V119,bm25,92.06,1,4,200.56,53.54,70.22,22.89,66.45,54.72,67.9,39.09,1,critical_care,<5_years,high,0,0
V120,bm25,119.73,1,5,188.42,59.03,83.06,21.23,77.91,45.2,82.61,44.19,1,internal_medicine,<5_years,high,0,0
V121,bm25,97.37,1,4,177.69,52.6,75.05,13.73,68.33,51.04,71.37,36.07,1,critical_care,>=5_years,high,0,0
V122,bm25,115.81,1,5,178.96,58.77,78.8,14.7,82.66,52.04,74.61,49.79,2,critical_care,<5_years,high,4,0
V123,bm25,72.01,1,3,185.41,52.56,54.26,18.35,65.82,61.57,71.6,43.76,2,critical_care,<5_years,low,2,0
V124,bm25,112.22,1,5,189.88,56.37,79.37,14.02,76.65,44.3,75.77,48.11,3,emergency,>=5_years,high,4,0
V125,bm25,77.43,1,3,189.71,47.38,60.73,15.24,60.03,54.33,60.99,32.95,1,hospital_medicine,>=5_years,low,2,0
V126,bm25,82.52,1,4,176.04,51.27,72.88,14.1,63.15,54.09,64.05,39.34,1,internal_medicine,<5_years,high,0,0
V127,bm25,112.25,1,5,199.39,60.04,83.47,23.3,83.24,52.52,76.87,40.85,1,critical_care,>=5_years,high,4,0
V128,bm25,72.8,1,3,189.11,51.86,62.61,19.03,63.72,63.24,62.9,39.69,1,emergency,<5_years,low,0,0
V129,bm25,198.65,0,4,179.95,70.19,100.0,19.83,100.0,39.68,100.0,61.65,2,critical_care,<5_years,high,0,0
V130,bm25,66.19,1,3,204.42,50.84,61.94,18.62,54.86,60.25,63.45,45.95,2,critical_care,>=5_years,low,2,0
V131,bm25,97.79,1,4,191.79,54.89,74.42,18.42,68.22,56.37,70.39,41.51,3,hospital_medicine,>=5_years,high,0,0
V132,bm25,95.62,1,4,180.9,51.69,62.29,20.21,64.22,52.51,71.52,39.42,1,hospital_medicine,<5_years,high,3,0
V133,bm25,202.08,0,4,188.22,70.3,97.44,31.17,98.93,29.13,100.0,65.14,3,emergency,>=5_years,high,3,0
V134,bm25,123.87,1,5,185.0,62.2,88.28,20.99,80.06,51.56,84.5,47.79,3,hospital_medicine,<5_years,high,0,0
V135,bm25,74.66,1,3,193.2,49.0,65.85,15.99,59.02,58.17,61.44,33.55,2,internal_medicine,<5_years,low,0,0
V136,bm25,67.9,1,3,180.76,50.57,61.08,19.04,56.66,61.02,66.63,38.99,1,critical_care,<5_years,low,2,0
V137,bm25,128.72,1,5,183.15,61.1,87.57,23.82,78.33,45.86,82.07,48.92,1,emergency,<5_years,high,0,0
V138,bm25,95.65,1,4,175.08,53.61,67.36,22.29,65.16,52.58,72.98,41.26,2,internal_medicine,>=5_years,high,3,0
V139,bm25,66.25,1,3,195.35,49.9,61.55,18.1,63.04,58.17,64.86,33.65,2,hospital_medicine,<5_years,low,2,0
V140,bm25,92.0,1,4,190.87,51.37,72.03,10.33,65.97,47.52,69.38,42.97,1,emergency,>=5_years,high,3,0
V141,bm25,90.73,1,4,194.88,54.72,73.64,20.6,70.9,53.45,70.89,38.82,2,internal_medicine,>=5_years,high,3,0
V142,bm25,229.12,0,5,201.47,71.8,100.0,36.89,100.0,24.0,100.0,69.92,2,emergency,<5_years,high,0,0
V143,bm25,93.89,1,4,192.74,56.16,79.08,20.81,66.9,55.84,72.44,41.89,3,internal_medicine,>=5_years,high,0,0
V144,bm25,128.7,1,5,192.92,59.85,91.6,23.82,81.74,39.44,77.22,45.31,3,internal_medicine,>=5_years,high,4,0
V145,bm25,108.43,1,5,194.47,60.21,87.91,21.36,74.97,54.93,77.24,44.85,1,hospital_medicine,>=5_years,high,0,0
V146,bm25,99.56,1,4,187.3,56.0,78.0,19.46,68.88,53.08,78.6,38.02,1,hospital_medicine,<5_years,high,0,0
V147,bm25,65.41,1,3,193.22,49.81,66.06,12.82,60.22,64.46,57.67,37.65,1,critical_care,<5_years,low,0,0
V148,bm25,68.67,1,3,190.63,49.31,65.56,16.13,54.87,57.88,69.39,32.02,3,emergency,>=5_years,low,2,0
V149,bm25,113.67,1,5,179.02,59.93,80.99,26.9,80.04,50.83,75.33,45.47,1,hospital_medicine,<5_years,high,0,0
V150,bm25,95.43,1,4,187.94,57.04,78.63,26.94,62.95,54.13,76.59,42.97,1,critical_care,>=5_years,high,0,0
V151,bm25,117.85,1,5,198.25,57.25,78.39,19.98,76.9,55.73,72.01,40.5,2,emergency,<5_years,high,0,0
V152,bm25,70.19,1,3,212.32,48.54,58.92,15.41,57.23,61.0,55.1,43.56,2,internal_medicine,>=5_years,low,0,0
V153,bm25,99.61,1,4,197.65,55.96,76.34,27.49,66.79,51.27,72.88,40.98,1,emergency,<5_years,high,3,0
V154,bm25,70.06,1,3,191.9,49.08,61.7,11.52,57.44,63.95,60.07,39.81,1,internal_medicine,<5_years,low,0,0
V155,bm25,97.43,1,4,186.84,55.48,70.83,21.89,71.64,52.83,70.49,45.22,2,internal_medicine,<5_years,high,0,0
V156,bm25,86.88,1,4,186.92,55.23,77.8,15.96,70.2,57.25,68.95,41.21,1,hospital_medicine,<5_years,high,3,0
V157,bm25,88.7,1,4,205.48,50.51,71.94,11.24,65.08,52.21,57.89,44.7,1,emergency,<5_years,high,3,0
V158,bm25,111.15,1,5,194.84,61.74,87.78,30.58,73.09,55.73,77.01,46.25,2,critical_care,>=5_years,high,4,0
V159,bm25,78.06,1,3,189.96,52.31,68.33,19.04,58.76,64.05,67.87,35.81,3,critical_care,<5_years,low,2,0
V160,bm25,72.43,1,3,181.55,50.08,66.16,18.48,54.02,65.59,57.3,38.92,3,critical_care,>=5_years,low,2,0
V161,bm25,88.11,1,4,202.23,56.52,78.1,21.02,65.43,55.95,69.17,49.47,3,emergency,>=5_years,high,3,0
V162,bm25,115.55,1,5,185.35,59.72,81.82,26.03,81.14,44.45,76.94,47.93,1,emergency,>=5_years,high,0,0
V163,bm25,70.0,1,3,185.91,49.79,64.96,17.56,54.82,61.75,61.87,37.77,2,critical_care,>=5_years,low,2,0
V164,bm25,67.72,1,3,185.33,48.5,63.27,13.71,60.18,58.08,59.47,36.29,2,critical_care,<5_years,low,0,0
V165,bm25,127.32,1,5,182.42,59.39,80.19,27.1,79.17,41.51,80.31,48.07,3,hospital_medicine,<5_years,high,4,0
V166,bm25,118.32,1,5,187.52,60.56,86.91,21.6,78.84,46.09,80.57,49.38,1,emergency,>=5_years,high,0,0
V167,bm25,84.06,1,4,200.06,54.17,72.93,24.88,62.35,56.13,70.9,37.82,1,hospital_medicine,<5_years,high,3,0
V168,bm25,68.94,1,3,198.91,49.88,61.72,13.13,60.29,61.24,68.58,34.33,1,emergency,>=5_years,low,0,0
V169,bm25,71.75,1,3,223.71,52.61,68.55,24.85,65.62,62.45,55.82,38.36,1,emergency,>=5_years,low,0,0
V170,bm25,121.05,1,5,192.21,59.91,79.08,19.74,77.73,47.34,82.56,53.03,3,hospital_medicine,<5_years,high,0,0
V171,bm25,70.93,1,3,199.64,48.16,62.07,16.88,58.45,60.09,57.44,34.05,1,emergency,<5_years,low,2,0
V172,bm25,59.77,1,3,199.97,45.86,61.57,13.57,56.62,54.67,56.62,32.11,1,hospital_medicine,>=5_years,low,0,0
V173,bm25,116.01,1,5,206.83,56.51,83.52,20.22,70.25,44.25,77.43,43.36,3,critical_care,>=5_years,high,4,0
V174,bm25,109.94,1,5,181.38,57.31,78.35,22.84,74.25,43.26,79.41,45.74,1,internal_medicine,>=5_years,high,0,0
V175,bm25,90.7,1,4,199.79,53.74,79.33,19.71,62.93,54.93,64.78,40.76,3,internal_medicine,>=5_years,high,0,0
V176,bm25,169.74,0,3,174.75,67.72,99.58,29.37,86.98,40.52,91.22,58.66,3,internal_medicine,>=5_years,low,0,0
V177,bm25,73.08,1,3,189.73,51.79,65.34,14.97,65.64,61.93,59.96,42.92,1,hospital_medicine,>=5_years,low,0,0
V178,bm25,62.17,1,3,182.34,47.71,56.94,14.26,59.12,68.88,54.36,32.69,1,emergency,<5_years,low,2,0
V179,bm25,119.86,1,5,188.01,57.53,76.2,16.21,79.08,43.6,85.9,44.18,1,internal_medicine,>=5_years,high,4,0
V180,bm25,91.43,1,4,189.99,55.73,72.26,23.26,68.43,54.49,70.91,45.04,2,critical_care,<5_years,high,3,0
V181,bm25,121.69,1,5,200.72,59.77,79.9,26.82,75.89,42.15,84.76,49.12,3,emergency,<5_years,high,0,0
V182,bm25,112.72,1,5,201.12,61.04,81.11,25.41,81.4,50.9,80.63,46.81,2,internal_medicine,<5_years,high,4,0
V183,bm25,118.89,1,5,179.58,59.29,80.7,25.93,74.15,44.41,81.68,48.89,1,critical_care,>=5_years,high,4,0
V184,bm25,110.62,1,5,204.62,59.57,83.98,24.06,69.98,51.6,79.46,48.37,1,critical_care,>=5_years,high,0,0
V185,bm25,65.59,1,3,172.95,49.8,60.78,23.47,61.48,69.06,56.56,27.42,2,critical_care,<5_years,low,2,0
V186,bm25,67.48,1,3,168.33,52.05,68.46,12.33,69.05,68.87,60.66,32.93,3,hospital_medicine,<5_years,low,2,0
V187,bm25,67.58,1,3,181.83,51.79,62.39,23.47,63.25,62.14,66.62,32.87,1,hospital_medicine,>=5_years,low,2,0
V188,bm25,85.46,1,4,181.09,52.88,69.34,23.25,64.02,57.07,63.85,39.75,2,internal_medicine,>=5_years,high,3,0
V189,bm25,95.25,1,4,196.3,54.26,71.26,20.99,68.66,52.87,74.87,36.91,1,critical_care,>=5_years,high,3,0
V190,bm25,112.73,1,5,181.6,58.6,76.23,18.03,74.85,52.55,79.63,50.33,2,internal_medicine,<5_years,high,4,0
V191,bm25,89.48,1,4,185.68,52.72,69.19,9.92,67.89,58.93,67.73,42.68,3,internal_medicine,>=5_years,high,0,0
V192,bm25,69.04,1,3,182.91,47.47,52.98,17.27,56.83,59.01,54.56,44.15,2,emergency,<5_years,low,2,0
V193,bm25,92.24,1,4,180.72,52.41,70.42,14.55,64.7,53.09,67.35,44.32,2,hospital_medicine,>=5_years,high,3,0
V194,bm25,67.28,1,3,185.41,48.31,60.56,17.32,60.88,60.03,55.05,36.01,2,hospital_medicine,<5_years,low,2,0
V195,bm25,74.14,1,3,192.91,49.56,64.71,12.02,68.13,58.43,58.82,35.22,3,critical_care,>=5_years,low,2,0
V196,bm25,106.05,1,5,190.95,58.42,83.12,19.49,74.5,46.5,77.28,49.62,2,critical_care,>=5_years,high,0,0
V197,bm25,68.81,1,3,183.1,50.49,65.59,19.4,57.53,62.53,68.06,29.84,2,critical_care,<5_years,low,0,0
V198,bm25,108.23,1,5,184.34,59.1,83.57,24.47,68.84,55.08,80.92,41.74,2,hospital_medicine,>=5_years,high,0,0
V199,bm25,64.91,1,3,193.77,44.58,57.37,13.21,52.45,52.09,58.39,33.94,2,emergency,<5_years,low,2,0
V200,bm25,93.64,1,4,192.11,51.52,74.02,14.94,71.02,51.83,59.27,38.02,3,emergency,>=5_years,high,3,0
V201,bm25,124.24,1,5,198.56,60.63,86.31,16.48,76.03,45.29,79.6,60.08,3,hospital_medicine,<5_years,high,4,0
V202,bm25,120.63,1,5,194.03,59.12,79.49,26.31,76.97,47.47,76.54,47.91,2,critical_care,>=5_years,high,0,0
V203,bm25,114.7,1,5,189.02,58.38,82.49,18.86,75.67,44.85,76.85,51.58,3,hospital_medicine,<5_years,high,4,0
V204,bm25,64.2,1,3,172.63,48.64,63.05,14.1,59.14,61.0,58.61,35.91,1,internal_medicine,<5_years,low,0,0
V205,bm25,115.85,1,5,185.79,58.56,79.07,19.41,79.84,43.31,81.61,48.13,1,emergency,>=5_years,high,4,0
V206,bm25,88.0,1,4,198.72,50.97,65.02,19.32,69.29,52.15,63.19,36.87,1,hospital_medicine,<5_years,high,3,0
V207,bm25,105.2,1,5,197.75,60.12,82.23,20.71,74.97,57.99,79.27,45.53,2,emergency,>=5_years,high,4,0
V208,bm25,92.09,1,4,199.43,52.93,71.68,12.04,63.3,55.61,73.59,41.34,2,internal_medicine,>=5_years,high,3,0
V209,bm25,72.08,1,3,182.46,48.31,66.69,14.79,55.83,54.65,62.86,35.04,1,internal_medicine,<5_years,low,0,0
V210,bm25,125.54,1,5,179.47,59.31,81.39,22.19,76.84,43.43,78.84,53.19,2,internal_medicine,<5_years,high,4,0
V211,bm25,122.61,1,5,173.64,60.8,85.98,25.09,81.76,46.29,83.7,41.97,2,internal_medicine,>=5_years,high,0,0
V212,bm25,124.92,1,5,181.76,59.24,83.88,21.57,79.11,40.53,78.21,52.14,3,hospital_medicine,<5_years,high,4,0
V213,bm25,68.15,1,3,174.72,46.46,52.1,20.66,56.34,55.44,56.38,37.83,3,critical_care,<5_years,low,2,0
V214,bm25,75.98,1,3,187.2,49.79,63.69,21.42,68.14,57.07,55.32,33.11,1,emergency,>=5_years,low,2,0
V215,bm25,94.29,1,4,197.01,56.59,73.28,25.13,64.45,51.02,73.91,51.74,3,critical_care,>=5_years,high,3,0
V216,bm25,59.67,1,3,176.36,46.2,56.8,14.07,57.53,59.1,56.84,32.89,1,internal_medicine,<5_years,low,2,0
V217,bm25,66.8,1,3,210.73,50.64,62.75,24.05,54.64,67.58,56.94,37.85,1,emergency,>=5_years,low,2,0
V218,bm25,93.59,1,4,193.04,53.77,70.43,20.59,64.18,54.57,75.69,37.17,3,hospital_medicine,<5_years,high,3,0
V219,bm25,71.7,1,3,214.44,53.71,65.97,14.68,67.42,69.57,59.86,44.76,2,critical_care,>=5_years,low,0,0
V220,bm25,71.51,1,3,165.31,50.53,64.11,14.39,63.61,62.37,61.33,37.36,3,emergency,>=5_years,low,0,0
V221,bm25,73.49,1,3,201.87,48.47,57.64,11.27,58.6,55.37,70.06,37.86,1,critical_care,>=5_years,low,0,0
V222,bm25,70.18,1,3,184.48,50.69,60.25,17.76,62.71,63.64,58.8,40.95,2,critical_care,<5_years,low,2,0
V223,bm25,99.61,1,4,182.8,56.97,76.09,24.53,73.19,53.67,72.47,41.87,3,critical_care,<5_years,high,3,0
V224,bm25,113.01,1,5,196.43,60.15,83.66,17.16,78.18,52.17,80.75,48.96,2,hospital_medicine,>=5_years,high,4,0
V225,bm25,113.94,1,5,183.15,62.21,78.08,27.11,79.73,55.48,79.88,52.97,2,hospital_medicine,<5_years,high,4,0
V226,bm25,116.86,1,5,184.99,60.16,83.72,27.74,73.56,46.35,82.81,46.75,1,hospital_medicine,<5_years,high,0,0
V227,bm25,90.78,1,4,203.38,56.34,73.23,19.31,69.63,66.11,67.27,42.51,3,hospital_medicine,>=5_years,high,3,0
V228,bm25,119.12,1,5,187.14,60.95,87.55,18.79,87.35,45.04,81.3,45.66,2,internal_medicine,<5_years,high,0,0
V229,bm25,300.0,0,5,193.4,71.61,100.0,41.89,100.0,7.06,100.0,80.71,1,emergency,<5_years,high,0,0
V230,bm25,85.63,1,4,198.78,53.27,68.98,19.5,66.32,57.66,67.9,39.25,1,emergency,>=5_years,high,3,0
V231,bm25,84.97,1,4,181.35,52.13,71.06,16.38,60.79,58.21,65.95,40.37,1,emergency,>=5_years,high,0,0
V232,bm25,67.99,1,3,182.0,50.68,56.14,16.4,61.48,62.25,64.81,42.98,3,hospital_medicine,<5_years,low,2,0
V233,bm25,109.9,1,5,178.48,61.72,87.81,28.46,78.5,48.08,75.47,52.0,2,emergency,<5_years,high,4,0
V234,bm25,70.6,1,3,203.39,47.16,56.82,17.7,55.76,51.78,61.1,39.79,1,emergency,<5_years,low,0,0
V235,bm25,70.38,1,3,195.23,50.08,67.27,18.47,53.83,56.49,67.71,36.72,1,hospital_medicine,<5_years,low,0,0
V236,bm25,70.29,1,3,189.77,47.65,65.69,12.14,54.25,61.67,59.99,32.17,1,hospital_medicine,>=5_years,low,2,0
V237,bm25,71.1,1,3,219.69,53.09,69.19,24.49,63.19,62.4,60.61,38.68,3,emergency,>=5_years,low,0,0
V238,bm25,76.32,1,3,182.27,52.4,67.2,25.55,52.97,59.58,63.04,46.07,1,hospital_medicine,>=5_years,low,2,0
V239,bm25,89.98,1,4,209.67,53.36,65.93,16.77,73.42,53.45,71.84,38.78,3,internal_medicine,>=5_years,high,3,0
V240,bm25,93.79,1,4,174.37,54.97,76.42,15.81,65.25,55.3,75.37,41.69,3,hospital_medicine,>=5_years,high,3,0
V241,bm25,98.97,1,4,182.81,54.15,74.32,16.93,68.18,51.41,71.73,42.35,2,critical_care,>=5_years,high,3,0
V242,bm25,194.93,0,4,189.13,69.71,100.0,21.66,100.0,39.01,100.0,57.61,1,internal_medicine,<5_years,high,0,0
V243,bm25,76.12,1,3,196.84,51.22,66.52,8.19,64.11,59.63,67.72,41.13,1,hospital_medicine,<5_years,low,0,0
V244,bm25,113.99,1,5,198.97,59.03,76.98,22.71,76.52,49.31,74.57,54.07,3,hospital_medicine,<5_years,high,4,0
V245,bm25,70.79,1,3,191.12,50.57,63.77,11.54,59.34,63.82,66.22,38.75,2,hospital_medicine,>=5_years,low,0,0
V246,bm25,89.87,1,4,192.75,50.54,66.78,16.08,59.62,57.0,67.49,36.3,1,emergency,<5_years,high,0,0
V247,bm25,89.23,1,4,192.77,53.5,69.08,18.07,68.12,60.13,63.58,42.03,3,internal_medicine,>=5_years,high,0,0
V248,bm25,93.94,1,4,186.76,52.46,73.49,21.2,67.7,45.64,65.16,41.59,2,hospital_medicine,<5_years,high,3,0
V249,bm25,118.82,1,5,194.25,57.83,80.44,22.97,75.53,41.98,81.44,44.63,1,critical_care,<5_years,high,0,0
V250,bm25,95.36,1,4,202.77,51.36,73.62,15.49,55.72,52.0,71.43,39.88,3,critical_care,<5_years,high,0,0
V251,bm25,63.82,1,3,214.63,47.81,59.03,15.66,56.51,55.07,60.44,40.12,3,critical_care,>=5_years,low,0,0
V252,bm25,96.41,1,4,219.34,54.51,75.15,15.56,68.83,49.25,76.96,41.3,3,hospital_medicine,>=5_years,high,0,0
V253,bm25,93.16,1,4,195.93,55.37,75.23,21.06,73.86,49.26,75.48,37.3,2,internal_medicine,>=5_years,high,3,0
V254,bm25,66.81,1,3,176.07,46.07,59.85,11.07,56.99,62.51,53.26,32.7,2,hospital_medicine,>=5_years,low,0,0
V255,bm25,63.07,1,3,188.39,49.26,62.83,14.33,59.31,64.98,62.55,31.59,3,critical_care,>=5_years,low,0,0
V256,bm25,89.07,1,4,203.5,55.81,67.65,17.77,70.14,56.94,74.85,47.53,1,critical_care,<5_years,high,3,0
V257,bm25,71.44,1,3,185.01,48.44,64.81,10.14,60.15,64.2,58.79,32.56,1,emergency,>=5_years,low,2,0
V258,bm25,102.46,1,4,179.13,55.6,75.17,19.54,67.33,54.92,74.12,42.5,2,emergency,<5_years,high,3,0
V259,bm25,109.21,1,5,187.03,59.5,77.05,20.74,81.5,51.2,77.24,49.28,3,critical_care,>=5_years,high,4,0
V260,bm25,67.91,1,3,188.06,47.87,60.64,10.96,62.62,58.37,59.85,34.8,1,hospital_medicine,>=5_years,low,2,0
V261,bm25,88.25,1,4,186.2,53.14,65.71,23.3,68.3,50.72,70.6,40.19,1,critical_care,>=5_years,high,3,0
V262,bm25,106.24,1,4,194.69,55.39,76.28,15.9,72.81,50.94,71.67,44.74,2,hospital_medicine,<5_years,high,0,0
V263,bm25,111.5,1,5,206.39,57.91,87.94,8.61,75.12,45.23,80.38,50.2,3,hospital_medicine,<5_years,high,4,0
V264,bm25,114.44,1,5,197.81,59.04,81.21,23.87,75.86,53.58,74.78,44.94,3,emergency,>=5_years,high,0,0
V265,bm25,89.52,1,4,189.53,54.3,72.53,23.96,65.15,59.6,75.82,28.73,1,critical_care,>=5_years,high,3,0
V266,bm25,70.68,1,3,185.17,48.87,55.11,28.81,57.19,60.28,57.2,34.65,2,critical_care,<5_years,low,0,0
V267,bm25,117.24,1,5,191.36,61.32,80.7,24.21,82.97,48.64,85.08,46.33,2,critical_care,<5_years,high,4,0
V268,bm25,64.85,1,3,184.03,47.16,58.98,16.68,52.63,61.01,56.05,37.6,1,critical_care,>=5_years,low,0,0
V269,bm25,98.18,1,4,188.53,54.48,73.22,15.6,67.0,47.47,71.37,52.24,2,emergency,<5_years,high,0,0
V270,bm25,115.27,1,5,199.81,62.92,86.6,22.58,69.0,53.06,91.85,54.46,3,emergency,<5_years,high,0,0
V271,bm25,68.4,1,3,177.91,48.16,59.29,15.89,61.04,53.27,56.04,43.4,1,internal_medicine,>=5_years,low,2,0
V272,bm25,62.11,1,3,174.1,48.32,61.93,17.54,55.36,66.26,56.01,32.83,2,critical_care,<5_years,low,0,0
V273,bm25,122.72,1,5,191.13,60.55,83.58,25.26,80.76,45.3,78.67,49.76,2,emergency,<5_years,high,4,0
V274,bm25,94.08,1,4,177.05,53.17,68.54,18.84,65.98,50.32,70.39,44.92,3,hospital_medicine,>=5_years,high,0,0
V275,bm25,93.26,1,4,182.4,55.3,70.35,13.82,73.78,57.5,69.32,46.99,3,emergency,>=5_years,high,0,0
V276,bm25,113.18,1,5,196.2,59.2,89.4,20.73,75.62,44.05,76.6,48.82,2,critical_care,<5_years,high,0,0
V277,bm25,106.96,1,4,215.14,56.87,75.09,25.04,73.79,44.5,76.98,45.8,1,emergency,<5_years,high,0,0
V278,bm25,120.65,1,5,202.82,61.87,81.97,14.81,84.18,51.69,81.56,57.01,3,hospital_medicine,<5_years,high,4,0
V279,bm25,91.29,1,4,190.32,52.69,68.67,20.13,69.94,51.62,68.2,37.56,3,emergency,<5_years,high,3,0
V280,bm25,86.5,1,4,196.8,53.66,66.19,20.81,62.75,56.3,74.85,41.04,1,emergency,<5_years,high,3,0
V281,bm25,100.98,1,4,186.24,56.41,73.95,19.52,78.98,50.33,76.98,38.69,1,emergency,>=5_years,high,0,0
V282,bm25,122.07,1,5,189.22,60.2,80.87,23.66,73.4,46.12,86.15,51.0,2,internal_medicine,>=5_years,high,4,0
V283,bm25,69.89,1,3,182.95,48.22,59.54,17.71,60.39,56.78,62.42,32.49,3,emergency,<5_years,low,2,0
V284,bm25,92.07,1,4,197.54,55.5,69.57,21.97,62.69,60.63,67.74,50.4,3,emergency,>=5_years,high,0,0
V285,bm25,121.69,1,5,185.73,61.23,89.3,23.01,74.97,51.29,82.29,46.51,1,critical_care,<5_years,high,4,0
V286,bm25,113.93,1,5,193.57,58.0,78.72,16.21,78.26,49.14,76.01,49.62,2,critical_care,>=5_years,high,4,0
V287,bm25,76.44,1,3,185.64,48.82,57.09,14.79,63.32,59.58,58.5,39.65,2,critical_care,>=5_years,low,2,0
V288,bm25,64.22,1,3,186.82,48.68,61.75,23.54,54.38,56.13,57.01,39.26,2,emergency,>=5_years,low,2,0
V289,bm25,63.87,1,3,186.05,48.07,52.82,17.69,61.94,63.25,57.91,34.83,2,hospital_medicine,<5_years,low,2,0
V290,bm25,98.6,1,4,196.27,55.23,83.55,13.77,67.11,54.38,78.72,33.84,3,hospital_medicine,<5_years,high,3,0
V291,bm25,70.49,1,3,190.34,48.66,65.37,15.59,58.86,61.03,60.97,30.15,2,internal_medicine,<5_years,low,0,0
V292,bm25,72.48,1,3,177.11,49.16,63.63,13.9,63.85,63.1,54.95,35.52,2,emergency,<5_years,low,2,0
V293,bm25,92.63,1,4,165.99,54.12,65.92,19.75,72.46,55.27,71.89,39.41,3,critical_care,<5_years,high,3,0
V294,bm25,84.01,1,4,184.99,52.31,65.92,16.75,58.94,55.52,66.31,50.43,1,internal_medicine,<5_years,high,3,0
V295,bm25,123.96,1,5,183.94,58.77,77.15,19.91,87.0,38.69,84.28,45.58,2,hospital_medicine,<5_years,high,4,0
V296,bm25,102.38,1,4,201.49,55.36,75.22,24.41,69.72,49.56,70.67,42.59,1,emergency,>=5_years,high,0,0
V297,bm25,119.79,1,5,191.4,59.87,84.37,18.92,78.83,46.2,87.39,43.49,2,internal_medicine,>=5_years,high,0,0
V298,bm25,69.33,1,3,196.52,50.71,63.61,14.72,58.41,66.46,66.6,34.43,3,emergency,>=5_years,low,0,0
V299,bm25,90.44,1,4,179.87,55.38,75.69,18.79,73.04,53.31,75.49,35.97,3,hospital_medicine,>=5_years,high,3,0
V300,bm25,94.94,1,4,191.37,56.74,74.47,20.51,71.98,53.8,74.51,45.18,2,internal_medicine,<5_years,high,3,0
V301,bm25,67.3,1,3,187.33,48.57,60.14,16.82,59.46,60.24,59.04,35.68,3,emergency,>=5_years,low,2,0
V302,bm25,121.46,1,5,186.42,61.23,86.93,25.86,76.97,49.27,75.82,52.55,2,hospital_medicine,<5_years,high,0,0
V303,bm25,116.68,1,5,182.3,62.97,87.93,27.03,75.92,51.13,87.19,48.61,1,critical_care,<5_years,high,4,0
V304,bm25,90.86,1,4,190.94,55.1,85.73,16.93,68.24,47.88,70.65,41.15,2,internal_medicine,<5_years,high,0,0
V305,bm25,109.21,1,5,179.96,59.11,83.36,21.2,78.51,45.1,78.01,48.47,1,critical_care,<5_years,high,4,0
V306,bm25,116.77,1,5,176.65,56.88,72.22,20.28,75.08,52.38,78.29,43.04,2,hospital_medicine,>=5_years,high,4,0
V307,bm25,90.64,1,4,183.27,54.98,70.55,24.26,67.44,51.02,66.14,50.45,1,critical_care,>=5_years,high,3,0
V308,bm25,71.89,1,3,208.2,50.0,66.95,16.04,56.56,60.57,61.58,38.31,2,emergency,>=5_years,low,2,0
V309,bm25,90.83,1,4,186.1,53.59,67.88,16.2,74.18,56.02,68.85,38.42,3,emergency,>=5_years,high,0,0
V310,bm25,90.4,1,4,181.75,56.22,80.46,24.01,66.95,59.29,68.93,37.68,1,internal_medicine,>=5_years,high,3,0
V311,bm25,115.92,1,5,184.31,60.73,82.12,21.49,80.09,49.65,81.66,49.36,1,emergency,<5_years,high,0,0
V312,bm25,102.37,1,4,198.66,57.12,76.7,20.38,67.51,52.63,77.93,47.58,2,internal_medicine,>=5_years,high,3,0
V313,bm25,94.27,1,4,176.25,55.74,69.11,18.35,72.81,50.97,79.49,43.69,1,hospital_medicine,>=5_years,high,3,0
V314,bm25,113.08,1,5,196.89,58.12,79.71,19.12,75.69,51.13,76.72,46.33,1,internal_medicine,<5_years,high,4,0
V315,bm25,114.52,1,5,181.31,58.76,82.21,19.51,79.34,47.26,77.29,46.98,1,hospital_medicine,<5_years,high,4,0
V316,bm25,64.44,1,3,214.33,48.64,61.59,12.34,58.21,67.34,57.06,35.29,1,emergency,>=5_years,low,2,0
V317,bm25,87.02,1,4,200.08,51.99,71.92,15.45,63.43,52.92,67.73,40.49,3,hospital_medicine,>=5_years,high,3,0
V318,bm25,71.08,1,3,181.91,50.36,65.72,19.25,61.43,54.91,65.05,35.82,3,critical_care,>=5_years,low,2,0
V319,bm25,94.6,1,4,200.5,55.17,72.51,18.16,63.77,58.67,73.58,44.32,2,internal_medicine,>=5_years,high,0,0
V320,bm25,90.18,1,4,193.05,53.45,76.55,19.64,66.32,52.85,69.84,35.49,2,hospital_medicine,>=5_years,high,0,0
V321,bm25,70.5,1,3,198.6,45.1,53.44,17.52,59.07,58.39,54.27,27.92,1,emergency,<5_years,low,0,0
V322,bm25,118.24,1,5,190.57,59.51,81.67,19.43,75.4,48.08,82.98,49.52,3,emergency,>=5_years,high,4,0
V323,bm25,92.32,1,4,197.64,54.05,75.57,16.48,62.8,53.45,74.57,41.44,3,internal_medicine,<5_years,high,3,0
V324,bm25,93.38,1,4,203.94,54.31,71.46,25.51,68.66,50.07,65.1,45.07,3,internal_medicine,>=5_years,high,3,0
V325,bm25,118.78,1,5,177.43,61.16,90.23,14.36,84.69,51.5,81.28,44.89,1,emergency,<5_years,high,4,0
V326,bm25,65.29,1,3,181.98,46.68,62.58,17.99,55.92,56.4,57.3,29.89,2,hospital_medicine,<5_years,low,0,0
V327,bm25,122.67,1,5,185.91,60.67,87.56,23.81,79.07,40.52,78.45,54.59,1,hospital_medicine,>=5_years,high,4,0
V328,bm25,109.45,1,4,191.72,60.17,81.36,26.58,77.78,53.16,79.98,42.14,2,hospital_medicine,>=5_years,high,0,0
V329,bm25,292.45,0,3,181.58,70.75,100.0,27.17,100.0,19.53,100.0,77.8,3,emergency,<5_years,low,0,0
V330,bm25,123.19,1,5,192.79,60.34,88.78,20.68,77.59,45.25,85.77,44.0,2,hospital_medicine,<5_years,high,4,0
V331,bm25,114.79,1,5,181.09,57.39,83.93,9.67,76.19,48.63,74.3,51.61,3,hospital_medicine,>=5_years,high,0,0
V332,bm25,91.2,1,4,181.41,53.05,69.03,16.13,65.17,55.9,77.41,34.67,3,internal_medicine,>=5_years,high,3,0
V333,bm25,122.88,1,5,192.39,58.99,85.82,30.61,74.16,45.69,75.6,42.07,2,hospital_medicine,>=5_years,high,4,0
V334,bm25,110.46,1,5,186.86,59.53,83.3,24.24,72.57,51.06,82.17,43.82,2,critical_care,<5_years,high,0,0
V335,bm25,68.45,1,3,161.36,50.53,58.82,16.22,59.96,64.9,63.91,39.37,2,hospital_medicine,<5_years,low,0,0
V336,bm25,118.03,1,5,188.94,57.98,73.3,19.52,79.38,55.46,73.56,46.65,1,critical_care,<5_years,high,4,0
V337,bm25,111.67,1,5,196.0,58.23,77.17,17.3,74.56,48.42,83.18,48.78,3,hospital_medicine,>=5_years,high,0,0
V338,bm25,68.41,1,3,168.94,48.67,61.36,13.0,63.21,56.66,62.96,34.86,3,hospital_medicine,>=5_years,low,2,0
V339,bm25,64.27,1,3,181.0,48.56,57.46,16.75,60.38,61.0,55.6,40.18,1,internal_medicine,>=5_years,low,2,0
V340,bm25,85.21,1,4,188.29,52.59,75.58,21.73,63.68,58.66,63.28,32.59,2,hospital_medicine,<5_years,high,3,0
V341,bm25,75.98,1,3,193.74,50.27,58.56,16.93,60.99,59.27,62.57,43.32,2,hospital_medicine,<5_years,low,2,0
V342,bm25,188.22,0,4,185.77,71.11,100.0,29.49,99.67,36.76,97.1,63.64,1,emergency,<5_years,high,0,0
V343,bm25,114.57,1,5,191.92,59.41,80.66,20.0,78.71,49.74,77.07,50.28,1,critical_care,<5_years,high,0,0
V344,bm25,93.01,1,4,192.53,50.21,73.01,13.97,62.47,51.4,66.47,33.92,1,hospital_medicine,>=5_years,high,3,0
V345,bm25,204.99,0,4,181.72,69.65,100.0,23.68,99.42,31.99,100.0,62.81,1,emergency,>=5_years,high,0,0
V346,bm25,98.59,1,4,192.88,58.29,78.44,27.27,67.98,57.37,74.27,44.38,2,critical_care,<5_years,high,0,0
V347,bm25,100.57,1,4,171.51,57.21,77.31,23.7,69.85,58.06,72.42,41.92,2,emergency,>=5_years,high,0,0
V348,bm25,111.06,1,5,191.02,55.78,73.37,21.2,76.24,45.88,73.35,44.65,3,internal_medicine,<5_years,high,4,0
V349,bm25,107.46,1,5,186.9,62.03,83.15,25.67,89.21,51.3,76.53,46.32,1,hospital_medicine,<5_years,high,0,0
V350,bm25,116.97,1,5,194.3,55.98,76.96,20.99,76.73,44.17,75.58,41.44,2,hospital_medicine,<5_years,high,0,0
V351,bm25,121.84,1,5,192.79,56.77,77.02,17.52,75.43,44.02,79.25,47.36,3,critical_care,>=5_years,high,0,0
V352,bm25,121.48,1,5,185.9,61.51,84.21,16.54,82.19,51.98,86.02,48.12,2,emergency,>=5_years,high,0,0
V353,bm25,70.41,1,3,181.91,52.71,63.13,25.76,58.54,65.82,67.41,35.6,3,emergency,>=5_years,low,2,0
V354,bm25,107.13,1,5,192.87,59.52,83.1,26.09,81.26,45.95,74.29,46.44,1,critical_care,<5_years,high,0,0
V355,bm25,66.94,1,3,186.15,49.0,64.86,11.22,59.4,58.46,60.71,39.38,1,critical_care,>=5_years,low,0,0
V356,bm25,93.23,1,4,184.59,54.04,72.9,15.26,68.76,51.57,68.79,46.96,2,internal_medicine,<5_years,high,3,0
V357,bm25,118.94,1,5,201.84,59.29,84.85,21.28,82.24,41.28,79.02,47.05,1,internal_medicine,<5_years,high,4,0
V358,bm25,123.48,1,5,191.23,61.58,84.08,22.93,81.24,48.38,84.99,47.84,2,critical_care,<5_years,high,4,0
V359,bm25,110.5,1,5,193.09,57.77,81.13,13.21,78.48,49.87,80.11,43.79,2,emergency,<5_years,high,4,0
V360,bm25,116.58,1,5,200.08,61.03,74.15,21.47,81.67,48.59,87.27,53.05,2,hospital_medicine,<5_years,high,4,0
V361,bm25,113.37,1,5,177.06,58.57,78.25,26.82,83.07,44.66,75.69,42.92,1,critical_care,>=5_years,high,4,0
V362,bm25,96.82,1,4,186.58,56.12,78.1,20.3,72.95,49.71,72.12,43.57,2,hospital_medicine,>=5_years,high,0,0
V363,bm25,111.04,1,5,190.01,57.66,84.35,24.31,70.49,44.95,78.68,43.17,1,internal_medicine,>=5_years,high,4,0
V364,bm25,66.14,1,3,202.66,50.99,57.16,21.0,63.58,69.23,60.83,34.12,2,emergency,<5_years,low,0,0
V365,bm25,66.99,1,3,179.65,44.98,56.77,11.89,56.01,54.18,57.82,33.21,3,critical_care,>=5_years,low,2,0
V366,bm25,62.64,1,3,193.55,49.18,61.3,21.1,54.92,61.65,55.47,40.63,1,emergency,<5_years,low,0,0
V367,bm25,69.55,1,3,191.58,49.98,61.61,13.0,64.14,63.15,63.76,34.24,2,emergency,<5_years,low,2,0
V368,bm25,113.99,1,5,205.15,58.97,74.17,25.7,78.26,46.95,74.23,54.51,3,emergency,<5_years,high,0,0
V369,bm25,85.22,1,4,202.12,55.91,77.49,20.45,63.99,62.21,70.61,40.7,2,emergency,>=5_years,high,0,0
V370,bm25,94.95,1,4,184.19,51.84,77.43,11.71,68.26,49.1,66.42,38.09,1,hospital_medicine,<5_years,high,0,0
V371,bm25,67.75,1,3,190.28,51.0,67.81,25.45,62.17,55.43,58.68,36.45,2,critical_care,>=5_years,low,2,0
V372,bm25,68.95,1,3,190.61,49.07,61.67,12.89,56.67,60.64,63.83,38.69,3,emergency,>=5_years,low,0,0
V373,bm25,67.42,1,3,184.7,49.37,65.71,14.65,58.11,63.01,57.11,37.63,3,emergency,>=5_years,low,2,0
V374,bm25,117.02,1,5,183.72,60.58,82.27,23.97,82.43,48.62,76.18,50.01,1,emergency,<5_years,high,0,0
V375,bm25,72.39,1,3,193.53,48.46,63.26,16.48,60.13,56.58,60.85,33.44,2,emergency,<5_years,low,0,0
V376,bm25,122.86,1,5,186.37,64.57,87.52,27.26,86.12,52.14,84.17,50.19,1,internal_medicine,<5_years,high,0,0
V377,bm25,92.97,1,4,176.89,54.91,78.7,13.93,68.7,54.5,71.69,41.91,1,critical_care,<5_years,high,0,0
V378,bm25,68.83,1,3,179.31,50.98,69.23,10.31,61.38,65.64,66.46,32.89,2,hospital_medicine,<5_years,low,2,0
V379,bm25,73.28,1,3,188.14,51.37,64.37,26.8,61.17,66.65,56.16,33.09,3,hospital_medicine,<5_years,low,2,0
V380,bm25,90.96,1,4,193.37,55.18,70.7,23.12,68.47,49.32,73.69,45.77,2,hospital_medicine,>=5_years,high,3,0
V381,bm25,95.97,1,4,191.92,55.42,76.59,19.67,63.6,61.75,71.63,39.28,1,emergency,>=5_years,high,0,0
V382,bm25,114.47,1,5,188.2,59.85,78.07,21.51,73.15,56.36,81.59,48.45,3,internal_medicine,<5_years,high,4,0
V383,bm25,96.15,1,4,176.89,54.9,72.36,15.59,71.87,54.8,68.56,46.2,1,critical_care,<5_years,high,3,0
V384,bm25,131.59,1,5,188.57,63.4,85.42,29.49,82.85,47.05,84.11,51.48,3,internal_medicine,>=5_years,high,0,0
V385,bm25,110.03,1,5,171.21,57.54,72.24,25.78,76.55,50.07,73.19,47.43,3,hospital_medicine,>=5_years,high,4,0
V386,bm25,92.29,1,4,200.3,51.09,64.3,21.34,65.99,50.74,68.75,35.44,1,critical_care,<5_years,high,3,0
V387,bm25,115.96,1,5,185.09,58.48,82.92,32.6,73.77,45.87,76.09,39.61,1,internal_medicine,>=5_years,high,4,0
V388,bm25,89.3,1,4,183.02,53.51,71.27,17.69,67.55,54.95,71.1,38.5,2,critical_care,>=5_years,high,3,0
V389,bm25,89.19,1,4,176.95,51.86,69.62,16.76,67.18,53.55,66.56,37.49,1,critical_care,>=5_years,high,3,0
V390,bm25,73.24,1,3,172.27,50.5,62.15,17.37,62.74,58.0,63.85,38.89,2,hospital_medicine,<5_years,low,2,0
V391,bm25,65.85,1,3,177.53,50.62,66.88,15.79,64.3,60.84,59.18,36.73,1,critical_care,>=5_years,low,0,0
V392,bm25,100.48,1,4,188.56,57.79,74.02,20.04,77.89,55.52,79.55,39.74,2,emergency,<5_years,high,3,0
V393,bm25,114.04,1,5,184.93,61.1,89.44,21.3,82.18,45.21,87.5,40.95,2,internal_medicine,>=5_years,high,4,0
V394,bm25,115.62,1,5,195.14,59.32,80.9,24.64,74.4,43.49,84.41,48.11,2,internal_medicine,>=5_years,high,4,0
V395,bm25,90.88,1,4,196.23,54.93,69.09,19.98,68.59,54.64,79.67,37.62,1,hospital_medicine,>=5_years,high,3,0
V396,bm25,114.75,1,5,199.51,59.1,71.82,23.47,86.96,44.03,79.73,48.56,3,emergency,>=5_years,high,0,0
V397,bm25,113.17,1,5,188.46,59.69,85.84,18.87,76.99,44.94,82.86,48.63,2,internal_medicine,<5_years,high,0,0
V398,bm25,90.61,1,4,172.82,50.19,67.17,17.04,68.59,46.76,63.57,38.02,1,critical_care,<5_years,high,0,0
V399,bm25,93.42,1,4,193.01,55.47,78.25,18.72,63.66,56.29,73.85,42.04,3,hospital_medicine,<5_years,high,3,0
V400,bm25,96.29,1,4,190.48,54.96,66.11,23.42,64.7,59.22,72.5,43.83,2,internal_medicine,>=5_years,high,3,0
V401,bm25,113.71,1,5,193.28,60.31,80.54,19.55,82.61,49.47,74.67,55.01,1,internal_medicine,<5_years,high,4,0
V402,bm25,99.65,1,4,197.58,57.36,68.39,23.25,64.12,57.05,75.04,56.32,1,hospital_medicine,<5_years,high,0,0
V403,bm25,119.77,1,5,185.93,61.17,81.45,22.7,76.96,48.86,85.37,51.7,1,hospital_medicine,<5_years,high,4,0
V404,bm25,74.0,1,3,184.14,50.44,64.25,18.84,58.56,60.43,62.34,38.19,2,critical_care,<5_years,low,0,0
V405,bm25,109.21,1,5,187.37,56.97,71.27,25.54,77.61,47.23,75.38,44.79,3,critical_care,<5_years,high,4,0
V406,bm25,75.95,1,3,191.55,51.69,67.77,14.87,67.83,63.98,61.43,34.27,2,internal_medicine,>=5_years,low,2,0
V407,bm25,67.17,1,3,195.09,48.4,59.34,10.0,58.0,58.04,64.52,40.45,1,critical_care,<5_years,low,2,0
V408,bm25,66.34,1,3,189.64,50.4,61.4,22.02,65.1,58.71,58.45,36.7,3,internal_medicine,>=5_years,low,2,0
V409,bm25,69.46,1,3,195.44,47.29,60.01,17.55,61.76,53.75,49.31,41.35,2,hospital_medicine,>=5_years,low,0,0
V410,bm25,70.93,1,3,182.5,50.17,65.39,20.17,60.91,57.93,60.47,36.17,3,emergency,<5_years,low,2,0
V411,bm25,63.51,1,3,167.63,49.88,65.71,11.79,61.27,63.36,64.86,32.29,1,emergency,>=5_years,low,0,0
V412,bm25,121.72,1,5,191.33,59.79,87.27,22.55,76.43,39.86,84.4,48.25,2,emergency,>=5_years,high,4,0
V413,bm25,63.39,1,3,194.7,47.33,49.3,20.73,64.25,59.61,60.64,29.46,3,critical_care,<5_years,low,2,0
V414,bm25,66.6,1,3,180.87,47.48,62.59,15.67,59.44,60.83,56.27,30.1,3,internal_medicine,<5_years,low,2,0
V415,bm25,90.53,1,4,187.11,54.96,77.93,19.16,75.64,52.73,63.58,40.74,2,emergency,>=5_years,high,3,0
V416,bm25,116.9,1,5,187.78,60.32,84.64,19.08,82.58,46.53,83.52,45.57,2,critical_care,<5_years,high,4,0
V417,bm25,71.74,1,3,194.57,48.47,60.83,14.64,57.09,54.78,64.46,39.02,2,hospital_medicine,<5_years,low,2,0
V418,bm25,111.56,1,5,188.39,60.54,86.72,21.0,80.55,47.17,81.19,46.6,2,hospital_medicine,>=5_years,high,4,0
V419,bm25,93.28,1,4,201.21,53.13,63.75,20.38,68.06,50.09,68.84,47.67,3,hospital_medicine,>=5_years,high,0,0
V420,bm25,90.93,1,4,203.05,54.81,70.16,22.67,71.8,50.02,67.03,47.17,1,hospital_medicine,>=5_years,high,0,0
V421,bm25,113.52,1,5,181.11,60.94,86.39,19.98,78.22,52.81,83.25,44.98,3,hospital_medicine,<5_years,high,0,0
V422,bm25,87.89,1,4,191.86,53.65,75.75,23.2,65.62,49.71,67.95,39.64,3,emergency,>=5_years,high,3,0
V423,bm25,71.41,1,3,196.58,47.36,61.18,13.37,56.02,60.32,60.41,32.83,1,critical_care,<5_years,low,2,0
V424,bm25,70.45,1,3,184.63,48.96,58.53,18.92,60.84,59.03,59.44,36.99,1,hospital_medicine,>=5_years,low,2,0
V425,bm25,114.69,1,5,182.65,58.22,78.42,14.84,80.15,45.14,76.2,54.56,1,emergency,>=5_years,high,4,0
V426,bm25,121.6,1,5,180.83,61.09,82.47,21.03,82.6,54.62,75.48,50.31,2,hospital_medicine,<5_years,high,0,0
V427,bm25,117.48,1,5,189.64,58.28,78.12,25.64,77.9,42.46,70.7,54.87,1,critical_care,>=5_years,high,4,0
V428,bm25,112.67,1,5,184.97,60.77,78.98,22.31,74.33,52.31,87.4,49.32,2,hospital_medicine,>=5_years,high,0,0
V429,bm25,73.15,1,3,188.22,48.44,57.84,14.02,57.97,63.14,65.69,32.0,2,critical_care,>=5_years,low,0,0
V430,bm25,84.05,1,4,190.3,53.51,68.24,17.77,63.95,57.95,74.39,38.77,1,hospital_medicine,<5_years,high,3,0
V431,bm25,88.69,1,4,184.21,52.28,66.08,25.18,64.61,48.58,66.48,42.72,1,emergency,>=5_years,high,0,0
V432,bm25,125.08,1,5,195.37,61.92,89.57,22.95,82.38,46.44,82.83,47.35,1,emergency,>=5_years,high,4,0
V433,bm25,95.88,1,4,197.13,55.6,78.49,17.71,75.92,58.04,65.38,38.04,1,hospital_medicine,<5_years,high,3,0
V434,bm25,72.99,1,3,186.99,50.52,62.75,22.79,61.92,64.06,63.43,28.14,1,internal_medicine,<5_years,low,0,0
V435,bm25,87.32,1,4,193.44,51.79,70.64,15.81,60.71,50.65,65.65,47.29,2,emergency,>=5_years,high,0,0
V436,bm25,85.5,1,4,187.14,50.95,68.48,13.59,67.12,57.27,64.62,34.63,1,hospital_medicine,<5_years,high,3,0
V437,bm25,85.54,1,4,196.82,52.54,74.04,16.64,58.42,54.66,68.11,43.36,3,internal_medicine,<5_years,high,0,0
V438,bm25,112.2,1,5,187.49,58.09,84.87,20.59,72.97,42.32,76.89,50.88,3,hospital_medicine,<5_years,high,4,0
V439,bm25,107.61,1,5,198.64,53.82,69.85,16.8,70.91,46.35,74.96,44.02,3,hospital_medicine,<5_years,high,4,0
V440,bm25,93.21,1,4,187.16,52.04,69.35,23.65,63.11,43.55,68.42,44.19,2,hospital_medicine,>=5_years,high,3,0
V441,bm25,66.94,1,3,189.5,48.29,59.6,18.56,57.25,52.51,59.46,42.33,1,critical_care,<5_years,low,2,0
V442,bm25,115.21,1,5,197.89,59.82,78.0,21.73,84.22,51.93,76.58,46.43,1,critical_care,<5_years,high,0,0
V443,bm25,60.19,1,3,181.59,48.41,63.6,14.89,53.36,65.84,57.53,35.24,3,hospital_medicine,<5_years,low,0,0
V444,bm25,118.51,1,5,189.13,59.53,82.43,27.76,75.3,47.35,79.68,44.66,2,critical_care,<5_years,high,4,0
V445,bm25,190.96,0,4,182.66,66.76,100.0,24.89,95.82,24.54,100.0,55.31,2,internal_medicine,>=5_years,high,0,0
V446,bm25,69.63,1,3,182.09,50.57,58.13,25.03,61.7,61.22,58.75,38.58,2,hospital_medicine,>=5_years,low,0,0
V447,bm25,95.32,1,4,191.87,56.82,71.71,25.24,73.3,52.3,76.49,41.9,3,critical_care,<5_years,high,0,0
V448,bm25,69.44,1,3,198.54,48.61,63.58,14.24,56.02,54.24,61.38,42.22,1,hospital_medicine,<5_years,low,2,0
V449,bm25,127.35,1,5,190.61,63.65,88.41,19.6,88.7,46.15,83.12,55.92,1,internal_medicine,>=5_years,high,0,0
V450,bm25,67.4,1,3,215.92,47.9,61.35,19.98,50.37,55.49,59.51,40.7,1,critical_care,>=5_years,low,0,0
V451,bm25,73.8,1,3,185.07,48.57,66.93,8.06,52.98,62.31,60.55,40.57,3,critical_care,>=5_years,low,0,0
V452,bm25,88.63,1,4,181.84,54.42,76.65,20.68,73.4,46.56,68.92,40.29,3,emergency,<5_years,high,0,0
V453,bm25,89.47,1,4,183.31,54.43,66.58,17.3,70.82,54.12,73.31,44.43,2,emergency,<5_years,high,3,0
V454,bm25,116.83,1,5,178.78,61.5,86.18,23.57,77.77,48.32,82.75,50.37,3,emergency,>=5_years,high,0,0
V455,bm25,62.55,1,3,174.19,46.79,58.59,20.34,54.08,58.98,54.73,34.0,2,critical_care,<5_years,low,0,0
V456,bm25,95.31,1,4,199.74,54.58,74.67,19.42,70.0,57.56,68.86,36.97,1,emergency,>=5_years,high,3,0
V457,bm25,86.31,1,4,193.69,55.63,67.82,17.21,70.44,61.87,69.79,46.66,1,internal_medicine,<5_years,high,3,0
V458,bm25,87.83,1,4,194.24,52.5,66.62,24.64,67.43,54.99,63.86,37.46,3,hospital_medicine,<5_years,high,3,0
V459,bm25,94.55,1,4,187.83,52.9,70.21,16.78,62.88,57.78,68.5,41.22,1,critical_care,>=5_years,high,3,0
V460,bm25,67.35,1,3,184.24,48.98,64.04,16.18,62.68,55.79,58.63,36.54,3,critical_care,<5_years,low,2,0
V461,bm25,108.36,1,5,190.09,59.93,80.97,30.93,70.93,51.22,77.33,48.2,1,hospital_medicine,>=5_years,high,4,0
V462,bm25,88.38,1,4,193.25,52.26,67.97,20.18,68.52,53.53,66.38,36.99,3,emergency,<5_years,high,0,0
V463,bm25,91.74,1,4,170.69,53.68,68.49,20.81,62.74,55.04,72.33,42.67,2,critical_care,>=5_years,high,3,0
V464,bm25,98.04,1,4,202.91,54.37,75.44,15.53,75.29,48.48,71.49,39.97,2,internal_medicine,>=5_years,high,0,0
V465,bm25,117.34,1,5,186.27,60.98,84.53,23.56,84.39,45.69,74.96,52.74,3,internal_medicine,>=5_years,high,4,0
V466,bm25,119.8,1,5,195.8,60.09,80.01,26.05,75.09,42.27,83.56,53.59,3,emergency,>=5_years,high,0,0
V467,bm25,111.3,1,5,203.09,56.62,78.88,16.74,72.68,50.43,75.08,45.91,3,hospital_medicine,<5_years,high,4,0
V468,bm25,82.32,1,4,195.81,54.37,70.39,23.53,59.78,59.97,75.09,37.44,1,critical_care,>=5_years,high,0,0
V469,bm25,98.6,1,4,190.85,56.11,69.54,24.04,67.21,54.59,75.33,45.95,2,internal_medicine,>=5_years,high,0,0
V470,bm25,110.78,1,5,180.5,58.65,81.09,14.54,77.93,61.5,73.11,43.7,2,emergency,<5_years,high,0,0
V471,bm25,104.24,1,4,190.98,54.82,72.44,17.61,74.8,51.09,69.95,43.01,3,critical_care,<5_years,high,3,0
V472,bm25,71.87,1,3,193.46,50.19,61.92,17.87,61.36,62.71,58.59,38.67,1,internal_medicine,>=5_years,low,0,0
V473,bm25,90.42,1,4,189.26,57.21,79.96,26.02,60.37,58.15,72.99,45.75,3,emergency,>=5_years,high,3,0
V474,bm25,97.47,1,4,180.2,53.4,77.32,9.85,70.5,53.29,67.57,41.85,1,emergency,<5_years,high,0,0
V475,bm25,115.84,1,5,192.89,57.76,74.84,22.34,74.8,48.51,80.13,45.96,2,internal_medicine,<5_years,high,0,0
V476,bm25,107.89,1,5,188.26,55.88,71.16,21.03,75.38,53.41,71.19,43.12,3,internal_medicine,>=5_years,high,0,0
V477,bm25,112.8,1,5,190.7,58.99,82.78,20.76,79.28,46.54,79.15,45.44,2,emergency,>=5_years,high,0,0
V478,bm25,118.45,1,5,202.87,58.21,84.73,18.96,74.02,44.1,84.68,42.76,2,emergency,>=5_years,high,4,0
V479,bm25,83.55,1,4,190.38,51.83,67.27,11.52,66.72,53.71,68.74,42.99,3,critical_care,>=5_years,high,3,0
V480,bm25,75.55,1,3,179.83,52.26,66.09,13.51,65.56,56.56,73.18,38.67,2,emergency,<5_years,low,2,0
V481,bm25,91.22,1,4,183.34,54.66,69.82,21.14,69.95,52.2,76.1,38.73,2,hospital_medicine,<5_years,high,0,0
V482,bm25,66.8,1,3,195.46,50.35,57.73,13.53,63.48,64.12,59.87,43.38,1,emergency,<5_years,low,2,0
V483,bm25,67.55,1,3,186.02,47.51,59.0,14.69,53.02,60.64,57.0,40.71,2,emergency,>=5_years,low,2,0
V484,bm25,94.12,1,4,177.19,57.22,75.8,21.11,76.68,53.22,72.37,44.15,2,critical_care,<5_years,high,0,0
V485,bm25,92.18,1,4,192.76,54.08,70.77,19.35,64.6,52.31,69.54,47.9,2,critical_care,>=5_years,high,3,0
V486,bm25,91.78,1,4,210.12,53.81,72.82,19.66,64.22,54.8,71.9,39.46,1,internal_medicine,>=5_years,high,3,0
V487,bm25,112.93,1,5,197.26,56.82,78.88,18.57,74.8,44.21,77.26,47.23,2,emergency,<5_years,high,4,0
V488,bm25,92.29,1,4,203.74,55.96,80.26,18.72,74.78,53.65,68.7,39.65,1,hospital_medicine,>=5_years,high,3,0
V489,bm25,134.05,1,5,187.6,64.4,93.35,20.72,85.52,47.93,91.18,47.67,3,internal_medicine,<5_years,high,4,0
V490,bm25,116.64,1,5,193.57,63.92,90.03,31.35,77.0,54.28,81.72,49.16,2,emergency,>=5_years,high,4,0
V491,bm25,88.26,1,4,193.11,56.94,72.49,18.8,69.25,58.21,80.32,42.56,3,critical_care,<5_years,high,0,0
V492,bm25,67.81,1,3,189.14,48.62,54.92,19.06,57.31,66.29,58.47,35.67,3,internal_medicine,>=5_years,low,2,0
V493,bm25,95.77,1,4,194.57,53.0,68.18,19.55,69.0,58.36,68.27,34.65,3,emergency,<5_years,high,3,0
V494,bm25,119.57,1,5,191.7,61.45,82.48,36.29,74.86,44.99,82.92,47.15,2,hospital_medicine,<5_years,high,4,0
V495,bm25,109.25,1,5,193.69,61.97,82.49,26.01,80.1,54.64,81.03,47.56,1,emergency,>=5_years,high,4,0
V496,bm25,63.98,1,3,167.38,48.24,61.04,16.76,57.63,64.56,47.71,41.72,1,internal_medicine,<5_years,low,0,0
V497,bm25,68.94,1,3,177.83,47.79,62.66,23.41,58.32,57.12,56.36,28.88,1,internal_medicine,<5_years,low,0,0
V498,bm25,64.75,1,3,183.94,50.58,58.92,14.68,61.65,66.33,64.34,37.53,3,internal_medicine,>=5_years,low,0,0
V499,bm25,69.37,1,3,181.66,50.98,61.89,17.25,62.21,65.71,60.99,37.86,1,critical_care,<5_years,low,2,0
V500,bm25,69.15,1,3,194.73,50.89,62.61,20.51,63.17,55.63,61.51,41.89,2,emergency,>=5_years,low,2,0
V501,bm25,116.24,1,5,189.27,58.8,81.47,22.31,82.56,45.89,75.58,44.98,3,critical_care,>=5_years,high,4,0
V502,bm25,112.83,1,5,206.01,60.18,76.45,24.27,71.66,50.71,87.47,50.5,2,hospital_medicine,<5_years,high,0,0
V503,bm25,91.79,1,4,188.68,55.15,75.91,10.11,75.29,56.37,68.8,44.42,2,internal_medicine,>=5_years,high,3,0
V504,bm25,61.36,1,3,177.75,47.57,57.48,13.28,55.93,59.82,62.9,36.01,1,hospital_medicine,<5_years,low,0,0
V505,bm25,92.23,1,4,197.58,52.77,61.13,18.9,70.42,56.93,74.8,34.46,1,internal_medicine,<5_years,high,3,0
V506,bm25,115.18,1,5,180.82,58.69,79.53,19.13,83.37,49.63,74.14,46.35,1,critical_care,<5_years,high,4,0
V507,bm25,73.98,1,3,187.41,48.92,57.67,23.12,53.58,64.04,55.37,39.76,2,emergency,<5_years,low,2,0
V508,bm25,61.88,1,3,182.19,48.1,67.08,11.62,54.04,63.8,56.89,35.17,3,hospital_medicine,<5_years,low,2,0
V509,bm25,127.16,1,5,181.69,59.65,81.96,23.43,69.21,45.12,85.08,53.08,1,internal_medicine,<5_years,high,0,0
V510,bm25,70.74,1,3,189.7,49.43,69.58,13.78,53.21,58.87,65.51,35.65,2,emergency,<5_years,low,2,0
V511,bm25,70.37,1,3,199.2,48.0,63.94,9.98,66.28,58.36,55.82,33.64,3,emergency,<5_years,low,0,0
V512,bm25,114.62,1,5,176.3,60.42,80.39,19.04,78.2,54.37,78.51,52.0,1,critical_care,>=5_years,high,4,0
V513,bm25,71.99,1,3,210.96,48.9,63.85,10.16,56.22,64.39,64.47,34.29,1,emergency,>=5_years,low,2,0
V514,bm25,224.54,0,5,195.23,71.18,100.0,30.76,100.0,30.22,100.0,66.12,3,internal_medicine,>=5_years,high,4,0
V515,bm25,104.72,1,5,178.11,59.7,82.34,21.98,72.2,54.16,78.94,48.62,2,emergency,>=5_years,high,4,0
V516,bm25,87.65,1,4,192.9,52.34,66.04,18.62,62.16,51.71,71.67,43.85,3,hospital_medicine,>=5_years,high,3,0
V517,bm25,117.21,1,5,186.12,57.51,84.48,12.07,76.84,48.43,84.15,39.06,2,internal_medicine,>=5_years,high,4,0
V518,bm25,92.8,1,4,191.07,57.09,71.87,22.86,69.33,61.49,70.07,46.92,3,critical_care,>=5_years,high,3,0
V519,bm25,78.43,1,3,184.32,51.38,66.85,11.88,66.0,65.21,62.56,35.78,3,internal_medicine,>=5_years,low,0,0
V520,bm25,114.22,1,5,205.95,60.19,82.55,27.12,81.71,43.97,79.04,46.77,3,hospital_medicine,<5_years,high,0,0
V521,bm25,223.66,0,5,188.62,70.33,100.0,28.82,100.0,23.7,100.0,69.48,3,emergency,<5_years,high,0,0
V522,bm25,120.74,1,5,186.17,61.28,82.17,31.69,80.88,54.72,73.7,44.54,2,critical_care,<5_years,high,4,0
V523,bm25,91.34,1,4,186.33,53.8,68.72,15.55,68.28,53.86,70.16,46.2,1,hospital_medicine,>=5_years,high,3,0
V524,bm25,69.41,1,3,183.53,50.96,65.29,20.85,63.35,60.2,61.75,34.3,2,emergency,<5_years,low,2,0
V525,bm25,121.9,1,5,200.52,60.94,81.03,26.48,79.58,49.43,84.6,44.52,3,emergency,<5_years,high,4,0
V526,bm25,109.18,1,5,180.13,59.09,80.94,18.96,75.86,49.98,78.19,50.58,3,internal_medicine,<5_years,high,0,0
V527,bm25,98.5,1,4,190.94,58.66,82.28,23.39,74.01,52.93,69.69,49.63,2,hospital_medicine,>=5_years,high,3,0
V528,bm25,79.31,1,3,199.58,49.7,66.63,19.14,56.92,58.24,58.86,38.37,3,internal_medicine,<5_years,low,0,0
V529,bm25,108.7,1,5,190.06,56.89,79.03,14.65,79.27,45.32,72.75,50.34,1,critical_care,<5_years,high,0,0
V530,bm25,70.2,1,3,209.46,49.65,68.06,16.35,54.7,53.7,63.6,41.52,1,hospital_medicine,<5_years,low,2,0
V531,bm25,87.19,1,4,183.82,53.11,68.88,17.14,67.97,58.29,67.4,38.99,2,emergency,<5_years,high,0,0
V532,bm25,87.78,1,4,199.7,51.74,72.52,11.96,65.52,55.67,64.66,40.09,2,hospital_medicine,>=5_years,high,3,0
V533,bm25,99.65,1,4,185.47,54.53,74.69,13.31,72.05,56.99,69.42,40.71,3,internal_medicine,>=5_years,high,3,0
V534,bm25,65.04,1,3,182.68,49.41,64.97,14.87,58.18,59.72,62.36,36.34,2,critical_care,<5_years,low,0,0
V535,bm25,66.04,1,3,171.06,48.26,65.94,15.97,57.7,51.49,62.18,36.29,3,emergency,>=5_years,low,0,0
V536,bm25,118.03,1,5,180.71,62.4,82.78,23.19,82.56,53.09,83.58,49.21,3,emergency,>=5_years,high,4,0
V537,bm25,112.05,1,5,189.63,60.61,92.09,20.41,74.07,49.52,81.23,46.31,2,hospital_medicine,<5_years,high,0,0
V538,bm25,112.05,1,5,184.57,57.71,83.23,20.76,71.81,47.57,80.98,41.9,3,hospital_medicine,<5_years,high,4,0
V539,bm25,65.89,1,3,189.83,48.95,60.9,18.45,52.13,60.7,61.45,40.09,2,critical_care,<5_years,low,2,0
V540,bm25,76.54,1,3,188.63,51.94,67.64,17.85,61.44,54.89,60.74,49.07,3,emergency,<5_years,low,2,0
V541,bm25,122.34,1,5,200.24,61.47,90.05,18.85,86.35,48.35,72.55,52.67,1,critical_care,>=5_years,high,4,0
V542,bm25,67.82,1,3,196.81,48.84,62.56,11.99,52.88,65.68,63.19,36.75,3,critical_care,<5_years,low,0,0
V543,bm25,216.81,0,5,199.32,70.72,100.0,31.87,100.0,28.48,100.0,63.96,2,hospital_medicine,>=5_years,high,0,0
V544,bm25,111.18,1,5,173.46,56.99,77.32,12.43,77.5,43.19,75.36,56.12,3,internal_medicine,<5_years,high,4,0
V545,bm25,68.26,1,3,182.42,48.43,63.05,11.68,59.9,63.82,55.45,36.72,2,emergency,<5_years,low,0,0
V546,bm25,110.94,1,5,187.59,57.83,75.07,20.1,78.81,49.53,72.37,51.09,2,emergency,<5_years,high,0,0
V547,bm25,98.45,1,4,194.47,53.23,74.2,22.88,64.85,49.02,68.68,39.75,2,emergency,<5_years,high,0,0
V548,bm25,96.05,1,4,194.91,52.9,71.69,16.99,64.77,49.14,68.64,46.19,1,internal_medicine,<5_years,high,3,0
V549,bm25,63.82,1,3,173.3,52.75,60.87,16.23,68.5,70.1,62.28,38.52,2,critical_care,<5_years,low,0,0
V550,bm25,113.1,1,5,199.97,59.91,80.51,18.88,75.79,50.53,87.95,45.81,1,critical_care,>=5_years,high,0,0
V551,bm25,73.99,1,3,190.11,47.72,55.52,13.06,59.49,62.26,57.82,38.14,1,emergency,<5_years,low,0,0
V552,bm25,68.79,1,3,181.85,47.38,54.53,5.45,62.78,65.11,61.89,34.54,2,emergency,<5_years,low,0,0
V553,bm25,69.21,1,3,163.85,47.87,59.77,10.71,57.05,63.67,61.32,34.71,3,critical_care,>=5_years,low,2,0
V554,bm25,70.71,1,3,176.07,51.18,66.41,18.8,66.29,56.83,65.75,33.02,2,critical_care,<5_years,low,0,0
V555,bm25,115.44,1,5,182.18,56.07,79.97,15.9,73.57,46.8,74.93,45.23,2,critical_care,>=5_years,high,0,0
V556,bm25,89.83,1,4,188.97,55.37,69.81,23.82,66.53,57.64,74.18,40.24,1,internal_medicine,<5_years,high,3,0
V557,bm25,115.74,1,5,188.33,61.95,84.27,18.29,79.56,52.9,89.82,46.85,3,emergency,<5_years,high,4,0
V558,bm25,89.56,1,4,186.27,55.78,70.12,25.97,61.98,54.85,73.09,48.65,3,emergency,<5_years,high,3,0
V559,bm25,92.98,1,4,186.92,53.8,73.28,20.03,64.23,55.58,64.17,45.52,2,internal_medicine,<5_years,high,3,0
V560,bm25,91.79,1,4,182.99,53.8,70.9,24.41,67.5,46.47,74.83,38.69,2,critical_care,<5_years,high,3,0
V561,bm25,65.48,1,3,163.21,51.48,59.19,13.79,60.1,68.82,63.44,43.53,2,internal_medicine,<5_years,low,2,0
V562,bm25,98.32,1,4,185.62,53.5,70.04,22.99,64.99,49.19,72.38,41.42,3,hospital_medicine,<5_years,high,0,0
V563,bm25,102.56,1,4,188.03,58.19,74.81,22.16,73.75,52.35,74.89,51.17,2,emergency,>=5_years,high,3,0
V564,bm25,80.47,1,3,178.88,51.71,66.71,24.27,54.19,59.0,68.91,37.17,1,critical_care,>=5_years,low,0,0
V565,bm25,67.06,1,3,180.1,51.07,63.59,12.88,64.27,68.15,57.96,39.57,2,hospital_medicine,<5_years,low,2,0
V566,bm25,114.78,1,5,180.39,59.77,77.53,25.21,80.91,43.96,82.49,48.49,1,internal_medicine,>=5_years,high,0,0
V567,bm25,93.81,1,4,178.02,54.03,75.58,25.36,67.98,50.1,65.82,39.33,2,hospital_medicine,<5_years,high,3,0
V568,bm25,73.3,1,3,194.75,50.42,69.39,17.32,63.32,59.82,62.34,30.33,3,emergency,>=5_years,low,0,0
V569,bm25,92.2,1,4,206.34,53.9,81.26,17.3,64.34,49.88,72.35,38.3,3,hospital_medicine,>=5_years,high,0,0
V570,bm25,89.34,1,4,186.26,49.65,69.56,10.43,64.55,48.95,67.18,37.25,3,hospital_medicine,>=5_years,high,0,0
V571,bm25,79.73,1,3,174.89,49.61,58.49,18.35,55.42,63.12,63.37,38.89,3,hospital_medicine,>=5_years,low,2,0
V572,bm25,98.66,1,4,191.91,51.18,69.87,17.82,68.92,47.0,67.36,36.08,2,internal_medicine,<5_years,high,0,0
V573,bm25,112.22,1,5,185.8,60.27,78.99,25.53,73.49,52.22,79.64,51.77,1,critical_care,<5_years,high,4,0
V574,bm25,74.21,1,3,215.75,50.37,65.52,12.78,64.64,59.67,61.88,37.7,1,critical_care,<5_years,low,0,0
V575,bm25,118.13,1,5,215.55,60.22,90.07,15.77,83.42,47.04,77.66,47.37,1,emergency,>=5_years,high,0,0
V576,bm25,213.88,0,4,185.47,70.71,100.0,30.79,100.0,30.24,100.0,63.22,1,emergency,>=5_years,high,0,0
V577,bm25,117.99,1,5,188.37,58.02,74.69,17.96,74.27,52.89,81.65,46.67,1,hospital_medicine,<5_years,high,0,0
V578,bm25,76.36,1,3,178.24,50.69,66.19,21.08,56.64,60.13,62.68,37.41,1,internal_medicine,<5_years,low,2,0
V579,bm25,109.11,1,5,196.76,60.14,79.63,27.83,76.63,54.8,78.04,43.92,3,internal_medicine,>=5_years,high,4,0
V580,bm25,110.43,1,5,196.63,57.12,87.04,23.55,71.31,42.21,75.45,43.18,3,emergency,<5_years,high,4,0
V581,bm25,115.41,1,5,183.12,62.9,78.91,26.04,83.23,46.77,91.7,50.79,2,internal_medicine,<5_years,high,0,0
V582,bm25,116.83,1,5,181.17,59.49,82.42,22.94,79.95,45.68,79.16,46.78,2,critical_care,>=5_years,high,4,0
V583,bm25,93.64,1,4,171.77,52.98,72.31,18.34,68.47,46.64,73.01,39.13,1,internal_medicine,>=5_years,high,3,0
V584,bm25,97.98,1,4,182.46,55.29,75.43,21.71,68.38,54.74,71.87,39.61,2,emergency,>=5_years,high,0,0
V585,bm25,87.21,1,4,209.85,53.04,71.23,15.96,62.33,56.8,64.83,47.1,3,hospital_medicine,<5_years,high,3,0
V586,bm25,73.19,1,3,205.59,49.42,62.78,17.0,58.42,58.08,68.76,31.47,1,emergency,>=5_years,low,2,0
V587,bm25,108.45,1,5,180.16,58.68,76.26,19.35,80.44,53.56,80.41,42.04,2,critical_care,>=5_years,high,4,0
V588,bm25,95.21,1,4,178.16,53.85,69.54,23.29,67.65,51.0,70.63,40.99,3,hospital_medicine,<5_years,high,3,0
V589,bm25,67.36,1,3,201.54,50.11,55.35,16.52,63.39,59.22,68.1,38.1,2,critical_care,<5_years,low,2,0
V590,bm25,106.79,1,5,174.65,57.65,78.3,16.86,74.29,48.96,83.33,44.15,2,hospital_medicine,<5_years,high,4,0
V591,bm25,110.28,1,5,197.65,61.87,78.46,27.68,85.92,49.24,78.13,51.79,3,critical_care,<5_years,high,0,0
V592,bm25,120.81,1,5,180.67,60.34,89.91,11.43,86.91,50.17,78.03,45.59,3,hospital_medicine,<5_years,high,4,0
V593,bm25,60.58,1,3,189.02,49.47,58.75,20.34,61.83,61.6,56.55,37.75,1,hospital_medicine,>=5_years,low,2,0
V594,bm25,87.63,1,4,180.3,55.17,71.63,23.6,72.43,61.18,60.8,41.39,1,critical_care,<5_years,high,3,0
V595,bm25,107.15,1,5,189.48,59.35,81.61,24.81,72.97,52.65,81.24,42.81,2,internal_medicine,>=5_years,high,4,0
V596,bm25,95.24,1,4,198.87,53.38,69.02,15.31,63.94,56.15,72.67,43.16,1,hospital_medicine,>=5_years,high,0,0
V597,bm25,187.22,0,4,173.97,71.32,100.0,34.49,97.25,33.69,100.0,62.49,1,critical_care,>=5_years,high,0,0
V598,bm25,125.52,1,5,205.35,60.81,86.32,24.43,80.86,41.01,80.89,51.36,1,critical_care,<5_years,high,0,0
V599,bm25,105.66,1,4,201.61,55.59,82.49,20.98,68.76,49.97,68.92,42.44,1,hospital_medicine,<5_years,high,3,0
V600,bm25,90.74,1,4,204.99,54.11,71.96,14.85,67.97,56.82,75.97,37.08,2,critical_care,<5_years,high,3,0
V601,bm25,89.45,1,4,181.11,53.85,64.3,20.64,68.46,56.1,71.4,42.2,2,internal_medicine,>=5_years,high,3,0
V602,bm25,82.4,1,4,184.5,56.0,74.49,22.71,63.96,57.76,73.19,43.89,2,internal_medicine,>=5_years,high,0,0
V603,bm25,117.16,1,5,187.27,58.41,78.23,22.66,81.72,45.25,75.74,46.88,3,hospital_medicine,>=5_years,high,4,0
V604,bm25,95.83,1,4,186.66,54.35,68.39,16.54,72.21,52.93,76.7,39.34,1,hospital_medicine,<5_years,high,0,0
V605,bm25,68.57,1,3,199.57,49.96,66.24,15.06,62.82,60.56,58.51,36.59,2,internal_medicine,<5_years,low,2,0
V606,bm25,123.35,1,5,181.93,64.42,95.32,24.31,75.06,54.58,83.75,53.48,3,emergency,<5_years,high,4,0
V607,bm25,75.37,1,3,195.13,51.29,66.4,18.78,58.39,61.91,71.09,31.18,1,internal_medicine,<5_years,low,2,0
V608,bm25,111.41,1,5,192.35,58.21,79.37,18.37,78.89,41.9,79.3,51.41,2,internal_medicine,>=5_years,high,4,0
V609,bm25,87.14,1,4,193.1,55.78,71.91,15.67,69.16,57.39,72.25,48.32,3,internal_medicine,<5_years,high,0,0
V610,bm25,120.53,1,5,180.99,58.92,81.79,16.16,75.27,49.0,77.77,53.51,2,critical_care,>=5_years,high,4,0
V611,bm25,64.16,1,3,187.46,47.06,58.53,13.19,59.91,55.85,60.82,34.03,2,hospital_medicine,<5_years,low,0,0
V612,bm25,61.78,1,3,201.73,49.13,65.16,16.04,58.05,62.24,57.18,36.09,3,emergency,<5_years,low,2,0
V613,bm25,64.23,1,3,181.15,47.27,61.28,15.43,60.85,59.22,56.36,30.46,3,hospital_medicine,<5_years,low,2,0
V614,bm25,123.74,1,5,186.88,58.65,83.34,20.94,75.03,48.37,78.01,46.23,1,emergency,<5_years,high,4,0
V615,bm25,74.51,1,3,195.8,49.39,65.01,12.25,67.33,60.47,59.73,31.54,1,internal_medicine,>=5_years,low,2,0
V616,bm25,112.56,1,5,207.31,60.39,80.96,27.1,74.21,55.63,74.36,50.06,2,critical_care,>=5_years,high,4,0
V617,bm25,70.63,1,3,190.9,50.96,58.18,22.95,64.89,62.42,60.97,36.33,3,emergency,>=5_years,low,2,0
V618,bm25,118.9,1,5,189.73,61.55,78.04,23.72,77.41,50.17,86.22,53.74,1,emergency,>=5_years,high,4,0
V619,bm25,92.07,1,4,181.26,52.9,71.62,17.12,67.46,52.72,72.17,36.33,3,critical_care,>=5_years,high,0,0
V620,bm25,119.13,1,5,174.92,61.06,87.05,19.41,84.81,49.42,78.67,46.98,3,critical_care,<5_years,high,0,0
V621,bm25,121.51,1,5,199.04,61.11,79.78,26.65,79.03,44.04,87.94,49.24,3,critical_care,>=5_years,high,0,0
V622,bm25,75.85,1,3,186.13,46.81,60.63,13.94,53.94,61.56,60.17,30.62,1,internal_medicine,>=5_years,low,2,0
V623,bm25,92.47,1,4,208.29,52.6,71.36,18.54,66.83,57.25,65.06,36.58,3,hospital_medicine,>=5_years,high,3,0
V624,bm25,66.08,1,3,188.54,48.37,55.28,18.96,56.3,64.34,62.92,32.39,3,critical_care,>=5_years,low,2,0
V625,bm25,89.58,1,4,200.09,52.52,66.36,21.24,58.28,58.77,68.15,42.32,2,critical_care,>=5_years,high,3,0
V626,bm25,114.35,1,5,189.96,60.19,85.91,21.21,76.9,53.32,78.15,45.67,3,critical_care,<5_years,high,0,0
V627,bm25,95.01,1,4,190.32,56.02,74.19,19.99,68.61,62.07,69.62,41.66,3,internal_medicine,<5_years,high,3,0
V628,bm25,100.07,1,4,191.51,57.33,74.89,12.26,71.3,60.24,80.64,44.67,2,hospital_medicine,<5_years,high,0,0
V629,bm25,90.5,1,4,196.61,55.31,71.42,20.57,66.03,56.49,69.38,47.94,1,critical_care,>=5_years,high,0,0
V630,bm25,61.07,1,3,190.99,47.63,65.68,13.24,49.74,59.88,58.6,38.63,1,emergency,<5_years,low,2,0
V631,bm25,67.0,1,3,182.82,50.68,62.71,14.33,62.86,65.08,60.97,38.12,3,internal_medicine,<5_years,low,0,0
V632,bm25,79.11,1,3,197.1,48.6,67.45,16.96,58.17,52.46,60.92,35.63,1,hospital_medicine,>=5_years,low,2,0
V633,bm25,98.11,1,4,193.69,54.54,77.86,20.58,72.51,50.32,64.54,41.45,3,critical_care,<5_years,high,3,0
V634,bm25,90.06,1,4,188.57,53.03,68.16,19.98,58.23,55.3,71.4,45.11,1,critical_care,<5_years,high,0,0
V635,bm25,117.5,1,5,179.04,60.47,80.21,21.68,81.01,48.18,82.58,49.17,1,emergency,<5_years,high,0,0
V636,bm25,90.73,1,4,181.12,52.09,64.38,20.22,66.79,52.49,70.87,37.8,1,hospital_medicine,<5_years,high,3,0
V637,bm25,116.02,1,5,179.0,59.56,86.04,19.2,74.4,47.6,83.34,46.77,1,hospital_medicine,<5_years,high,0,0
V638,bm25,71.96,1,3,177.97,49.96,58.68,18.46,57.38,66.62,64.53,34.08,2,emergency,>=5_years,low,2,0
V639,bm25,95.33,1,4,195.98,54.7,70.15,22.84,63.89,53.35,70.4,47.54,1,hospital_medicine,<5_years,high,3,0
V640,bm25,95.2,1,4,198.69,52.44,71.15,15.57,71.97,46.06,68.71,41.17,1,internal_medicine,>=5_years,high,3,0
V641,bm25,86.54,1,4,191.96,55.61,69.32,20.62,72.17,61.43,65.93,44.21,1,emergency,>=5_years,high,3,0
V642,bm25,170.47,0,3,194.82,67.79,99.33,20.36,95.42,43.99,87.26,60.36,3,critical_care,>=5_years,low,0,0
V643,bm25,79.02,1,3,194.94,49.27,63.04,9.6,67.98,47.32,63.54,44.16,3,critical_care,<5_years,low,0,0
V644,bm25,122.21,1,5,180.93,60.68,83.34,25.23,77.09,43.04,82.01,53.39,3,hospital_medicine,>=5_years,high,4,0
V645,bm25,124.89,1,5,197.96,63.76,87.26,25.98,78.23,55.89,81.15,54.04,2,hospital_medicine,>=5_years,high,0,0
V646,bm25,72.49,1,3,201.73,49.31,63.02,16.64,59.67,59.56,64.87,32.1,3,hospital_medicine,<5_years,low,0,0
V647,bm25,225.12,0,5,191.28,73.77,100.0,42.93,100.0,26.57,100.0,73.14,3,emergency,<5_years,high,0,0
V648,bm25,116.0,1,5,183.5,59.03,83.6,22.47,75.84,41.02,76.43,54.82,3,internal_medicine,<5_years,high,4,0
V649,bm25,98.0,1,4,199.88,54.45,75.74,15.57,71.82,53.75,70.47,39.36,2,emergency,<5_years,high,0,0
V650,bm25,67.59,1,3,189.25,46.94,59.53,10.05,57.64,58.38,64.71,31.3,2,emergency,>=5_years,low,0,0
V651,bm25,90.71,1,4,164.89,56.69,76.2,26.87,70.21,54.54,70.6,41.72,1,critical_care,>=5_years,high,0,0
V652,bm25,77.49,1,3,207.03,49.06,66.24,14.31,62.16,58.72,56.79,36.12,2,critical_care,<5_years,low,0,0
V653,bm25,69.25,1,3,169.69,49.6,64.01,12.54,62.2,59.45,60.6,38.8,1,emergency,>=5_years,low,2,0
V654,bm25,90.91,1,4,204.95,55.38,70.45,13.2,70.32,56.42,74.17,47.69,2,hospital_medicine,>=5_years,high,0,0
V655,bm25,90.3,1,4,176.05,54.07,73.91,24.14,61.76,55.14,72.98,36.47,2,internal_medicine,<5_years,high,0,0
V656,bm25,97.09,1,4,202.58,56.92,76.83,24.08,76.31,57.43,73.31,33.54,3,internal_medicine,>=5_years,high,3,0
V657,bm25,74.06,1,3,173.29,51.96,68.98,21.42,59.65,59.22,65.02,37.46,1,critical_care,<5_years,low,2,0
V658,bm25,79.04,1,3,190.32,49.84,68.88,13.58,60.16,60.8,64.47,31.16,3,critical_care,<5_years,low,2,0
V659,bm25,97.91,1,4,179.52,56.52,76.8,18.0,71.41,56.35,69.91,46.64,3,emergency,<5_years,high,3,0
V660,bm25,91.85,1,4,183.3,55.74,76.64,21.08,70.74,49.67,74.73,41.58,3,emergency,>=5_years,high,3,0
V661,bm25,76.36,1,3,199.07,52.09,69.75,21.78,64.18,58.12,63.91,34.79,2,hospital_medicine,<5_years,low,2,0
V662,bm25,85.31,1,4,189.83,53.65,72.26,17.46,65.12,59.82,64.55,42.68,3,critical_care,>=5_years,high,0,0
V663,bm25,64.57,1,3,198.8,45.57,62.32,10.16,53.88,60.75,53.96,32.34,1,hospital_medicine,<5_years,low,2,0
V664,bm25,96.26,1,4,196.17,55.65,70.42,20.42,68.9,61.09,67.57,45.5,2,emergency,>=5_years,high,0,0
V665,bm25,94.08,1,4,178.09,52.53,70.77,12.82,59.94,54.32,72.86,44.45,1,hospital_medicine,<5_years,high,3,0
V666,bm25,114.05,1,5,186.02,59.07,82.74,20.7,77.56,50.63,75.32,47.45,1,critical_care,>=5_years,high,0,0
V667,bm25,72.54,1,3,187.26,49.61,66.65,13.62,65.83,55.13,63.68,32.72,1,critical_care,<5_years,low,2,0
V668,bm25,96.17,1,4,189.86,56.5,80.78,19.86,76.19,54.04,66.26,41.86,2,internal_medicine,>=5_years,high,0,0
V669,bm25,89.15,1,4,190.27,53.16,68.6,26.84,62.41,51.31,69.62,40.18,1,hospital_medicine,>=5_years,high,0,0
V670,bm25,119.87,1,5,194.56,62.94,77.76,21.9,87.8,54.89,86.12,49.19,3,emergency,>=5_years,high,0,0
V671,bm25,70.4,1,3,188.27,49.96,65.96,25.44,55.34,57.8,61.5,33.71,1,internal_medicine,<5_years,low,2,0
V672,bm25,114.56,1,5,198.08,59.95,85.95,24.52,77.41,46.31,75.19,50.34,1,internal_medicine,>=5_years,high,0,0
V673,bm25,112.74,1,5,201.53,62.8,83.17,32.4,75.98,54.32,84.31,46.63,3,critical_care,>=5_years,high,4,0
V674,bm25,96.6,1,4,192.47,53.59,70.46,14.52,63.85,52.46,76.45,43.79,2,internal_medicine,<5_years,high,0,0
V675,bm25,131.54,1,5,175.01,63.71,90.98,21.82,83.35,46.57,83.95,55.58,3,internal_medicine,>=5_years,high,0,0
V676,bm25,195.65,0,4,175.56,73.26,100.0,37.59,99.34,30.87,100.0,71.79,2,hospital_medicine,<5_years,high,0,0
V677,bm25,100.79,1,4,194.73,55.82,78.2,24.89,66.98,46.41,72.26,46.18,2,internal_medicine,<5_years,high,0,0
V678,bm25,69.72,1,3,196.25,48.44,61.45,20.32,58.89,57.55,58.61,33.81,3,emergency,<5_years,low,2,0
V679,bm25,99.46,1,4,175.89,55.54,70.97,22.45,68.88,56.86,69.66,44.42,2,critical_care,<5_years,high,3,0
V680,bm25,90.22,1,4,188.55,52.36,72.5,13.73,64.69,54.67,70.63,37.96,1,critical_care,<5_years,high,3,0
V681,bm25,71.84,1,3,189.7,50.8,65.98,19.74,65.11,60.91,54.98,38.08,2,emergency,>=5_years,low,0,0
V682,bm25,93.34,1,4,195.85,54.72,68.0,20.14,69.46,53.67,69.12,47.92,2,critical_care,>=5_years,high,3,0
V683,bm25,84.8,1,4,183.65,52.52,68.18,22.71,64.62,49.79,68.03,41.78,1,hospital_medicine,<5_years,high,3,0
V684,bm25,63.93,1,3,170.93,47.6,60.73,11.16,57.09,57.33,57.24,42.04,1,hospital_medicine,>=5_years,low,0,0
V685,bm25,76.35,1,3,184.91,52.31,73.98,16.56,60.24,56.81,68.15,38.11,2,emergency,<5_years,low,2,0
V686,bm25,115.87,1,5,179.35,60.37,89.6,19.34,77.76,47.01,83.25,45.27,1,hospital_medicine,<5_years,high,4,0
V687,bm25,69.58,1,3,193.82,47.76,60.63,13.9,52.31,66.6,62.95,30.2,2,emergency,>=5_years,low,2,0
V688,bm25,86.1,1,4,191.65,53.61,69.26,21.46,66.16,52.94,69.78,42.06,2,emergency,<5_years,high,3,0
V689,bm25,90.45,1,4,191.2,55.21,69.74,19.46,64.78,66.97,67.66,42.67,3,internal_medicine,<5_years,high,3,0
V690,bm25,72.27,1,3,190.6,49.54,66.07,18.24,58.0,58.51,57.52,38.89,3,hospital_medicine,<5_years,low,2,0
V691,bm25,66.47,1,3,192.57,47.15,62.7,7.86,56.07,67.77,51.88,36.6,2,hospital_medicine,<5_years,low,0,0
V692,bm25,107.92,1,5,189.6,58.77,80.08,23.36,73.99,48.19,79.92,47.07,3,hospital_medicine,<5_years,high,4,0
V693,bm25,90.08,1,4,192.83,52.81,74.26,12.37,74.62,45.3,70.73,39.56,3,hospital_medicine,>=5_years,high,3,0
V694,bm25,68.73,1,3,195.3,48.72,64.85,16.6,71.21,51.47,55.19,32.98,1,hospital_medicine,>=5_years,low,2,0
V695,bm25,88.32,1,4,199.72,54.05,71.34,17.65,66.02,60.28,68.55,40.45,3,emergency,>=5_years,high,3,0
V696,bm25,114.77,1,5,202.5,56.76,84.97,21.94,72.52,45.37,74.12,41.66,1,internal_medicine,<5_years,high,0,0
V697,bm25,223.47,0,5,184.34,71.1,100.0,29.91,100.0,27.25,100.0,69.46,1,emergency,<5_years,high,0,0
V698,bm25,104.9,1,4,187.2,57.25,83.52,15.29,74.05,50.88,77.09,42.68,3,emergency,<5_years,high,0,0
V699,bm25,122.8,1,5,188.36,63.29,79.38,28.74,84.76,50.23,82.83,53.77,2,critical_care,<5_years,high,4,0
V700,bm25,98.4,1,4,199.82,53.51,69.04,20.14,71.28,51.72,70.2,38.7,1,critical_care,>=5_years,high,3,0
V701,bm25,124.5,1,5,175.1,61.43,80.55,20.14,77.14,51.29,88.78,50.67,2,critical_care,>=5_years,high,4,0
V702,bm25,77.18,1,3,197.5,51.43,65.27,23.83,59.34,60.69,59.69,39.75,3,internal_medicine,>=5_years,low,0,0
V703,bm25,89.76,1,4,187.3,56.29,70.85,24.72,70.05,55.37,73.07,43.65,1,emergency,>=5_years,high,3,0
V704,bm25,69.11,1,3,208.79,48.36,59.49,19.27,59.24,60.99,53.49,37.66,1,emergency,<5_years,low,0,0
V705,bm25,72.11,1,3,190.78,46.45,58.06,13.89,54.82,58.48,57.22,36.21,3,critical_care,<5_years,low,2,0
V706,bm25,88.22,1,4,188.89,50.77,65.02,17.86,62.0,43.56,68.92,47.25,1,critical_care,>=5_years,high,3,0
V707,bm25,73.04,1,3,187.24,48.04,58.36,17.71,62.08,58.71,54.85,36.51,1,critical_care,<5_years,low,2,0
V708,bm25,64.64,1,3,214.35,46.66,61.03,11.36,52.16,64.91,58.03,32.49,3,emergency,<5_years,low,2,0
V709,bm25,80.87,1,3,171.66,52.57,71.58,16.44,66.2,53.94,69.2,38.05,1,critical_care,>=5_years,low,0,0
V710,bm25,92.48,1,4,176.07,54.25,74.92,16.86,60.08,60.08,73.26,40.29,3,hospital_medicine,>=5_years,high,3,0
V711,bm25,112.59,1,5,182.18,59.89,76.54,21.87,77.86,49.52,86.6,46.98,3,hospital_medicine,>=5_years,high,0,0
V712,bm25,120.69,1,5,191.4,60.06,85.14,19.14,78.85,49.3,80.32,47.6,1,hospital_medicine,>=5_years,high,4,0
V713,bm25,68.35,1,3,192.58,46.92,62.3,18.44,56.27,55.08,60.08,29.35,1,emergency,<5_years,low,2,0
V714,bm25,93.07,1,4,176.69,52.5,70.27,16.2,66.02,52.54,64.2,45.8,2,hospital_medicine,<5_years,high,3,0
V715,bm25,65.77,1,3,199.8,50.03,65.31,12.6,62.97,60.57,64.59,34.11,2,critical_care,>=5_years,low,2,0
V716,bm25,72.64,1,3,194.63,50.2,66.11,19.06,61.75,56.57,59.75,37.99,3,internal_medicine,>=5_years,low,2,0
V717,bm25,89.1,1,4,185.05,51.59,73.97,12.55,65.76,50.91,66.92,39.45,3,hospital_medicine,<5_years,high,3,0
V718,bm25,66.79,1,3,191.14,49.72,61.4,20.81,49.47,66.49,63.9,36.26,3,internal_medicine,>=5_years,low,2,0
V719,bm25,89.34,1,4,196.57,52.46,62.88,20.28,67.59,60.41,64.08,39.51,2,hospital_medicine,<5_years,high,0,0
V720,bm25,118.62,1,5,198.51,59.45,80.17,19.85,84.41,43.22,72.54,56.52,3,critical_care,<5_years,high,0,0
V721,bm25,92.04,1,4,179.37,54.34,74.91,13.57,64.97,58.32,77.14,37.17,2,internal_medicine,<5_years,high,0,0
V722,bm25,70.25,1,3,187.4,48.31,69.9,7.19,56.42,61.73,57.32,37.32,2,internal_medicine,<5_years,low,2,0
V723,bm25,90.9,1,4,191.52,55.78,78.37,27.26,71.99,50.45,67.6,38.99,1,emergency,<5_years,high,3,0
V724,bm25,118.07,1,5,195.06,61.54,84.99,22.29,91.57,42.34,78.52,49.55,1,critical_care,<5_years,high,4,0
V725,bm25,69.59,1,3,173.09,48.04,59.9,14.49,47.69,60.32,65.02,40.85,3,critical_care,>=5_years,low,2,0
V726,bm25,67.48,1,3,182.5,51.64,60.12,23.22,65.98,67.07,56.36,37.09,1,hospital_medicine,>=5_years,low,0,0
V727,bm25,99.66,1,4,189.77,55.22,75.29,19.75,71.29,53.4,72.53,39.03,2,emergency,>=5_years,high,3,0
V728,bm25,113.9,1,5,186.03,59.05,79.93,23.14,75.76,45.58,82.41,47.5,2,emergency,<5_years,high,0,0
V729,bm25,71.16,1,3,189.2,49.8,66.45,16.79,48.48,63.31,66.29,37.51,2,critical_care,<5_years,low,0,0
V730,bm25,99.32,1,4,198.96,54.54,74.24,13.14,74.07,47.81,72.65,45.32,1,internal_medicine,<5_years,high,3,0
V731,bm25,119.83,1,5,197.69,60.96,84.56,25.41,83.17,47.36,81.64,43.62,1,hospital_medicine,<5_years,high,0,0
V732,bm25,68.27,1,3,191.82,49.73,68.29,18.52,61.54,55.77,57.91,36.37,3,internal_medicine,<5_years,low,2,0
V733,bm25,94.37,1,4,182.64,54.11,68.26,16.03,68.69,52.78,75.11,43.81,2,internal_medicine,>=5_years,high,3,0
V734,bm25,70.67,1,3,177.12,49.73,67.33,8.84,57.73,61.4,67.96,35.11,3,critical_care,>=5_years,low,0,0
V735,bm25,120.97,1,5,177.48,61.92,87.69,25.79,79.7,51.59,81.16,45.6,3,internal_medicine,>=5_years,high,0,0
V736,bm25,72.22,1,3,202.36,48.39,65.28,10.46,58.36,59.96,61.71,34.6,1,critical_care,>=5_years,low,2,0
V737,bm25,77.16,1,3,171.3,49.31,65.54,14.31,58.19,61.39,60.96,35.49,3,emergency,<5_years,low,0,0
V738,bm25,121.59,1,5,192.07,57.62,83.34,22.19,71.92,49.26,73.16,45.86,3,critical_care,<5_years,high,4,0
V739,bm25,107.65,1,5,185.57,56.75,77.67,20.49,69.29,55.94,70.6,46.49,3,emergency,<5_years,high,4,0
V740,bm25,91.46,1,4,194.79,55.9,78.25,18.72,67.31,48.46,73.47,49.17,2,hospital_medicine,>=5_years,high,3,0
V741,bm25,91.96,1,4,204.84,53.33,71.89,21.03,59.67,56.14,70.29,40.97,1,emergency,<5_years,high,3,0
V742,bm25,91.13,1,4,204.83,56.75,74.27,21.09,74.52,60.6,69.87,40.18,2,hospital_medicine,<5_years,high,0,0
V743,bm25,65.24,1,3,202.63,50.21,58.79,20.36,64.04,61.69,61.65,34.71,3,internal_medicine,<5_years,low,0,0
V744,bm25,97.12,1,4,185.1,54.23,74.72,19.21,71.53,53.75,65.08,41.12,2,critical_care,>=5_years,high,3,0
V745,bm25,214.77,0,5,184.33,72.29,100.0,33.05,100.0,34.46,100.0,66.25,2,emergency,>=5_years,high,0,0
V746,bm25,100.32,1,4,195.92,58.07,70.75,23.31,75.07,55.49,74.22,49.57,3,critical_care,>=5_years,high,0,0
V747,bm25,67.56,1,3,178.06,49.23,64.89,14.95,53.67,62.75,62.02,37.09,3,hospital_medicine,<5_years,low,0,0
V748,bm25,66.46,1,3,207.0,49.25,63.81,17.23,62.75,57.83,57.94,35.95,1,internal_medicine,>=5_years,low,2,0
V749,bm25,120.28,1,5,193.14,60.48,90.92,19.51,85.2,45.09,76.5,45.64,1,critical_care,>=5_years,high,0,0
V750,bm25,63.41,1,3,184.74,45.88,59.9,13.26,58.17,57.86,57.33,28.76,2,critical_care,>=5_years,low,0,0
V751,bm25,66.26,1,3,175.55,47.42,63.55,19.26,50.63,55.52,62.66,32.92,3,emergency,>=5_years,low,0,0
V752,bm25,88.67,1,4,190.15,53.75,73.48,19.54,67.12,57.1,67.29,37.94,3,internal_medicine,>=5_years,high,0,0
V753,bm25,71.28,1,3,203.18,51.09,65.13,19.34,62.86,62.4,58.8,38.02,2,critical_care,<5_years,low,2,0
V754,bm25,116.07,1,5,190.53,58.39,79.83,21.1,73.94,52.49,76.08,46.88,1,internal_medicine,>=5_years,high,0,0
V755,bm25,95.66,1,4,185.35,54.6,70.33,21.19,70.74,51.67,75.55,38.15,2,emergency,>=5_years,high,0,0
V756,bm25,112.34,1,5,175.56,57.0,83.16,3.64,76.62,55.59,74.04,48.97,1,hospital_medicine,>=5_years,high,4,0
V757,bm25,90.55,1,4,197.56,55.34,71.53,24.65,74.13,52.99,72.14,36.62,2,internal_medicine,>=5_years,high,3,0
V758,bm25,63.17,1,3,200.59,46.86,64.11,12.25,56.23,58.34,59.74,30.51,2,hospital_medicine,>=5_years,low,2,0
V759,bm25,70.84,1,3,197.32,50.78,66.15,22.57,53.79,62.9,60.73,38.56,3,emergency,<5_years,low,2,0
V760,bm25,97.75,1,4,201.31,55.2,76.4,17.22,74.08,48.29,70.96,44.28,1,hospital_medicine,>=5_years,high,3,0
V761,bm25,117.9,1,5,183.65,62.07,86.23,26.49,79.13,51.48,80.59,48.54,3,hospital_medicine,>=5_years,high,4,0
V762,bm25,66.64,1,3,197.54,47.19,60.55,13.94,55.66,59.79,55.58,37.63,1,critical_care,<5_years,low,0,0
V763,bm25,100.23,1,4,202.76,56.74,70.02,24.32,76.29,55.28,74.26,40.27,2,emergency,<5_years,high,3,0
V764,bm25,126.29,1,5,208.27,58.99,81.33,13.91,82.79,44.98,84.34,46.57,1,critical_care,>=5_years,high,0,0
V765,bm25,74.45,1,3,178.91,50.41,67.69,18.0,63.22,55.63,61.43,36.53,1,hospital_medicine,<5_years,low,2,0
V766,bm25,122.18,1,5,174.61,60.61,86.04,16.71,73.99,52.56,87.97,46.37,3,internal_medicine,>=5_years,high,0,0
V767,bm25,89.45,1,4,180.58,53.69,73.04,22.77,65.3,61.66,66.09,33.25,3,internal_medicine,<5_years,high,3,0
V768,bm25,87.98,1,4,188.05,53.84,74.33,17.16,66.78,55.93,65.39,43.48,1,critical_care,>=5_years,high,0,0
V769,bm25,95.9,1,4,205.03,56.69,72.38,19.74,75.4,58.46,72.29,41.89,1,critical_care,>=5_years,high,0,0
V770,bm25,122.29,1,5,188.14,63.97,88.28,25.97,82.4,53.87,87.04,46.25,2,internal_medicine,<5_years,high,0,0
V771,bm25,119.11,1,5,184.52,58.98,80.21,19.1,72.91,43.51,88.53,49.6,1,hospital_medicine,>=5_years,high,4,0
V772,bm25,88.01,1,4,184.78,53.27,69.3,14.59,67.78,63.81,65.95,38.18,1,critical_care,>=5_years,high,0,0
V773,bm25,83.77,1,4,202.66,51.99,68.12,20.78,63.14,56.4,69.24,34.25,1,hospital_medicine,<5_years,high,3,0
V774,bm25,98.75,1,4,182.89,55.33,71.72,17.68,72.34,57.07,73.03,40.12,3,internal_medicine,<5_years,high,0,0
V775,bm25,93.39,1,4,199.37,52.89,67.03,15.88,61.71,56.83,71.44,44.43,2,internal_medicine,>=5_years,high,0,0
V776,bm25,68.27,1,3,170.97,50.4,61.82,15.29,64.05,58.49,62.56,40.17,3,critical_care,<5_years,low,0,0
V777,bm25,94.41,1,4,179.64,55.47,76.74,18.77,70.17,53.73,66.03,47.36,2,internal_medicine,<5_years,high,0,0
V778,bm25,69.95,1,3,199.35,49.59,58.14,22.83,55.24,60.96,61.81,38.54,2,hospital_medicine,<5_years,low,2,0
V779,bm25,66.16,1,3,197.88,48.67,64.0,12.22,56.54,59.17,62.15,37.94,1,hospital_medicine,>=5_years,low,2,0
V780,bm25,71.92,1,3,200.32,50.75,65.06,12.68,63.11,64.9,55.27,43.48,2,critical_care,<5_years,low,2,0
V781,bm25,124.59,1,5,189.41,62.87,85.5,26.18,86.03,48.28,79.95,51.26,1,hospital_medicine,>=5_years,high,0,0
V782,bm25,115.31,1,5,182.15,59.87,80.62,19.46,79.54,50.35,82.8,46.48,3,internal_medicine,<5_years,high,4,0
V783,bm25,115.83,1,5,185.36,58.2,77.99,22.19,76.62,49.34,82.42,40.66,1,internal_medicine,<5_years,high,4,0
V784,bm25,72.49,1,3,197.43,50.69,70.92,12.89,58.07,61.62,59.43,41.19,2,critical_care,<5_years,low,0,0
V785,bm25,116.53,1,5,184.77,59.89,81.13,18.92,76.0,52.53,83.02,47.73,1,emergency,<5_years,high,4,0
V786,bm25,115.06,1,5,191.96,59.83,78.75,25.54,79.19,50.05,76.48,48.95,2,hospital_medicine,>=5_years,high,4,0
V787,bm25,66.75,1,3,211.52,48.47,59.47,13.24,60.45,65.52,53.5,38.64,3,critical_care,<5_years,low,2,0
V788,bm25,111.4,1,5,189.77,57.34,73.4,16.4,76.44,53.61,77.15,47.04,2,internal_medicine,<5_years,high,4,0
V789,bm25,111.6,1,5,182.87,59.29,77.85,25.5,76.31,44.99,80.26,50.84,3,critical_care,>=5_years,high,4,0
V790,bm25,116.43,1,5,199.49,60.97,80.63,23.53,81.31,55.17,74.14,51.02,2,hospital_medicine,<5_years,high,4,0
V791,bm25,90.0,1,4,209.42,51.17,67.0,13.41,65.4,50.61,65.93,44.65,2,critical_care,<5_years,high,0,0
V792,bm25,63.72,1,3,187.72,47.49,61.47,10.81,59.73,57.55,60.38,35.02,3,critical_care,<5_years,low,2,0
V793,bm25,86.44,1,4,189.47,52.55,71.83,12.05,68.63,61.29,63.29,38.19,1,hospital_medicine,>=5_years,high,3,0
V794,bm25,75.62,1,3,184.93,52.46,67.95,14.64,62.41,64.03,60.77,44.95,1,emergency,<5_years,low,2,0
V795,bm25,116.72,1,5,192.08,60.29,83.55,22.76,80.11,49.99,79.21,46.09,1,emergency,<5_years,high,4,0
V796,bm25,116.18,1,5,173.25,59.63,78.65,24.6,80.34,46.55,82.95,44.66,2,critical_care,<5_years,high,0,0
V797,bm25,121.02,1,5,184.86,61.11,84.58,25.29,77.36,45.85,84.25,49.3,3,emergency,<5_years,high,0,0
V798,bm25,97.15,1,4,187.15,56.37,74.07,19.55,74.32,59.47,68.98,41.82,3,critical_care,>=5_years,high,0,0
V799,bm25,114.26,1,5,177.4,59.65,75.87,27.93,78.55,49.76,83.39,42.39,2,critical_care,>=5_years,high,4,0
V800,bm25,94.86,1,4,176.55,54.61,70.76,22.78,73.72,52.95,68.13,39.35,1,internal_medicine,>=5_years,high,3,0
V801,bm25,118.09,1,5,186.29,62.59,95.12,25.08,74.26,43.93,86.44,50.7,1,hospital_medicine,<5_years,high,4,0
V802,bm25,111.97,1,5,170.71,56.72,74.58,14.15,75.04,52.63,76.38,47.52,3,internal_medicine,<5_years,high,0,0
V803,bm25,109.72,1,5,183.93,55.53,81.84,18.61,70.78,44.93,72.68,44.36,1,hospital_medicine,<5_years,high,4,0
V804,bm25,75.87,1,3,179.04,49.68,65.3,21.98,53.21,58.21,59.29,40.1,1,hospital_medicine,<5_years,low,0,0
V805,bm25,112.98,1,5,170.94,57.72,83.6,23.92,73.58,46.68,76.15,42.36,1,emergency,<5_years,high,4,0
V806,bm25,81.5,1,3,182.94,49.33,65.33,14.8,62.8,51.37,57.84,43.82,2,hospital_medicine,<5_years,low,2,0
V807,bm25,109.01,1,5,189.6,60.08,86.22,17.4,74.23,47.94,84.45,50.26,1,internal_medicine,>=5_years,high,4,0
V808,bm25,91.02,1,4,180.59,53.29,75.35,14.39,64.59,53.24,71.15,41.02,2,internal_medicine,<5_years,high,3,0
V809,bm25,112.78,1,5,179.46,58.75,83.38,21.4,78.14,50.68,74.69,44.19,2,emergency,<5_years,high,0,0
V810,bm25,89.87,1,4,179.28,58.05,75.7,22.93,65.56,58.79,79.96,45.35,1,hospital_medicine,<5_years,high,3,0
V811,bm25,119.01,1,5,171.51,59.36,83.02,20.19,81.25,47.53,75.21,48.99,2,critical_care,>=5_years,high,0,0
V812,bm25,66.39,1,3,166.77,49.67,66.13,21.12,59.07,64.11,56.97,30.63,3,hospital_medicine,>=5_years,low,2,0
V813,bm25,64.84,1,3,211.89,47.24,58.85,15.41,61.81,51.21,63.16,32.98,1,emergency,>=5_years,low,2,0
V814,bm25,203.32,0,4,184.01,72.3,100.0,38.09,100.0,30.59,100.0,65.15,3,hospital_medicine,>=5_years,high,3,0
V815,bm25,66.63,1,3,193.84,49.02,62.24,15.95,59.07,65.38,58.38,33.1,2,critical_care,>=5_years,low,2,0
V816,bm25,114.88,1,5,191.97,59.03,78.66,13.21,76.04,52.72,83.53,50.0,3,emergency,>=5_years,high,4,0
V817,bm25,89.89,1,4,189.06,58.67,78.21,24.87,69.07,60.0,72.87,46.98,1,critical_care,>=5_years,high,3,0
V818,bm25,68.25,1,3,196.35,53.05,69.74,17.0,59.53,63.93,63.62,44.47,1,critical_care,<5_years,low,2,0
V819,bm25,110.39,1,5,183.47,57.62,76.4,21.52,72.92,51.79,74.33,48.74,1,emergency,<5_years,high,0,0
V820,bm25,64.5,1,3,217.87,45.96,56.53,9.91,51.95,62.98,62.65,31.71,2,hospital_medicine,>=5_years,low,0,0
V821,bm25,206.84,0,4,205.29,72.62,100.0,29.5,100.0,41.96,100.0,64.27,3,hospital_medicine,>=5_years,high,0,0
V822,bm25,89.17,1,4,181.85,55.36,76.82,23.79,70.26,55.42,67.08,38.77,2,emergency,<5_years,high,3,0
V823,bm25,68.72,1,3,198.19,47.3,63.15,13.96,63.67,60.6,52.04,30.36,2,hospital_medicine,>=5_years,low,2,0
V824,bm25,114.46,1,5,188.12,58.34,79.42,19.12,78.51,45.13,83.51,44.34,1,hospital_medicine,<5_years,high,4,0
V825,bm25,98.93,1,4,182.99,57.66,77.04,28.54,73.25,51.1,69.7,46.3,1,emergency,<5_years,high,3,0
V826,bm25,72.62,1,3,179.55,49.32,60.95,15.17,58.35,54.83,59.72,46.87,2,emergency,<5_years,low,0,0
V827,bm25,71.22,1,3,195.78,48.03,61.6,20.0,49.8,53.26,63.27,40.23,2,critical_care,<5_years,low,2,0
V828,bm25,74.59,1,3,200.6,49.34,62.63,14.03,64.22,55.94,62.09,37.11,1,emergency,>=5_years,low,0,0
V829,bm25,71.59,1,3,171.78,52.13,68.15,17.03,60.16,61.65,64.98,40.82,2,emergency,<5_years,low,0,0
V830,bm25,109.99,1,5,193.73,58.36,81.7,19.56,79.08,50.82,69.05,49.92,3,critical_care,<5_years,high,4,0
V831,bm25,94.5,1,4,199.23,53.0,68.44,15.86,62.98,52.3,72.39,46.02,1,internal_medicine,<5_years,high,0,0
V832,bm25,111.68,1,5,178.57,55.93,77.73,15.08,76.28,43.09,76.77,46.63,2,critical_care,>=5_years,high,4,0
V833,bm25,68.9,1,3,193.96,53.4,62.78,17.05,73.49,65.89,61.98,39.17,3,emergency,<5_years,low,2,0
V834,bm25,113.92,1,5,189.75,61.52,84.14,23.04,81.16,40.84,95.36,44.56,3,emergency,>=5_years,high,0,0
V835,bm25,111.7,1,5,181.27,60.83,78.8,22.11,75.68,54.39,87.32,46.68,1,emergency,>=5_years,high,0,0
V836,bm25,111.88,1,5,177.52,62.02,76.56,21.11,81.98,54.08,85.69,52.73,2,hospital_medicine,<5_years,high,4,0
V837,bm25,70.01,1,3,176.05,49.27,65.44,9.92,59.32,62.15,64.18,34.62,2,emergency,>=5_years,low,0,0
V838,bm25,69.26,1,3,184.21,49.43,66.76,13.5,57.66,59.48,61.99,37.19,3,critical_care,>=5_years,low,2,0
V839,bm25,96.46,1,4,183.84,55.09,75.74,16.98,66.44,55.24,70.98,45.18,1,hospital_medicine,<5_years,high,3,0
V840,bm25,63.74,1,3,190.63,48.37,61.72,13.9,52.14,65.85,62.95,33.66,2,internal_medicine,<5_years,low,2,0
V841,bm25,89.77,1,4,187.0,53.9,67.1,21.39,72.98,49.82,69.62,42.51,1,hospital_medicine,<5_years,high,3,0
V842,bm25,74.82,1,3,190.97,50.54,69.49,8.49,65.91,57.54,60.82,40.99,1,emergency,<5_years,low,0,0
V843,bm25,85.54,1,4,179.88,54.78,71.79,19.92,70.88,58.09,63.3,44.68,2,hospital_medicine,>=5_years,high,0,0
V844,bm25,77.12,1,3,186.61,49.84,71.53,12.38,63.84,52.36,66.65,32.26,2,hospital_medicine,>=5_years,low,2,0
V845,bm25,118.34,1,5,200.11,60.75,84.45,20.76,79.35,45.59,89.05,45.3,2,critical_care,>=5_years,high,0,0
V846,bm25,117.49,1,5,185.94,56.99,77.69,25.59,75.34,49.15,78.04,36.15,2,hospital_medicine,<5_years,high,0,0
V847,bm25,123.23,1,5,182.6,59.91,85.37,16.21,79.08,52.04,77.66,49.12,1,emergency,<5_years,high,0,0
V848,bm25,68.79,1,3,182.1,50.22,64.2,28.25,59.43,55.98,54.5,38.98,3,critical_care,>=5_years,low,2,0
V849,bm25,95.25,1,4,186.99,53.89,69.54,22.53,70.45,51.94,69.05,39.83,3,emergency,<5_years,high,0,0
V850,bm25,113.81,1,5,187.62,57.02,81.03,20.33,80.35,42.83,75.41,42.2,2,internal_medicine,<5_years,high,0,0
V851,bm25,114.55,1,5,195.07,57.1,84.46,17.76,66.13,51.26,78.29,44.71,3,internal_medicine,<5_years,high,0,0
V852,bm25,69.89,1,3,193.92,47.77,60.51,9.76,66.18,55.66,65.22,29.3,3,internal_medicine,<5_years,low,0,0
V853,bm25,67.15,1,3,199.46,49.69,69.02,11.2,61.22,59.26,61.97,35.45,1,emergency,<5_years,low,2,0
V854,bm25,94.51,1,4,182.28,54.21,73.23,18.19,69.12,54.48,67.65,42.57,2,hospital_medicine,>=5_years,high,0,0
V855,bm25,95.67,1,4,189.32,55.0,71.92,26.26,63.96,55.61,69.63,42.62,3,critical_care,>=5_years,high,0,0
V856,bm25,91.68,1,4,196.4,53.14,71.56,17.2,66.37,50.9,70.14,42.66,3,critical_care,>=5_years,high,3,0
V857,bm25,69.58,1,3,171.9,48.13,58.31,13.64,61.63,54.81,63.5,36.91,2,hospital_medicine,<5_years,low,2,0
V858,bm25,96.04,1,4,204.44,53.02,76.64,12.06,64.65,52.55,67.8,44.44,1,internal_medicine,<5_years,high,3,0
V859,bm25,68.78,1,3,187.6,50.78,69.54,15.42,55.43,68.63,57.94,37.74,1,critical_care,<5_years,low,2,0
V860,bm25,114.79,1,5,175.16,59.35,72.97,23.69,86.9,47.46,77.71,47.35,1,internal_medicine,>=5_years,high,4,0
V861,bm25,88.69,1,4,181.6,52.37,65.05,18.45,68.11,50.57,71.37,40.64,3,internal_medicine,<5_years,high,3,0
V862,bm25,90.27,1,4,176.98,56.4,75.26,29.0,66.95,47.43,77.15,42.63,3,emergency,<5_years,high,0,0
V863,bm25,67.38,1,3,190.2,45.97,54.01,11.97,55.59,55.01,62.75,36.49,3,emergency,<5_years,low,2,0
V864,bm25,120.48,1,5,171.68,59.33,81.14,23.65,74.69,53.04,72.43,51.05,3,hospital_medicine,>=5_years,high,0,0
V865,bm25,116.67,1,5,180.28,61.57,86.13,23.28,71.63,53.39,87.21,47.76,3,critical_care,>=5_years,high,4,0
V866,bm25,121.58,1,5,190.2,59.75,85.67,14.98,87.82,41.91,78.19,49.91,2,emergency,<5_years,high,0,0
V867,bm25,80.18,1,4,193.38,48.57,62.5,14.29,65.95,56.44,60.4,31.83,1,hospital_medicine,<5_years,high,3,0
V868,bm25,92.61,1,4,219.74,56.8,74.49,16.7,68.4,65.43,75.25,40.53,2,critical_care,>=5_years,high,0,0
V869,bm25,93.32,1,4,190.89,52.85,77.23,17.23,69.46,45.02,65.8,42.38,3,emergency,>=5_years,high,0,0
V870,bm25,114.6,1,5,193.64,57.1,72.71,19.63,69.7,49.16,81.66,49.72,3,internal_medicine,<5_years,high,0,0
V871,bm25,87.61,1,4,196.86,53.79,66.49,22.76,71.01,57.55,64.73,40.21,3,hospital_medicine,>=5_years,high,3,0
V872,bm25,119.97,1,5,180.15,59.17,82.8,18.16,79.78,48.95,79.3,46.05,1,emergency,<5_years,high,0,0
V873,bm25,93.61,1,4,198.08,54.45,76.74,20.21,73.26,51.19,75.52,29.81,2,critical_care,<5_years,high,3,0
V874,bm25,118.13,1,5,188.62,57.91,89.22,16.23,74.53,43.75,81.4,42.34,1,hospital_medicine,>=5_years,high,0,0
V875,bm25,66.91,1,3,178.5,48.92,66.23,14.21,59.75,58.02,58.44,36.88,1,hospital_medicine,<5_years,low,0,0
V876,bm25,69.28,1,3,196.09,50.21,61.82,19.04,60.71,62.09,60.64,36.93,3,critical_care,<5_years,low,0,0
V877,bm25,91.96,1,4,185.16,55.02,73.13,14.86,71.33,54.71,75.61,40.51,3,internal_medicine,<5_years,high,0,0
V878,bm25,115.07,1,5,189.6,57.61,76.16,20.81,73.62,55.13,73.63,46.32,2,hospital_medicine,>=5_years,high,4,0
V879,bm25,124.94,1,5,186.48,62.46,90.69,22.48,82.93,44.49,86.17,48.01,2,emergency,>=5_years,high,4,0
V880,bm25,99.95,1,4,187.93,56.98,79.42,17.2,72.94,53.03,71.12,48.2,1,internal_medicine,>=5_years,high,3,0
V881,bm25,95.25,1,4,185.56,55.44,73.28,17.76,73.35,53.65,75.28,39.33,3,emergency,<5_years,high,0,0
V882,bm25,67.19,1,3,189.51,47.21,56.31,19.94,55.66,54.65,61.13,35.56,2,critical_care,<5_years,low,2,0
V883,bm25,68.1,1,3,196.03,46.0,64.13,8.26,55.2,51.74,61.67,34.98,3,critical_care,>=5_years,low,2,0
V884,bm25,70.9,1,3,186.29,47.18,59.41,14.84,56.93,59.58,59.0,33.34,1,critical_care,>=5_years,low,0,0
V885,bm25,113.48,1,5,188.44,58.92,76.51,22.8,77.66,49.23,74.12,53.2,1,critical_care,<5_years,high,4,0
V886,bm25,74.17,1,3,191.11,51.08,60.49,18.41,60.53,63.7,67.85,35.52,3,internal_medicine,>=5_years,low,2,0
V887,bm25,84.64,1,4,197.57,57.32,71.57,21.0,68.77,63.72,79.93,38.92,2,internal_medicine,<5_years,high,3,0
V888,bm25,83.46,1,4,191.33,52.86,67.29,16.94,62.72,59.99,68.97,41.24,3,internal_medicine,>=5_years,high,3,0
V889,bm25,105.94,1,4,183.54,57.69,81.9,21.96,77.16,52.97,73.71,38.41,3,internal_medicine,>=5_years,high,3,0
V890,bm25,116.08,1,5,197.59,59.83,79.94,20.48,81.21,53.02,76.24,48.08,1,internal_medicine,>=5_years,high,4,0
V891,bm25,117.4,1,5,189.18,60.45,84.45,22.79,79.38,47.42,83.33,45.34,3,internal_medicine,<5_years,high,0,0
V892,bm25,91.65,1,4,192.78,54.44,65.3,24.16,69.17,56.22,67.95,43.81,2,emergency,<5_years,high,3,0
V893,bm25,91.97,1,4,206.48,51.13,67.9,19.13,65.13,49.86,69.41,35.35,2,emergency,<5_years,high,3,0
V894,bm25,69.75,1,3,187.86,52.29,62.7,20.14,58.48,64.25,66.93,41.24,3,hospital_medicine,>=5_years,low,2,0
V895,bm25,117.95,1,5,182.88,60.42,86.21,24.03,81.53,43.61,81.9,45.23,3,emergency,<5_years,high,4,0
V896,bm25,115.03,1,5,189.54,55.81,74.41,23.27,74.97,47.97,69.75,44.49,3,internal_medicine,>=5_years,high,0,0
V897,bm25,115.61,1,5,187.4,56.51,76.02,21.5,72.14,52.5,71.58,45.31,2,emergency,>=5_years,high,0,0
V898,bm25,95.23,1,4,197.08,54.56,70.97,12.68,71.38,55.07,76.73,40.55,2,emergency,>=5_years,high,0,0
V899,bm25,93.78,1,4,194.82,52.43,76.01,16.37,60.05,50.49,68.71,42.96,3,internal_medicine,<5_years,high,3,0
V900,bm25,120.55,1,5,171.72,59.3,86.39,17.17,73.67,41.61,87.5,49.47,3,emergency,<5_years,high,4,0
V901,bm25,119.96,1,5,207.18,61.91,81.73,27.01,85.29,42.49,87.0,47.93,2,internal_medicine,>=5_years,high,4,0
V902,bm25,119.06,1,5,196.71,58.66,81.45,16.35,75.78,49.57,80.93,47.88,1,critical_care,<5_years,high,0,0
V903,bm25,120.44,1,5,182.63,57.82,83.42,15.72,75.27,44.5,78.74,49.27,1,internal_medicine,<5_years,high,4,0
V904,bm25,116.22,1,5,193.3,60.38,79.5,21.94,77.75,50.64,79.38,53.09,1,internal_medicine,>=5_years,high,0,0
V905,bm25,117.7,1,5,183.54,60.1,88.52,20.76,77.61,46.2,76.88,50.63,2,internal_medicine,<5_years,high,4,0
V906,bm25,69.91,1,3,205.96,48.96,55.28,17.57,59.89,61.48,62.17,37.37,3,emergency,>=5_years,low,2,0
V907,bm25,97.76,1,4,194.75,56.19,68.56,18.38,74.61,55.04,73.94,46.63,3,internal_medicine,<5_years,high,3,0
V908,bm25,85.48,1,4,202.26,55.34,70.88,23.39,72.85,57.52,66.26,41.12,3,emergency,<5_years,high,3,0
V909,bm25,110.92,1,5,179.73,60.83,87.39,17.85,79.5,50.86,84.44,44.96,1,hospital_medicine,>=5_years,high,0,0
V910,bm25,62.94,1,3,171.41,49.16,60.03,18.94,59.91,64.95,57.44,33.66,2,critical_care,>=5_years,low,2,0
V911,bm25,96.55,1,4,178.2,57.74,72.1,23.26,73.96,54.36,73.06,49.7,1,emergency,<5_years,high,0,0
V912,bm25,86.71,1,4,181.63,54.75,66.02,14.35,75.34,56.4,70.15,46.26,3,emergency,>=5_years,high,3,0
V913,bm25,124.0,1,5,184.83,59.22,87.13,14.8,77.94,51.01,74.68,49.76,3,hospital_medicine,<5_years,high,4,0
V914,bm25,236.19,0,5,194.19,70.92,100.0,28.39,100.0,24.07,100.0,73.05,1,emergency,>=5_years,high,4,0
V915,bm25,72.07,1,3,203.93,50.05,62.83,15.21,60.18,63.16,63.74,35.18,3,emergency,<5_years,low,2,0
V916,bm25,76.66,1,3,208.56,49.96,61.4,19.47,64.15,58.55,61.7,34.5,3,internal_medicine,<5_years,low,2,0
V917,bm25,95.29,1,4,199.94,54.15,70.82,22.26,69.95,51.78,70.11,40.0,2,internal_medicine,>=5_years,high,3,0
V918,bm25,123.24,1,5,195.17,58.45,77.53,21.53,76.59,45.44,79.96,49.66,1,internal_medicine,<5_years,high,4,0
V919,bm25,119.18,1,5,188.71,59.54,83.2,24.02,77.26,43.93,85.17,43.68,1,hospital_medicine,>=5_years,high,0,0
V920,bm25,67.44,1,3,207.58,49.13,61.33,17.48,59.29,62.4,60.41,33.88,3,critical_care,>=5_years,low,0,0
V921,bm25,199.96,0,4,210.67,69.75,100.0,30.86,93.84,31.23,100.0,62.59,2,emergency,>=5_years,high,0,0
V922,bm25,86.69,1,4,198.92,54.96,77.38,19.99,66.78,55.77,71.9,37.97,1,internal_medicine,<5_years,high,3,0
V923,bm25,116.46,1,5,198.53,59.92,79.04,18.71,78.51,48.95,82.52,51.78,3,hospital_medicine,<5_years,high,4,0
V924,bm25,105.19,1,5,181.28,58.03,80.54,17.13,76.46,52.55,81.52,39.96,2,internal_medicine,>=5_years,high,4,0
V925,bm25,119.47,1,5,191.45,58.65,80.71,22.78,73.51,47.83,81.03,46.01,1,critical_care,>=5_years,high,4,0
V926,bm25,113.68,1,5,191.99,57.71,78.49,20.15,77.6,48.7,78.93,42.41,3,critical_care,<5_years,high,0,0
V927,bm25,70.6,1,3,183.39,48.6,63.4,17.54,59.27,64.36,59.78,27.27,1,emergency,>=5_years,low,2,0
V928,bm25,94.42,1,4,196.05,58.25,76.14,22.85,68.0,58.22,76.6,47.71,2,critical_care,>=5_years,high,0,0
V929,bm25,221.27,0,5,195.53,71.45,100.0,29.17,100.0,28.18,100.0,71.36,2,emergency,>=5_years,high,0,0
V930,bm25,87.8,1,4,193.93,55.55,71.63,17.03,63.83,56.93,74.92,48.97,3,critical_care,>=5_years,high,3,0
V931,bm25,129.52,1,5,182.63,59.68,85.9,20.77,82.58,36.66,83.23,48.93,1,emergency,<5_years,high,0,0
V932,bm25,95.88,1,4,193.45,54.18,69.76,19.39,67.27,51.47,72.3,44.88,1,internal_medicine,<5_years,high,3,0
V933,bm25,93.04,1,4,177.12,53.81,70.15,25.8,67.22,53.56,68.76,37.37,3,critical_care,<5_years,high,3,0
V934,bm25,91.23,1,4,174.86,55.9,74.84,14.79,74.67,54.25,68.5,48.33,2,emergency,<5_years,high,0,0
V935,bm25,112.3,1,5,188.36,56.34,84.16,20.54,70.88,40.39,71.9,50.18,1,emergency,<5_years,high,0,0
V936,bm25,75.42,1,3,172.45,47.97,58.14,13.48,63.67,52.12,59.76,40.61,3,critical_care,<5_years,low,2,0
V937,bm25,69.06,1,3,180.52,50.3,62.32,13.58,63.44,61.32,66.64,34.48,2,emergency,<5_years,low,0,0
V938,bm25,68.24,1,3,181.17,47.23,59.64,10.29,59.58,58.95,60.84,34.07,1,emergency,>=5_years,low,2,0
V939,bm25,123.46,1,5,181.67,64.55,87.11,22.42,82.19,54.61,86.78,54.21,1,critical_care,<5_years,high,4,0
V940,bm25,78.95,1,3,181.85,52.31,68.32,15.47,60.93,62.52,67.59,39.03,3,emergency,<5_years,low,2,0
V941,bm25,73.87,1,3,183.18,49.43,57.35,15.5,61.21,61.2,63.98,37.35,3,critical_care,<5_years,low,2,0
V942,bm25,73.99,1,3,178.22,50.56,58.08,15.78,64.15,58.71,69.73,36.89,1,hospital_medicine,<5_years,low,0,0
V943,bm25,75.32,1,3,192.6,51.43,63.99,20.28,60.18,60.51,66.31,37.29,1,critical_care,<5_years,low,0,0
V944,bm25,118.73,1,5,201.22,59.22,85.08,25.72,74.32,42.13,79.71,48.37,3,emergency,<5_years,high,4,0
V945,bm25,221.7,0,5,194.16,68.85,100.0,28.69,100.0,15.08,100.0,69.31,2,emergency,<5_years,high,0,0
V946,bm25,104.92,1,5,184.83,56.76,78.58,22.29,73.2,51.84,72.87,41.8,1,internal_medicine,>=5_years,high,0,0
V947,bm25,89.96,1,4,191.71,54.93,72.52,19.07,69.31,57.27,66.56,44.88,3,internal_medicine,>=5_years,high,0,0
V948,bm25,118.58,1,5,192.79,57.3,81.88,15.57,71.71,45.82,81.01,47.83,1,emergency,<5_years,high,4,0
V949,bm25,72.88,1,3,200.35,49.21,64.38,15.81,61.3,63.27,55.18,35.3,3,emergency,<5_years,low,0,0
V950,bm25,94.04,1,4,190.56,54.87,76.74,18.95,64.65,51.88,73.51,43.5,2,emergency,<5_years,high,0,0
V951,bm25,111.8,1,5,183.15,54.55,78.42,12.01,69.1,45.25,76.13,46.39,1,critical_care,<5_years,high,0,0
V952,bm25,70.49,1,3,202.18,45.98,55.51,7.93,62.28,58.79,62.03,29.32,3,emergency,>=5_years,low,0,0
V953,bm25,120.53,1,5,189.35,61.87,82.89,29.32,81.42,49.8,79.95,47.86,1,emergency,<5_years,high,4,0
V954,bm25,117.37,1,5,198.95,60.53,85.16,18.93,77.79,44.99,88.24,48.09,1,hospital_medicine,<5_years,high,0,0
V955,bm25,70.95,1,3,186.14,48.93,56.62,15.9,68.06,55.09,58.94,39.0,2,emergency,<5_years,low,0,0
V956,bm25,116.2,1,5,188.94,59.88,82.74,26.34,78.29,47.25,77.83,46.83,2,hospital_medicine,>=5_years,high,4,0
V957,bm25,213.75,0,4,198.02,70.75,100.0,30.11,100.0,23.66,100.0,70.7,1,hospital_medicine,>=5_years,high,3,0
V958,bm25,91.1,1,4,183.16,52.54,74.83,19.11,61.76,55.64,61.09,42.83,2,internal_medicine,<5_years,high,3,0
V959,bm25,70.11,1,3,180.47,50.69,66.73,21.78,65.48,58.26,61.24,30.68,2,emergency,<5_years,low,2,0
V960,bm25,67.25,1,3,191.41,50.43,65.78,22.85,60.43,64.43,57.48,31.63,3,critical_care,>=5_years,low,2,0
V961,bm25,86.01,1,4,182.85,54.64,77.65,12.97,71.19,57.36,63.87,44.81,1,internal_medicine,<5_years,high,3,0
V962,bm25,96.38,1,4,182.26,56.18,73.34,19.64,74.69,49.59,76.36,43.46,1,emergency,>=5_years,high,0,0
V963,bm25,90.73,1,4,193.78,56.06,70.99,18.77,73.22,56.3,76.6,40.5,1,emergency,<5_years,high,3,0
V964,bm25,92.2,1,4,198.54,53.49,76.79,12.98,67.86,50.61,71.06,41.66,3,emergency,<5_years,high,0,0
V965,bm25,110.25,1,5,176.05,58.41,75.19,24.24,73.84,51.68,75.54,49.95,3,internal_medicine,>=5_years,high,4,0
V966,bm25,131.2,1,5,188.2,62.32,82.73,25.24,82.15,44.78,86.73,52.31,1,critical_care,>=5_years,high,0,0
V967,bm25,116.83,1,5,191.13,59.09,78.87,22.49,82.83,40.12,86.57,43.67,3,internal_medicine,>=5_years,high,4,0
V968,bm25,99.69,1,4,197.6,53.78,74.98,16.71,67.95,52.62,67.87,42.56,3,critical_care,<5_years,high,0,0
V969,bm25,112.49,1,5,206.91,60.27,79.21,29.5,74.92,49.84,77.87,50.25,1,hospital_medicine,<5_years,high,0,0
V970,bm25,89.72,1,4,187.64,53.48,70.1,19.42,64.44,55.35,68.81,42.75,1,critical_care,<5_years,high,0,0
V971,bm25,91.96,1,4,204.2,55.79,74.55,17.29,68.68,52.27,78.8,43.17,1,emergency,>=5_years,high,3,0
V972,bm25,100.47,1,4,204.03,54.05,72.03,15.59,72.16,47.43,70.74,46.34,3,internal_medicine,>=5_years,high,0,0
V973,bm25,65.34,1,3,177.72,50.11,62.92,18.54,57.57,63.03,60.13,38.44,1,emergency,<5_years,low,2,0
V974,bm25,97.05,1,4,193.35,54.75,77.48,21.33,65.57,50.17,66.62,47.35,2,internal_medicine,<5_years,high,0,0
V975,bm25,87.51,1,4,184.81,54.47,75.24,16.09,68.77,54.02,71.47,41.23,2,emergency,<5_years,high,0,0
V976,bm25,161.65,0,3,189.5,67.34,96.58,23.63,93.52,44.28,91.68,54.35,2,hospital_medicine,>=5_years,low,0,0
V977,bm25,69.64,1,3,192.33,50.47,60.99,14.63,62.38,60.55,63.88,40.4,3,emergency,<5_years,low,0,0
V978,bm25,88.26,1,4,212.07,53.62,71.83,10.22,67.81,50.08,74.74,47.06,2,critical_care,<5_years,high,3,0
V979,bm25,59.1,1,3,182.08,47.53,66.6,19.54,58.58,61.92,48.95,29.59,3,emergency,<5_years,low,2,0
V980,bm25,63.17,1,3,190.1,49.26,60.99,20.03,61.42,64.19,56.22,32.68,2,internal_medicine,<5_years,low,2,0
V981,bm25,86.15,1,4,186.23,54.17,74.25,14.91,68.56,61.32,67.06,38.95,3,critical_care,<5_years,high,0,0
V982,bm25,87.65,1,4,187.46,53.5,70.72,20.2,65.16,50.93,73.47,40.51,3,hospital_medicine,<5_years,high,3,0
V983,bm25,69.92,1,3,197.71,45.94,58.23,11.09,50.24,57.71,63.34,35.04,1,internal_medicine,<5_years,low,2,0
V984,bm25,66.52,1,3,182.69,48.41,60.02,19.94,52.7,60.96,59.97,36.9,2,critical_care,>=5_years,low,0,0
V985,bm25,67.51,1,3,186.0,47.95,65.59,21.88,51.86,58.96,61.11,28.29,1,hospital_medicine,>=5_years,low,2,0
V986,bm25,109.47,1,5,184.24,58.74,83.66,25.06,75.53,47.85,76.11,44.24,3,critical_care,<5_years,high,4,0
V987,bm25,99.75,1,4,175.68,58.94,74.5,29.25,74.03,57.0,70.29,48.61,1,emergency,>=5_years,high,3,0
V988,bm25,59.45,1,3,197.11,44.67,53.71,11.14,51.57,60.23,52.3,39.08,3,hospital_medicine,<5_years,low,2,0
V989,bm25,88.68,1,4,184.43,54.79,66.51,17.69,72.34,58.12,71.26,42.84,2,hospital_medicine,>=5_years,high,3,0
V990,bm25,71.08,1,3,169.48,49.86,60.13,16.09,57.23,61.01,66.58,38.15,1,internal_medicine,>=5_years,low,2,0
V991,bm25,109.74,1,5,189.88,58.5,81.62,18.76,75.19,48.06,80.27,47.08,3,emergency,>=5_years,high,0,0
V992,bm25,76.44,1,3,179.09,51.4,72.66,19.5,59.57,56.38,57.38,42.89,3,hospital_medicine,>=5_years,low,2,0
V993,bm25,67.52,1,3,182.74,48.7,62.78,14.27,54.96,63.79,57.89,38.49,2,internal_medicine,>=5_years,low,2,0
V994,bm25,87.87,1,4,188.86,54.46,72.15,17.25,72.57,54.35,72.61,37.85,3,internal_medicine,<5_years,high,3,0
V995,bm25,112.19,1,5,189.34,59.5,83.52,23.98,78.46,52.37,76.35,42.31,2,hospital_medicine,<5_years,high,4,0
V996,bm25,62.45,1,3,180.03,46.82,61.8,16.19,53.08,58.83,61.05,29.97,2,critical_care,>=5_years,low,0,0
V997,bm25,110.16,1,5,182.26,61.27,80.23,24.55,74.54,49.63,81.05,57.6,2,hospital_medicine,<5_years,high,0,0
V998,bm25,67.98,1,3,185.05,49.64,68.64,14.9,52.79,60.27,59.18,42.07,2,critical_care,<5_years,low,0,0
V999,bm25,93.12,1,4,192.11,52.76,68.38,14.74,66.32,55.14,64.81,47.15,2,critical_care,<5_years,high,3,0
V1000,bm25,113.49,1,5,188.6,63.23,89.81,25.85,75.78,57.97,80.21,49.76,2,hospital_medicine,<5_years,high,4,0
V001,cma,78.96,1,4,143.84,43.31,52.15,13.55,49.13,66.08,46.77,32.16,2,internal_medicine,<5_years,high,3,1
V002,cma,100.92,1,5,146.96,47.56,59.23,18.87,55.66,57.72,61.39,32.51,3,emergency,<5_years,high,0,1
V003,cma,171.17,0,4,139.19,62.32,77.77,30.3,83.55,44.86,85.77,51.66,2,critical_care,<5_years,high,3,1
V004,cma,104.78,1,5,136.57,50.61,67.38,22.43,59.94,58.03,58.19,37.69,3,hospital_medicine,>=5_years,high,0,1
V005,cma,96.63,1,5,141.19,49.18,75.83,14.09,62.27,52.76,58.74,31.41,1,hospital_medicine,<5_years,high,4,1
V006,cma,98.63,1,5,148.67,49.19,61.42,15.79,55.89,58.03,70.78,33.21,1,critical_care,<5_years,high,4,1
V007,cma,96.87,1,5,149.24,51.03,63.89,22.44,61.62,60.66,65.74,31.8,3,emergency,<5_years,high,4,1
V008,cma,62.0,1,3,153.62,39.97,49.71,15.8,42.99,65.61,41.18,24.55,1,critical_care,<5_years,low,2,1
V009,cma,108.71,1,5,160.06,52.16,64.62,17.77,69.53,63.0,65.2,32.83,1,critical_care,>=5_years,high,0,1
V010,cma,79.43,1,4,132.98,44.12,51.46,14.59,49.65,65.79,47.27,35.97,1,emergency,>=5_years,high,3,1
V011,cma,82.08,1,4,138.05,45.33,59.88,15.14,50.29,62.23,50.98,33.47,3,emergency,<5_years,high,0,1
V012,cma,82.6,1,4,157.15,41.16,62.84,11.43,39.07,57.13,52.18,24.3,1,internal_medicine,<5_years,high,3,1
V013,cma,105.69,1,5,128.63,47.74,59.65,21.24,55.9,53.88,55.37,40.38,3,critical_care,<5_years,high,4,1
V014,cma,106.51,1,5,151.86,45.58,63.93,11.31,50.96,55.88,59.71,31.71,2,internal_medicine,>=5_years,high,4,1
V015,cma,95.04,1,5,146.61,49.21,62.39,17.47,54.34,67.17,58.87,35.04,2,critical_care,>=5_years,high,4,1
V016,cma,62.26,1,3,149.22,40.61,48.05,16.87,43.25,69.34,44.79,21.37,1,internal_medicine,<5_years,low,2,1
V017,cma,59.68,1,3,132.47,41.36,51.94,11.76,44.77,69.66,47.68,22.33,3,hospital_medicine,>=5_years,low,2,1
V018,cma,62.99,1,3,142.31,39.15,52.36,9.18,35.91,71.24,47.97,18.24,2,emergency,<5_years,low,2,1
V019,cma,63.66,1,3,145.38,39.59,49.74,8.41,38.14,65.72,50.27,25.22,3,critical_care,<5_years,low,0,1
V020,cma,96.8,1,5,155.41,50.52,66.23,15.35,60.95,61.01,61.25,38.34,3,hospital_medicine,<5_years,high,0,1
V021,cma,60.97,1,3,139.86,40.0,45.98,14.31,46.08,65.05,40.21,28.38,3,critical_care,<5_years,low,0,1
V022,cma,75.67,1,4,155.74,45.31,59.78,17.81,43.59,64.73,59.16,26.77,1,emergency,<5_years,high,3,1
V023,cma,106.23,1,5,146.73,50.86,61.99,18.15,58.78,62.71,68.2,35.34,3,hospital_medicine,<5_years,high,4,1
V024,cma,79.66,1,4,144.54,43.5,57.81,11.64,54.66,60.81,44.77,31.33,1,internal_medicine,<5_years,high,3,1
V025,cma,58.71,1,3,141.64,39.75,47.34,10.75,46.63,63.33,47.54,22.89,2,emergency,<5_years,low,2,1
V026,cma,61.14,1,3,133.95,39.99,48.43,13.81,44.99,66.49,43.47,22.72,1,critical_care,>=5_years,low,0,1
V027,cma,78.58,1,4,141.59,44.77,53.59,16.63,53.79,63.82,49.33,31.44,2,critical_care,<5_years,high,3,1
V028,cma,73.66,1,4,148.99,41.98,48.28,16.81,49.84,62.69,49.19,25.11,2,emergency,<5_years,high,0,1
V029,cma,58.74,1,3,149.48,40.5,47.02,11.33,44.14,73.22,42.59,24.7,1,hospital_medicine,>=5_years,low,0,1
V030,cma,61.36,1,3,133.96,40.31,49.86,17.17,43.52,64.91,38.37,28.02,3,internal_medicine,>=5_years,low,2,1
V031,cma,56.47,1,3,139.7,40.09,47.88,17.38,38.86,65.72,45.75,24.97,1,internal_medicine,<5_years,low,0,1
V032,cma,80.3,1,4,136.37,44.57,52.78,17.83,50.62,64.39,53.1,28.71,1,emergency,<5_years,high,3,1
V033,cma,60.88,1,3,151.4,41.99,50.24,10.35,38.26,73.45,51.2,28.46,1,emergency,>=5_years,low,2,1
V034,cma,56.69,1,3,144.94,39.02,36.91,9.84,50.11,69.81,40.41,27.07,2,internal_medicine,>=5_years,low,0,1
V035,cma,61.63,1,3,146.56,38.91,46.14,9.91,43.59,74.35,40.63,18.82,1,hospital_medicine,<5_years,low,0,1
V036,cma,80.13,1,4,149.31,42.78,57.34,11.73,52.85,61.47,47.44,25.88,1,critical_care,<5_years,high,3,1
V037,cma,63.58,1,3,143.01,41.6,46.06,13.23,45.53,74.9,47.21,22.68,3,hospital_medicine,>=5_years,low,0,1
V038,cma,100.58,1,5,140.0,48.11,65.34,16.49,62.71,54.08,53.41,36.64,1,internal_medicine,>=5_years,high,4,1
V039,cma,61.0,1,3,158.61,40.91,46.96,15.77,44.3,74.03,44.29,20.14,3,internal_medicine,<5_years,low,2,1
V040,cma,101.3,1,5,137.55,50.78,63.16,17.51,60.26,57.84,65.44,40.45,3,hospital_medicine,>=5_years,high,4,1
V041,cma,101.03,1,5,153.9,48.17,67.98,16.16,54.48,53.05,64.12,33.21,3,internal_medicine,>=5_years,high,4,1
V042,cma,282.45,0,4,155.22,72.66,100.0,36.8,100.0,25.47,100.0,73.68,2,hospital_medicine,>=5_years,high,0,1
V043,cma,58.94,1,3,147.42,41.49,45.47,12.42,46.11,74.13,47.07,23.75,1,emergency,<5_years,low,0,1
V044,cma,110.45,1,5,142.51,52.3,69.39,19.71,65.88,54.79,67.15,36.9,1,hospital_medicine,>=5_years,high,4,1
V045,cma,57.17,1,3,137.57,40.46,37.05,18.27,41.47,73.53,42.12,30.31,3,hospital_medicine,<5_years,low,0,1
V046,cma,61.64,1,3,155.26,41.24,45.96,14.19,48.36,61.79,51.74,25.4,1,critical_care,<5_years,low,0,1
V047,cma,62.73,1,3,150.39,38.33,49.73,13.36,43.53,59.99,45.02,18.38,1,critical_care,>=5_years,low,0,1
V048,cma,78.9,1,4,134.26,45.99,57.32,16.4,52.64,61.15,59.5,28.96,1,internal_medicine,<5_years,high,3,1
V049,cma,100.94,1,5,151.97,50.18,71.18,18.76,51.56,56.94,61.23,41.38,2,internal_medicine,<5_years,high,0,1
V050,cma,108.82,1,5,151.63,51.84,70.28,10.99,67.12,53.86,67.33,41.48,3,hospital_medicine,>=5_years,high,0,1
V051,cma,56.73,1,3,150.57,39.23,44.45,11.45,41.75,70.19,45.3,22.24,2,emergency,>=5_years,low,0,1
V052,cma,185.82,0,4,152.1,64.27,96.54,21.92,88.71,34.91,92.08,51.44,3,emergency,<5_years,high,0,1
V053,cma,59.55,1,3,154.43,38.0,43.81,10.49,41.12,62.75,42.41,27.39,2,critical_care,>=5_years,low,2,1
V054,cma,73.99,1,4,143.62,43.8,55.3,24.09,43.49,58.96,53.5,27.48,2,hospital_medicine,<5_years,high,0,1
V055,cma,80.38,1,4,151.78,44.1,55.36,15.06,52.59,62.15,51.48,27.94,1,internal_medicine,<5_years,high,0,1
V056,cma,78.73,1,4,151.04,41.04,52.68,20.84,46.18,56.55,48.87,21.12,1,critical_care,<5_years,high,3,1
V057,cma,58.36,1,3,156.3,40.37,44.91,17.55,41.77,66.17,45.25,26.58,3,critical_care,<5_years,low,2,1
V058,cma,63.98,1,3,152.41,40.13,47.88,4.48,49.38,63.87,49.57,25.6,1,hospital_medicine,<5_years,low,2,1
V059,cma,63.78,1,3,142.78,39.65,43.73,21.74,44.11,62.84,42.56,22.92,1,hospital_medicine,<5_years,low,2,1
V060,cma,75.96,1,4,142.07,44.48,55.19,12.66,53.11,65.07,53.1,27.75,1,critical_care,>=5_years,high,3,1
V061,cma,59.39,1,3,152.47,41.57,48.49,20.96,42.21,63.18,44.52,30.06,1,hospital_medicine,>=5_years,low,2,1
V062,cma,102.93,1,5,130.34,50.92,68.67,22.07,61.07,46.96,62.98,43.75,2,critical_care,<5_years,high,0,1
V063,cma,64.16,1,3,145.71,40.44,46.01,9.06,44.59,64.62,44.77,33.59,3,emergency,<5_years,low,2,1
V064,cma,103.54,1,5,142.6,49.8,66.89,14.39,53.37,61.02,62.67,40.45,1,critical_care,>=5_years,high,0,1
V065,cma,76.6,1,4,144.37,44.3,51.92,13.84,49.78,60.71,53.68,35.86,3,internal_medicine,<5_years,high,3,1
V066,cma,81.16,1,4,156.93,44.7,54.79,17.61,57.63,58.45,47.79,31.91,3,emergency,>=5_years,high,0,1
V067,cma,97.75,1,5,158.35,49.49,58.24,19.27,56.83,59.41,62.34,40.88,2,emergency,<5_years,high,4,1
V068,cma,51.75,1,3,142.7,39.7,38.62,17.85,38.33,69.81,46.55,27.03,1,critical_care,<5_years,low,0,1
V069,cma,99.9,1,5,154.1,48.09,58.91,15.07,60.45,62.02,59.39,32.71,3,critical_care,<5_years,high,0,1
V070,cma,78.12,1,4,149.92,45.8,59.91,16.32,46.81,67.84,58.07,25.87,1,hospital_medicine,>=5_years,high,0,1
V071,cma,92.04,1,5,144.09,47.75,60.46,19.28,58.3,52.19,61.43,34.87,2,hospital_medicine,>=5_years,high,4,1
V072,cma,69.61,1,3,140.38,41.62,53.8,15.66,34.67,64.09,51.42,30.08,1,internal_medicine,>=5_years,low,0,1
V073,cma,91.07,1,4,145.89,43.97,58.06,15.09,46.02,55.67,61.66,27.3,3,hospital_medicine,>=5_years,high,3,1
V074,cma,95.71,1,5,141.36,47.44,63.99,13.89,61.9,53.69,56.64,34.51,2,hospital_medicine,>=5_years,high,0,1
V075,cma,101.75,1,5,148.85,46.95,63.95,9.6,57.64,54.17,62.49,33.83,3,critical_care,<5_years,high,0,1
V076,cma,62.11,1,3,153.64,42.35,53.48,15.82,44.28,65.9,51.34,23.25,1,emergency,<5_years,low,0,1
V077,cma,102.03,1,5,141.74,50.54,73.96,19.62,55.61,57.63,70.01,26.4,1,hospital_medicine,>=5_years,high,0,1
V078,cma,77.93,1,4,150.16,47.09,54.58,14.36,61.22,63.89,56.77,31.7,3,emergency,>=5_years,high,3,1
V079,cma,61.25,1,3,149.73,40.91,45.48,18.01,42.8,70.49,42.99,25.68,2,emergency,>=5_years,low,2,1
V080,cma,62.52,1,3,157.86,41.99,47.23,10.29,40.13,69.72,46.04,38.53,1,emergency,<5_years,low,2,1
V081,cma,62.65,1,3,146.37,44.71,48.91,16.8,44.64,78.24,52.01,27.66,2,critical_care,>=5_years,low,0,1
V082,cma,110.89,1,5,147.72,50.26,67.18,16.35,62.15,52.96,70.24,32.65,2,critical_care,<5_years,high,4,1
V083,cma,67.08,1,3,156.28,43.62,49.91,17.23,54.4,69.48,46.71,23.97,2,internal_medicine,>=5_years,low,2,1
V084,cma,78.06,1,4,145.22,44.0,56.11,14.89,47.85,65.65,51.56,27.96,1,emergency,<5_years,high,0,1
V085,cma,60.75,1,3,147.53,43.75,54.06,15.59,47.41,69.22,49.69,26.55,3,hospital_medicine,>=5_years,low,2,1
V086,cma,59.02,1,3,146.88,41.65,46.67,15.61,40.03,65.7,48.89,33.02,2,hospital_medicine,<5_years,low,2,1
V087,cma,82.32,1,4,145.92,46.63,47.65,21.57,54.54,68.16,52.43,35.44,3,hospital_medicine,>=5_years,high,3,1
V088,cma,62.04,1,3,157.37,42.01,47.33,14.89,41.35,71.83,49.53,27.14,2,critical_care,<5_years,low,2,1
V089,cma,84.86,1,4,148.48,46.44,59.65,12.86,53.38,65.57,56.48,30.71,1,hospital_medicine,<5_years,high,3,1
V090,cma,59.81,1,3,158.12,36.52,44.03,7.87,39.34,62.2,41.12,24.54,2,emergency,>=5_years,low,2,1
V091,cma,99.75,1,5,148.17,51.0,70.66,14.8,68.77,55.54,57.34,38.9,3,emergency,>=5_years,high,0,1
V092,cma,76.3,1,4,142.31,43.46,58.65,21.22,45.28,61.4,43.49,30.73,2,emergency,>=5_years,high,3,1
V093,cma,64.12,1,3,161.7,39.9,49.8,13.05,44.38,59.87,45.06,27.24,3,critical_care,<5_years,low,2,1
V094,cma,80.15,1,4,145.48,47.63,59.47,18.41,45.72,67.91,56.81,37.48,1,critical_care,<5_years,high,3,1
V095,cma,99.77,1,5,146.25,53.62,71.9,26.2,71.63,57.31,59.55,35.13,3,internal_medicine,>=5_years,high,4,1
V096,cma,64.07,1,3,139.64,42.38,53.07,14.45,44.15,66.96,47.33,28.35,3,hospital_medicine,>=5_years,low,0,1
V097,cma,60.16,1,3,139.39,38.62,46.64,10.73,39.03,66.96,48.9,19.48,2,hospital_medicine,<5_years,low,0,1
V098,cma,61.87,1,3,152.29,41.26,43.64,12.51,46.31,73.71,46.37,25.02,1,critical_care,<5_years,low,0,1
V099,cma,59.04,1,3,153.92,37.95,47.99,9.77,46.05,63.71,40.22,19.96,2,internal_medicine,<5_years,low,2,1
V100,cma,61.47,1,3,152.08,41.68,49.85,11.93,47.78,69.59,50.85,20.08,3,critical_care,<5_years,low,2,1
V101,cma,103.78,1,5,139.57,51.26,64.28,20.1,55.39,60.8,66.53,40.47,2,internal_medicine,>=5_years,high,4,1
V102,cma,65.17,1,3,160.22,42.8,49.65,22.67,43.89,64.81,43.57,32.23,2,critical_care,<5_years,low,0,1
V103,cma,62.19,1,3,163.44,39.8,48.23,14.61,42.87,64.5,44.45,24.17,2,hospital_medicine,<5_years,low,2,1
V104,cma,106.48,1,5,145.09,48.26,66.25,14.38,56.62,51.41,60.54,40.36,3,hospital_medicine,<5_years,high,0,1
V105,cma,58.82,1,3,148.95,39.23,43.11,14.59,38.74,71.18,37.8,29.96,1,hospital_medicine,>=5_years,low,2,1
V106,cma,61.9,1,3,156.72,41.59,46.49,15.81,45.5,70.75,44.11,26.91,1,hospital_medicine,>=5_years,low,2,1
V107,cma,66.68,1,3,149.55,39.67,53.29,15.94,38.83,58.33,50.26,21.4,1,hospital_medicine,<5_years,low,2,1
V108,cma,106.65,1,5,143.95,52.81,68.93,20.54,60.53,56.15,71.88,38.83,2,emergency,<5_years,high,4,1
V109,cma,60.13,1,3,146.87,39.95,48.83,13.08,45.12,65.04,47.08,20.56,2,critical_care,>=5_years,low,0,1
V110,cma,191.93,0,4,137.43,64.69,92.45,26.92,88.18,34.56,85.93,60.12,1,critical_care,<5_years,high,3,1
V111,cma,84.18,1,4,156.29,45.83,56.47,23.2,52.94,53.22,53.93,35.23,1,hospital_medicine,>=5_years,high,0,1
V112,cma,81.12,1,4,146.24,43.25,60.4,12.87,44.26,59.38,53.14,29.45,2,critical_care,<5_years,high,3,1
V113,cma,55.1,1,3,142.07,41.39,52.13,11.58,44.53,73.45,44.34,22.31,2,critical_care,>=5_years,low,2,1
V114,cma,61.24,1,3,133.78,41.38,49.74,11.02,44.56,69.05,40.18,33.72,1,internal_medicine,<5_years,low,2,1
V115,cma,55.73,1,3,154.09,40.93,42.23,15.15,40.69,73.13,50.48,23.9,3,emergency,<5_years,low,2,1
V116,cma,61.21,1,3,135.51,41.22,41.85,21.12,46.35,69.55,45.77,22.7,1,internal_medicine,<5_years,low,2,1
V117,cma,103.36,1,5,146.36,49.32,64.91,15.56,62.47,57.77,66.16,29.03,3,internal_medicine,<5_years,high,4,1
V118,cma,83.02,1,4,159.98,44.72,55.46,15.13,47.91,62.76,60.4,26.67,3,internal_medicine,>=5_years,high,3,1
V119,cma,79.17,1,4,145.52,46.88,58.01,17.41,52.6,63.38,59.39,30.49,3,critical_care,<5_years,high,0,1
V120,cma,111.14,1,5,145.48,51.93,67.96,14.12,69.3,56.01,68.34,35.84,3,internal_medicine,<5_years,high,0,1
V121,cma,184.29,0,4,160.07,66.21,96.03,26.85,87.28,41.86,95.12,50.15,3,critical_care,>=5_years,high,0,1
V122,cma,95.61,1,5,145.21,47.66,61.92,8.61,59.48,57.49,61.65,36.78,1,critical_care,<5_years,high,4,1
V123,cma,59.39,1,3,154.83,40.49,44.32,20.43,40.44,66.44,47.13,24.18,1,critical_care,<5_years,low,2,1
V124,cma,100.25,1,5,146.03,51.37,65.9,15.92,63.05,60.64,68.02,34.67,1,emergency,>=5_years,high,4,1
V125,cma,61.02,1,3,147.75,41.33,42.78,13.08,35.08,72.28,53.13,31.64,3,hospital_medicine,>=5_years,low,2,1
V126,cma,81.84,1,4,144.75,43.99,56.75,14.22,45.46,62.53,51.57,33.44,2,internal_medicine,<5_years,high,0,1
V127,cma,99.61,1,5,148.48,49.23,67.08,22.83,56.02,58.67,60.3,30.48,3,critical_care,>=5_years,high,4,1
V128,cma,60.81,1,3,129.79,40.18,48.3,10.48,42.19,66.76,42.94,30.4,3,emergency,<5_years,low,0,1
V129,cma,183.2,0,4,154.75,63.75,95.44,20.47,80.43,42.91,91.5,51.74,3,critical_care,<5_years,high,0,1
V130,cma,60.22,1,3,153.19,41.98,49.29,15.81,42.98,71.65,44.34,27.79,3,critical_care,>=5_years,low,2,1
V131,cma,80.4,1,4,147.01,46.77,56.74,21.05,51.44,64.27,57.81,29.31,1,hospital_medicine,>=5_years,high,0,1
V132,cma,76.13,1,4,148.02,45.36,57.56,10.5,47.62,62.55,60.13,33.81,3,hospital_medicine,<5_years,high,3,1
V133,cma,175.94,0,4,143.87,59.28,84.95,23.46,79.06,39.76,82.77,45.69,2,emergency,>=5_years,high,3,1
V134,cma,106.82,1,5,155.49,54.76,70.11,16.48,66.78,60.13,77.49,37.54,2,hospital_medicine,<5_years,high,0,1
V135,cma,59.05,1,3,155.43,38.45,46.27,10.67,43.29,70.51,39.49,20.48,1,internal_medicine,<5_years,low,0,1
V136,cma,60.03,1,3,147.73,39.54,48.92,8.37,44.23,72.32,39.85,23.54,2,critical_care,<5_years,low,2,1
V137,cma,99.17,1,5,150.18,51.28,65.07,20.75,65.86,57.34,62.73,35.96,2,emergency,<5_years,high,0,1
V138,cma,80.61,1,4,150.91,45.05,52.77,21.75,52.91,63.36,53.5,26.0,3,internal_medicine,>=5_years,high,3,1
V139,cma,59.1,1,3,143.05,39.1,41.97,11.76,50.81,69.45,39.63,20.97,1,hospital_medicine,<5_years,low,2,1
V140,cma,86.07,1,4,144.99,47.99,57.84,22.64,58.61,64.92,57.75,26.17,2,emergency,>=5_years,high,3,1
V141,cma,75.77,1,4,147.15,42.64,56.02,16.99,40.73,65.7,49.71,26.67,1,internal_medicine,>=5_years,high,3,1
V142,cma,99.94,1,5,151.92,50.28,66.95,17.47,58.87,63.99,55.82,38.58,3,emergency,<5_years,high,0,1
V143,cma,78.05,1,4,141.04,46.65,57.64,17.13,47.44,64.13,57.5,36.06,1,internal_medicine,>=5_years,high,0,1
V144,cma,96.55,1,5,136.69,50.72,65.21,25.7,58.78,55.65,64.32,34.67,2,internal_medicine,>=5_years,high,4,1
V145,cma,106.21,1,5,159.03,51.93,69.22,12.02,65.24,59.49,68.1,37.51,2,hospital_medicine,>=5_years,high,0,1
V146,cma,80.02,1,4,140.78,45.22,54.09,21.55,47.59,62.52,51.95,33.62,3,hospital_medicine,<5_years,high,0,1
V147,cma,64.42,1,3,142.98,44.29,57.85,18.45,44.34,73.73,39.8,31.58,2,critical_care,<5_years,low,0,1
V148,cma,63.3,1,3,150.39,42.07,42.17,11.13,46.82,74.69,47.65,29.96,1,emergency,>=5_years,low,2,1
V149,cma,105.82,1,5,141.89,51.79,68.28,15.86,69.98,58.55,63.03,35.03,2,hospital_medicine,<5_years,high,0,1
V150,cma,81.64,1,4,148.64,43.43,50.13,15.42,51.98,68.06,47.49,27.48,3,critical_care,>=5_years,high,0,1
V151,cma,104.0,1,5,129.29,52.01,68.92,20.83,64.69,58.11,62.31,37.17,1,emergency,<5_years,high,0,1
V152,cma,65.07,1,3,145.26,40.45,44.64,13.93,41.97,69.57,44.37,28.22,3,internal_medicine,>=5_years,low,0,1
V153,cma,87.29,1,4,145.0,45.57,63.02,12.51,52.67,59.41,50.4,35.41,2,emergency,<5_years,high,3,1
V154,cma,55.93,1,3,162.17,40.51,47.24,13.73,48.32,62.73,45.88,25.15,3,internal_medicine,<5_years,low,0,1
V155,cma,79.6,1,4,157.27,49.27,59.9,17.01,61.0,63.89,59.15,34.66,3,internal_medicine,<5_years,high,0,1
V156,cma,81.75,1,4,156.45,44.14,47.21,17.08,51.44,60.86,52.27,35.98,2,hospital_medicine,<5_years,high,3,1
V157,cma,81.13,1,4,143.87,47.4,62.78,13.94,58.79,64.67,53.55,30.69,3,emergency,<5_years,high,3,1
V158,cma,94.86,1,5,145.57,46.12,61.73,13.32,52.96,52.4,61.99,34.32,3,critical_care,>=5_years,high,4,1
V159,cma,54.47,1,3,135.13,41.88,45.1,13.0,42.46,74.87,46.13,29.74,2,critical_care,<5_years,low,2,1
V160,cma,55.01,1,3,163.61,37.38,46.36,17.81,35.19,61.19,42.36,21.37,1,critical_care,>=5_years,low,2,1
V161,cma,75.93,1,4,148.52,44.75,57.49,19.06,52.12,65.96,51.5,22.37,1,emergency,>=5_years,high,3,1
V162,cma,107.66,1,5,155.08,49.09,70.55,13.46,54.39,55.35,67.63,33.13,2,emergency,>=5_years,high,0,1
V163,cma,63.01,1,3,140.36,42.56,51.7,7.11,46.84,70.13,48.92,30.68,3,critical_care,>=5_years,low,2,1
V164,cma,61.04,1,3,136.73,42.15,45.75,13.93,48.01,73.93,45.23,26.07,1,critical_care,<5_years,low,0,1
V165,cma,100.97,1,5,143.92,51.39,66.74,25.18,61.78,59.28,60.75,34.64,2,hospital_medicine,<5_years,high,4,1
V166,cma,98.35,1,5,143.23,48.78,65.59,13.48,59.29,59.13,63.95,31.26,3,emergency,>=5_years,high,0,1
V167,cma,83.23,1,4,157.1,46.46,63.14,17.48,55.71,58.12,54.96,29.33,2,hospital_medicine,<5_years,high,3,1
V168,cma,59.55,1,3,154.18,40.02,46.98,13.94,40.09,66.17,45.86,27.08,2,emergency,>=5_years,low,0,1
V169,cma,55.94,1,3,159.27,38.18,42.9,9.21,42.31,67.87,44.93,21.87,2,emergency,>=5_years,low,0,1
V170,cma,100.04,1,5,144.44,50.0,57.27,17.97,63.35,61.91,70.2,29.29,1,hospital_medicine,<5_years,high,0,1
V171,cma,56.88,1,3,136.98,40.51,48.04,11.11,44.47,68.52,44.59,26.31,3,emergency,<5_years,low,2,1
V172,cma,58.23,1,3,148.57,40.92,47.2,16.64,42.03,70.77,49.02,19.86,2,hospital_medicine,>=5_years,low,0,1
V173,cma,99.3,1,5,149.33,50.41,64.33,14.49,70.89,53.75,63.21,35.77,1,critical_care,>=5_years,high,4,1
V174,cma,96.47,1,5,144.18,47.81,70.36,10.64,58.16,52.57,59.16,35.97,3,internal_medicine,>=5_years,high,0,1
V175,cma,84.26,1,4,153.29,45.06,65.13,9.62,49.11,65.07,52.32,29.09,1,internal_medicine,>=5_years,high,0,1
V176,cma,153.01,0,3,138.27,56.88,74.73,23.06,71.55,47.85,77.8,46.29,1,internal_medicine,>=5_years,low,0,1
V177,cma,62.29,1,3,143.86,41.7,53.54,6.17,46.96,62.76,52.43,28.36,3,hospital_medicine,>=5_years,low,0,1
V178,cma,59.31,1,3,147.29,40.02,51.37,13.98,36.55,71.67,42.42,24.15,3,emergency,<5_years,low,2,1
V179,cma,101.37,1,5,148.44,53.17,64.76,22.43,64.54,61.04,68.55,37.68,3,internal_medicine,>=5_years,high,4,1
V180,cma,73.2,1,4,148.47,41.89,47.98,16.24,49.56,59.98,53.21,24.38,3,critical_care,<5_years,high,3,1
V181,cma,103.8,1,5,147.41,53.22,74.12,22.1,69.92,55.44,64.45,33.28,2,emergency,<5_years,high,0,1
V182,cma,101.4,1,5,134.54,48.88,64.4,12.26,63.34,60.95,57.8,34.57,1,internal_medicine,<5_years,high,4,1
V183,cma,101.15,1,5,146.71,49.87,65.82,16.02,58.7,53.8,70.39,34.48,2,critical_care,>=5_years,high,4,1
V184,cma,103.87,1,5,143.84,51.38,75.94,13.45,64.72,52.3,65.85,35.99,3,critical_care,>=5_years,high,0,1
V185,cma,60.12,1,3,137.46,41.0,47.95,16.35,45.62,72.31,35.61,28.16,1,critical_care,<5_years,low,2,1
V186,cma,49.34,1,3,140.58,37.16,40.05,8.55,42.52,64.74,41.5,25.61,2,hospital_medicine,<5_years,low,2,1
V187,cma,61.56,1,3,149.3,40.76,46.28,13.14,45.98,65.87,50.66,22.64,3,hospital_medicine,>=5_years,low,2,1
V188,cma,79.65,1,4,138.5,44.17,51.97,14.84,47.48,70.84,47.7,32.19,3,internal_medicine,>=5_years,high,3,1
V189,cma,78.28,1,4,156.46,45.03,53.5,15.97,52.7,65.39,48.61,34.01,2,critical_care,>=5_years,high,3,1
V190,cma,101.43,1,5,161.55,50.51,59.24,21.45,66.07,55.07,60.37,40.83,3,internal_medicine,<5_years,high,4,1
V191,cma,78.18,1,4,160.12,45.41,56.08,15.73,50.61,65.46,58.48,26.1,2,internal_medicine,>=5_years,high,0,1
V192,cma,61.67,1,3,158.17,39.8,48.23,12.56,37.07,72.41,43.93,24.57,1,emergency,<5_years,low,2,1
V193,cma,75.44,1,4,146.41,43.05,55.17,19.06,49.12,58.44,49.7,26.82,1,hospital_medicine,>=5_years,high,3,1
V194,cma,56.96,1,3,159.93,41.2,42.17,19.61,38.42,68.8,46.0,32.21,1,hospital_medicine,<5_years,low,2,1
V195,cma,59.24,1,3,143.64,39.12,42.78,13.56,45.77,64.59,51.58,16.46,2,critical_care,>=5_years,low,2,1
V196,cma,95.43,1,5,150.47,46.76,65.53,9.21,54.71,57.8,55.72,37.58,3,critical_care,>=5_years,high,0,1
V197,cma,55.3,1,3,144.03,39.17,41.49,18.87,41.9,70.94,41.4,20.42,3,critical_care,<5_years,low,0,1
V198,cma,95.17,1,5,135.57,48.9,70.0,17.07,54.53,59.94,56.13,35.73,3,hospital_medicine,>=5_years,high,0,1
V199,cma,68.07,1,3,145.6,40.41,49.04,17.05,42.03,63.68,40.49,30.17,3,emergency,<5_years,low,2,1
V200,cma,84.37,1,4,164.7,46.24,59.99,15.94,54.15,54.56,59.47,33.31,2,emergency,>=5_years,high,3,1
V201,cma,102.15,1,5,145.42,49.98,60.94,12.34,60.1,64.2,65.75,36.53,1,hospital_medicine,<5_years,high,4,1
V202,cma,98.62,1,5,144.88,50.01,63.66,11.06,65.99,58.99,62.11,38.27,3,critical_care,>=5_years,high,0,1
V203,cma,106.88,1,5,154.58,51.36,72.04,19.95,61.71,59.03,63.47,31.98,1,hospital_medicine,<5_years,high,4,1
V204,cma,55.57,1,3,153.13,38.76,49.84,9.56,41.51,70.87,46.86,13.91,3,internal_medicine,<5_years,low,0,1
V205,cma,103.21,1,5,147.94,52.56,65.99,26.12,59.59,53.51,71.21,38.93,2,emergency,>=5_years,high,4,1
V206,cma,73.35,1,4,147.42,45.66,47.84,16.65,54.68,68.27,56.51,30.03,3,hospital_medicine,<5_years,high,3,1
V207,cma,105.0,1,5,152.99,48.93,53.61,19.28,61.54,60.2,62.46,36.49,3,emergency,>=5_years,high,4,1
V208,cma,85.46,1,4,137.58,46.29,55.7,24.52,44.02,59.05,60.35,34.09,3,internal_medicine,>=5_years,high,3,1
V209,cma,59.1,1,3,137.42,40.54,41.44,19.46,40.76,74.45,46.77,20.36,3,internal_medicine,<5_years,low,0,1
V210,cma,104.25,1,5,139.88,50.36,66.72,14.21,62.96,58.97,65.79,33.53,3,internal_medicine,<5_years,high,4,1
V211,cma,99.73,1,5,148.94,49.95,64.81,21.97,62.22,55.34,63.21,32.12,1,internal_medicine,>=5_years,high,0,1
V212,cma,99.09,1,5,148.4,49.47,67.64,17.86,63.57,56.94,55.56,35.23,1,hospital_medicine,<5_years,high,4,1
V213,cma,55.33,1,3,141.8,37.72,43.22,18.79,37.76,61.46,44.24,20.85,1,critical_care,<5_years,low,2,1
V214,cma,59.04,1,3,141.57,39.62,44.86,7.97,50.98,74.4,40.61,18.9,3,emergency,>=5_years,low,2,1
V215,cma,82.67,1,4,154.03,47.15,66.65,10.91,54.74,62.74,61.29,26.58,1,critical_care,>=5_years,high,3,1
V216,cma,58.03,1,3,138.43,37.98,46.84,17.33,45.57,68.83,33.93,15.36,3,internal_medicine,<5_years,low,2,1
V217,cma,61.21,1,3,147.66,40.42,47.13,13.02,46.32,71.91,45.74,18.41,3,emergency,>=5_years,low,2,1
V218,cma,83.25,1,4,155.41,41.79,56.11,11.12,45.36,52.65,59.01,26.5,1,hospital_medicine,<5_years,high,3,1
V219,cma,58.3,1,3,138.47,43.12,50.17,15.76,45.02,77.28,43.35,27.14,3,critical_care,>=5_years,low,0,1
V220,cma,65.43,1,3,157.45,42.03,46.27,15.87,47.01,67.3,44.32,31.4,2,emergency,>=5_years,low,0,1
V221,cma,57.52,1,3,150.38,36.48,41.97,8.38,44.82,63.7,36.92,23.08,2,critical_care,>=5_years,low,0,1
V222,cma,64.56,1,3,133.8,38.79,45.33,9.36,40.42,62.28,52.57,22.78,3,critical_care,<5_years,low,2,1
V223,cma,82.14,1,4,154.29,43.81,55.36,19.66,51.28,51.1,55.84,29.64,1,critical_care,<5_years,high,3,1
V224,cma,108.51,1,5,149.21,51.19,66.26,18.24,67.07,55.84,65.56,34.17,3,hospital_medicine,>=5_years,high,4,1
V225,cma,93.86,1,5,150.29,46.54,68.2,16.0,51.34,56.31,58.72,28.69,1,hospital_medicine,<5_years,high,4,1
V226,cma,95.4,1,5,150.57,49.28,61.86,16.58,56.97,54.86,68.8,36.6,2,hospital_medicine,<5_years,high,0,1
V227,cma,78.2,1,4,142.82,46.05,60.28,20.29,47.77,65.33,57.53,25.11,2,hospital_medicine,>=5_years,high,3,1
V228,cma,95.72,1,5,145.86,50.17,70.96,13.94,61.45,57.7,63.8,33.19,3,internal_medicine,<5_years,high,0,1
V229,cma,300.0,0,5,147.8,71.08,100.0,37.71,100.0,15.71,100.0,73.06,2,emergency,<5_years,high,0,1
V230,cma,88.68,1,4,147.09,45.21,51.79,20.73,55.35,57.21,55.17,30.99,2,emergency,>=5_years,high,3,1
V231,cma,82.75,1,4,145.22,45.33,54.71,12.72,52.19,65.88,57.5,28.99,2,emergency,>=5_years,high,0,1
V232,cma,58.17,1,3,146.81,38.71,46.67,9.66,43.34,69.72,39.97,22.89,1,hospital_medicine,<5_years,low,2,1
V233,cma,115.15,1,5,137.01,57.8,77.51,23.44,69.17,51.91,73.51,51.24,3,emergency,<5_years,high,4,1
V234,cma,65.81,1,3,151.17,41.72,49.24,13.32,41.63,78.56,44.26,23.32,3,emergency,<5_years,low,0,1
V235,cma,62.61,1,3,144.84,40.98,50.53,15.22,42.45,67.81,40.02,29.84,3,hospital_medicine,<5_years,low,0,1
V236,cma,53.68,1,3,136.29,36.11,42.39,7.9,38.98,67.78,39.95,19.69,2,hospital_medicine,>=5_years,low,2,1
V237,cma,60.08,1,3,153.97,40.31,49.87,10.17,42.15,70.42,49.82,19.43,2,emergency,>=5_years,low,0,1
V238,cma,63.62,1,3,136.49,42.5,48.56,17.61,46.74,76.15,41.22,24.72,3,hospital_medicine,>=5_years,low,2,1
V239,cma,81.24,1,4,148.9,45.91,54.36,22.2,43.82,65.94,55.81,33.35,1,internal_medicine,>=5_years,high,3,1
V240,cma,81.0,1,4,135.77,46.27,61.46,18.55,49.93,61.77,52.29,33.63,1,hospital_medicine,>=5_years,high,3,1
V241,cma,85.28,1,4,153.62,44.37,56.33,14.5,51.86,56.03,58.59,28.92,3,critical_care,>=5_years,high,3,1
V242,cma,184.72,0,4,141.0,62.71,92.63,26.82,85.85,41.9,80.68,48.37,3,internal_medicine,<5_years,high,0,1
V243,cma,61.45,1,3,147.51,40.97,48.99,11.06,43.64,70.23,45.66,26.23,3,hospital_medicine,<5_years,low,0,1
V244,cma,101.85,1,5,143.75,52.55,67.74,17.94,63.19,61.35,64.0,41.09,1,hospital_medicine,<5_years,high,4,1
V245,cma,59.93,1,3,148.4,40.78,51.39,7.81,38.9,69.59,54.67,22.34,3,hospital_medicine,>=5_years,low,0,1
V246,cma,79.98,1,4,159.82,44.14,54.84,21.73,43.2,63.64,52.84,28.6,3,emergency,<5_years,high,0,1
V247,cma,80.76,1,4,160.26,43.65,61.29,8.05,44.78,64.06,51.04,32.69,1,internal_medicine,>=5_years,high,0,1
V248,cma,78.17,1,4,144.62,43.86,51.91,14.09,49.65,63.52,50.99,32.99,1,hospital_medicine,<5_years,high,3,1
V249,cma,102.93,1,5,152.03,52.5,69.73,17.79,61.54,60.31,64.56,41.09,3,critical_care,<5_years,high,0,1
V250,cma,81.3,1,4,141.35,44.27,60.79,16.37,53.6,63.2,45.61,26.08,1,critical_care,<5_years,high,0,1
V251,cma,63.41,1,3,142.1,40.89,46.06,16.69,40.1,68.5,46.25,27.73,1,critical_care,>=5_years,low,0,1
V252,cma,78.15,1,4,140.25,44.84,55.71,14.61,55.9,63.03,53.65,26.14,1,hospital_medicine,>=5_years,high,0,1
V253,cma,70.6,1,4,156.16,45.14,56.92,11.29,47.14,70.34,53.57,31.57,3,internal_medicine,>=5_years,high,3,1
V254,cma,67.53,1,3,152.73,39.99,50.75,14.93,36.89,70.59,41.35,25.41,1,hospital_medicine,>=5_years,low,0,1
V255,cma,60.19,1,3,152.66,41.54,48.89,16.87,47.38,66.07,46.12,23.91,2,critical_care,>=5_years,low,0,1
V256,cma,76.88,1,4,144.27,45.27,59.46,14.19,54.07,64.35,56.65,22.89,2,critical_care,<5_years,high,3,1
V257,cma,51.44,1,3,159.82,39.15,44.03,9.45,44.67,75.28,38.69,22.8,3,emergency,>=5_years,low,2,1
V258,cma,86.42,1,4,139.67,47.73,60.64,17.32,58.37,65.2,53.31,31.53,3,emergency,<5_years,high,3,1
V259,cma,93.93,1,5,154.58,49.18,64.66,19.15,62.16,60.09,59.62,29.39,1,critical_care,>=5_years,high,4,1
V260,cma,56.95,1,3,149.27,39.44,51.41,3.05,38.72,72.34,42.43,28.7,3,hospital_medicine,>=5_years,low,2,1
V261,cma,88.58,1,4,144.43,47.26,67.1,23.1,39.95,68.35,51.82,33.27,3,critical_care,>=5_years,high,3,1
V262,cma,76.97,1,4,149.15,42.86,50.54,12.8,51.97,61.06,51.7,29.09,1,hospital_medicine,<5_years,high,0,1
V263,cma,103.12,1,5,138.56,50.09,68.79,18.09,66.0,55.19,57.62,34.84,1,hospital_medicine,<5_years,high,4,1
V264,cma,106.67,1,5,133.5,51.22,68.78,17.18,59.64,56.88,69.43,35.42,1,emergency,>=5_years,high,0,1
V265,cma,88.1,1,4,145.61,43.99,58.16,14.86,50.18,64.43,46.07,30.26,2,critical_care,>=5_years,high,3,1
V266,cma,57.28,1,3,139.66,41.96,48.47,16.25,41.71,71.58,51.57,22.16,3,critical_care,<5_years,low,0,1
V267,cma,102.06,1,5,148.71,49.17,62.15,17.57,57.96,57.14,73.39,26.81,3,critical_care,<5_years,high,4,1
V268,cma,64.7,1,3,147.64,40.49,51.93,15.47,42.31,63.83,47.19,22.22,3,critical_care,>=5_years,low,0,1
V269,cma,78.62,1,4,148.63,43.88,55.99,18.35,51.14,58.71,53.19,25.87,3,emergency,<5_years,high,0,1
V270,cma,101.94,1,5,160.85,49.36,63.64,16.1,57.12,52.42,62.49,44.42,2,emergency,<5_years,high,0,1
V271,cma,61.19,1,3,156.44,39.74,46.43,13.42,44.87,67.9,45.99,19.84,2,internal_medicine,>=5_years,low,2,1
V272,cma,60.65,1,3,152.07,42.24,48.36,18.3,47.94,63.87,48.09,26.87,3,critical_care,<5_years,low,0,1
V273,cma,98.89,1,5,144.72,49.64,66.8,21.38,60.31,53.68,66.29,29.4,3,emergency,<5_years,high,4,1
V274,cma,77.13,1,4,142.12,46.75,60.63,18.55,51.63,64.53,55.94,29.21,2,hospital_medicine,>=5_years,high,0,1
V275,cma,79.13,1,4,143.1,44.11,50.76,17.99,49.68,65.98,53.46,26.79,1,emergency,>=5_years,high,0,1
V276,cma,96.2,1,5,141.37,47.65,59.98,23.61,54.12,56.79,60.21,31.18,1,critical_care,<5_years,high,0,1
V277,cma,79.95,1,4,158.18,44.28,51.46,16.33,56.13,62.61,54.25,24.89,2,emergency,<5_years,high,0,1
V278,cma,101.86,1,5,149.27,48.55,70.15,16.99,62.19,55.11,56.02,30.81,2,hospital_medicine,<5_years,high,4,1
V279,cma,79.38,1,4,139.09,44.83,58.4,15.02,50.46,57.63,55.85,31.6,1,emergency,<5_years,high,3,1
V280,cma,81.17,1,4,163.03,45.94,51.02,12.56,56.35,65.55,54.64,35.49,2,emergency,<5_years,high,3,1
V281,cma,81.37,1,4,130.87,44.37,52.98,21.99,53.52,63.26,49.87,24.6,3,emergency,>=5_years,high,0,1
V282,cma,95.43,1,5,144.93,50.41,65.42,18.82,63.07,60.79,62.33,32.0,1,internal_medicine,>=5_years,high,4,1
V283,cma,57.34,1,3,152.01,40.29,40.8,19.02,44.98,70.15,40.64,26.15,1,emergency,<5_years,low,2,1
V284,cma,80.75,1,4,154.55,45.25,60.53,17.41,49.24,63.05,48.49,32.75,2,emergency,>=5_years,high,0,1
V285,cma,101.15,1,5,134.05,49.03,62.89,18.84,58.12,55.35,66.8,32.2,3,critical_care,<5_years,high,4,1
V286,cma,103.69,1,5,146.46,52.0,69.64,19.81,60.11,61.08,63.55,37.81,3,critical_care,>=5_years,high,4,1
V287,cma,59.23,1,3,149.09,41.8,44.56,16.0,53.02,70.3,40.82,26.13,3,critical_care,>=5_years,low,2,1
V288,cma,57.32,1,3,140.08,40.33,40.64,8.44,42.34,68.3,53.88,28.38,3,emergency,>=5_years,low,2,1
V289,cma,57.51,1,3,140.09,39.44,50.53,4.46,38.76,67.48,47.6,27.84,3,hospital_medicine,<5_years,low,2,1
V290,cma,76.14,1,4,153.42,42.72,51.25,10.86,47.28,65.62,50.88,30.43,2,hospital_medicine,<5_years,high,3,1
V291,cma,53.53,1,3,145.01,41.82,49.11,12.89,42.14,71.08,48.24,27.48,3,internal_medicine,<5_years,low,0,1
V292,cma,58.78,1,3,153.39,39.39,48.39,12.91,37.77,71.65,46.64,19.01,1,emergency,<5_years,low,2,1
V293,cma,82.61,1,4,137.43,47.25,57.73,14.51,52.27,71.26,53.65,34.08,1,critical_care,<5_years,high,3,1
V294,cma,75.36,1,4,162.13,40.57,49.64,12.29,40.62,62.56,53.02,25.32,3,internal_medicine,<5_years,high,3,1
V295,cma,95.31,1,5,146.65,48.49,63.77,13.15,55.56,62.36,60.27,35.86,1,hospital_medicine,<5_years,high,4,1
V296,cma,84.98,1,4,143.42,46.63,56.88,20.37,51.19,63.61,51.82,35.91,3,emergency,>=5_years,high,0,1
V297,cma,104.11,1,5,135.64,48.52,60.36,15.78,55.1,56.73,67.68,35.49,3,internal_medicine,>=5_years,high,0,1
V298,cma,60.88,1,3,143.98,41.56,44.53,9.18,50.29,68.21,51.77,25.37,1,emergency,>=5_years,low,0,1
V299,cma,81.92,1,4,144.46,44.38,53.89,16.86,51.73,64.69,53.83,25.28,1,hospital_medicine,>=5_years,high,3,1
V300,cma,80.61,1,4,143.8,44.97,51.63,16.18,52.97,67.03,55.09,26.9,3,internal_medicine,<5_years,high,3,1
V301,cma,53.66,1,3,142.36,37.47,41.35,10.19,39.09,63.59,46.88,23.75,1,emergency,>=5_years,low,2,1
V302,cma,96.32,1,5,148.83,50.75,70.09,17.34,61.6,59.12,65.26,31.1,3,hospital_medicine,<5_years,high,0,1
V303,cma,102.0,1,5,157.09,49.19,64.44,20.68,62.67,50.66,63.25,33.45,3,critical_care,<5_years,high,4,1
V304,cma,78.93,1,4,139.88,42.66,54.43,7.02,53.67,62.19,52.07,26.61,3,internal_medicine,<5_years,high,0,1
V305,cma,96.19,1,5,144.07,49.26,62.83,16.35,57.06,56.45,60.52,42.39,3,critical_care,<5_years,high,4,1
V306,cma,98.78,1,5,141.28,49.62,66.47,21.19,59.35,60.3,58.07,32.35,3,hospital_medicine,>=5_years,high,4,1
V307,cma,83.86,1,4,135.03,47.2,56.55,18.3,56.22,60.29,55.68,36.15,3,critical_care,>=5_years,high,3,1
V308,cma,64.52,1,3,161.32,38.52,45.31,12.01,49.79,64.75,40.03,19.22,3,emergency,>=5_years,low,2,1
V309,cma,79.59,1,4,136.3,47.89,56.5,19.53,54.54,64.03,59.63,33.08,2,emergency,>=5_years,high,0,1
V310,cma,82.82,1,4,146.66,43.45,55.62,10.94,46.73,60.1,53.61,33.71,2,internal_medicine,>=5_years,high,3,1
V311,cma,95.37,1,5,160.61,51.18,68.84,13.46,62.79,64.9,60.85,36.26,3,emergency,<5_years,high,0,1
V312,cma,79.16,1,4,160.4,44.99,55.27,14.8,51.45,65.8,57.14,25.46,3,internal_medicine,>=5_years,high,3,1
V313,cma,71.53,1,4,147.89,40.43,46.48,8.98,51.5,56.26,53.37,25.97,3,hospital_medicine,>=5_years,high,3,1
V314,cma,102.21,1,5,147.44,51.41,64.45,31.87,57.57,57.97,60.79,35.8,2,internal_medicine,<5_years,high,4,1
V315,cma,101.87,1,5,145.18,48.9,65.98,20.6,56.0,55.27,60.53,34.99,3,hospital_medicine,<5_years,high,4,1
V316,cma,64.94,1,3,153.42,40.72,46.25,15.1,45.27,70.23,45.38,22.09,3,emergency,>=5_years,low,2,1
V317,cma,72.97,1,4,133.87,45.12,52.23,22.13,40.48,66.53,55.45,33.89,1,hospital_medicine,>=5_years,high,3,1
V318,cma,58.15,1,3,145.43,40.27,45.92,14.61,45.65,65.84,45.45,24.16,2,critical_care,>=5_years,low,2,1
V319,cma,80.95,1,4,154.83,46.82,64.26,17.58,55.15,61.06,54.51,28.37,1,internal_medicine,>=5_years,high,0,1
V320,cma,83.35,1,4,143.4,46.33,64.62,17.87,49.89,59.96,55.92,29.74,3,hospital_medicine,>=5_years,high,0,1
V321,cma,54.86,1,3,152.45,41.46,52.62,16.54,39.87,72.88,41.98,24.9,2,emergency,<5_years,low,0,1
V322,cma,96.55,1,5,144.43,47.95,66.51,16.28,52.48,55.97,65.28,31.16,2,emergency,>=5_years,high,4,1
V323,cma,82.91,1,4,145.39,43.2,50.84,17.54,53.64,56.69,52.29,28.18,1,internal_medicine,<5_years,high,3,1
V324,cma,75.55,1,4,147.97,43.01,54.19,11.8,52.83,59.9,50.57,28.78,2,internal_medicine,>=5_years,high,3,1
V325,cma,105.63,1,5,143.66,52.53,64.42,25.2,58.21,62.02,67.61,37.7,3,emergency,<5_years,high,4,1
V326,cma,57.4,1,3,155.46,41.01,51.65,10.38,43.25,67.49,44.37,28.91,3,hospital_medicine,<5_years,low,0,1
V327,cma,102.2,1,5,140.84,53.36,72.64,17.73,65.79,60.09,62.11,41.78,2,hospital_medicine,>=5_years,high,4,1
V328,cma,77.88,1,4,148.74,43.45,55.01,13.43,52.59,61.56,55.57,22.55,1,hospital_medicine,>=5_years,high,0,1
V329,cma,252.69,0,3,136.63,69.19,100.0,31.34,100.0,24.8,100.0,58.98,2,emergency,<5_years,low,0,1
V330,cma,105.63,1,5,149.36,49.97,59.5,18.4,62.62,52.1,63.59,43.62,1,hospital_medicine,<5_years,high,4,1
V331,cma,94.07,1,5,152.85,49.44,60.18,18.78,60.42,63.65,64.03,29.59,1,hospital_medicine,>=5_years,high,0,1
V332,cma,80.64,1,4,157.15,44.39,61.5,4.36,51.6,60.6,53.0,35.27,2,internal_medicine,>=5_years,high,3,1
V333,cma,112.54,1,5,139.93,51.92,69.81,23.39,62.12,52.99,65.12,38.08,1,hospital_medicine,>=5_years,high,4,1
V334,cma,101.05,1,5,148.34,48.08,66.36,15.41,55.34,61.75,61.85,27.76,1,critical_care,<5_years,high,0,1
V335,cma,61.3,1,3,135.14,38.75,43.74,9.22,43.26,61.26,49.37,25.67,3,hospital_medicine,<5_years,low,0,1
V336,cma,112.31,1,5,137.2,51.48,72.47,22.0,60.7,54.93,65.65,33.12,2,critical_care,<5_years,high,4,1
V337,cma,98.97,1,5,158.27,49.29,64.27,15.15,61.31,57.28,65.91,31.84,2,hospital_medicine,>=5_years,high,0,1
V338,cma,60.73,1,3,152.7,39.93,46.3,8.86,45.39,67.51,46.83,24.68,1,hospital_medicine,>=5_years,low,2,1
V339,cma,59.94,1,3,143.1,42.78,37.46,13.52,51.21,75.59,52.26,26.64,3,internal_medicine,>=5_years,low,2,1
V340,cma,83.35,1,4,144.51,44.79,54.73,21.67,53.35,57.3,54.11,27.58,3,hospital_medicine,<5_years,high,3,1
V341,cma,63.18,1,3,144.55,39.85,49.2,20.22,36.92,63.71,47.07,21.96,1,hospital_medicine,<5_years,low,2,1
V342,cma,175.71,0,4,145.33,61.92,87.32,16.51,80.85,41.13,89.44,56.24,3,emergency,<5_years,high,0,1
V343,cma,108.24,1,5,153.36,53.27,66.46,28.27,60.98,60.16,66.13,37.62,3,critical_care,<5_years,high,0,1
V344,cma,79.28,1,4,144.69,47.66,58.77,21.08,54.6,60.7,57.1,33.73,2,hospital_medicine,>=5_years,high,3,1
V345,cma,290.6,0,4,144.49,70.57,100.0,35.67,100.0,21.27,100.0,66.48,3,emergency,>=5_years,high,0,1
V346,cma,87.09,1,4,144.51,45.51,60.45,12.08,56.37,63.9,52.94,27.3,3,critical_care,<5_years,high,0,1
V347,cma,86.17,1,4,145.19,45.98,62.63,17.59,50.1,55.42,54.28,35.88,3,emergency,>=5_years,high,0,1
V348,cma,104.47,1,5,132.9,49.98,63.6,14.63,58.85,56.37,69.23,37.21,2,internal_medicine,<5_years,high,4,1
V349,cma,100.82,1,5,150.22,50.78,64.58,17.22,65.78,54.85,62.07,40.16,2,hospital_medicine,<5_years,high,0,1
V350,cma,93.14,1,5,165.13,47.46,60.43,18.82,56.12,61.78,56.67,30.96,3,hospital_medicine,<5_years,high,0,1
V351,cma,97.52,1,5,156.42,48.91,60.82,14.16,59.8,57.46,59.92,41.32,2,critical_care,>=5_years,high,0,1
V352,cma,108.59,1,5,150.56,49.51,65.36,15.91,65.28,51.8,59.98,38.73,1,emergency,>=5_years,high,0,1
V353,cma,71.15,1,3,156.94,40.65,52.25,8.49,44.09,55.19,54.77,29.14,1,emergency,>=5_years,low,2,1
V354,cma,102.21,1,5,148.67,49.98,64.27,20.51,65.49,54.11,63.01,32.52,2,critical_care,<5_years,high,0,1
V355,cma,63.97,1,3,170.49,38.48,42.5,11.17,39.36,67.84,38.86,31.14,3,critical_care,>=5_years,low,0,1
V356,cma,79.27,1,4,152.44,44.75,52.87,15.79,50.33,57.36,61.56,30.59,1,internal_medicine,<5_years,high,3,1
V357,cma,97.69,1,5,145.2,47.23,59.22,18.94,61.99,57.23,57.94,28.04,3,internal_medicine,<5_years,high,4,1
V358,cma,99.16,1,5,137.35,49.01,63.14,15.82,59.99,51.89,64.18,39.02,3,critical_care,<5_years,high,4,1
V359,cma,93.18,1,5,151.31,49.03,64.36,21.17,59.55,58.41,61.96,28.74,1,emergency,<5_years,high,4,1
V360,cma,102.37,1,5,155.18,46.8,66.08,9.29,59.68,56.54,57.75,31.44,3,hospital_medicine,<5_years,high,4,1
V361,cma,98.07,1,5,148.12,50.48,64.96,13.53,64.22,64.12,60.87,35.16,3,critical_care,>=5_years,high,4,1
V362,cma,84.03,1,4,149.25,44.51,53.1,16.81,52.62,60.98,52.7,30.84,1,hospital_medicine,>=5_years,high,0,1
V363,cma,94.52,1,5,146.31,48.28,67.45,15.74,56.91,53.92,68.41,27.28,2,internal_medicine,>=5_years,high,4,1
V364,cma,57.96,1,3,147.15,41.94,49.21,15.99,43.05,71.47,43.99,27.91,3,emergency,<5_years,low,0,1
V365,cma,60.34,1,3,145.64,38.12,39.94,10.31,34.92,70.26,47.12,26.2,2,critical_care,>=5_years,low,2,1
V366,cma,58.99,1,3,145.08,40.56,49.29,11.14,46.12,73.14,44.6,19.08,2,emergency,<5_years,low,0,1
V367,cma,67.44,1,3,139.83,41.05,53.43,14.87,38.53,63.63,46.74,29.1,3,emergency,<5_years,low,2,1
V368,cma,102.29,1,5,140.68,49.25,60.44,15.76,55.19,58.89,66.17,39.06,1,emergency,<5_years,high,0,1
V369,cma,86.37,1,4,152.14,43.93,51.04,14.25,48.84,64.18,51.03,34.24,1,emergency,>=5_years,high,0,1
V370,cma,85.57,1,4,154.51,48.12,51.82,18.02,57.36,65.87,60.7,34.94,2,hospital_medicine,<5_years,high,0,1
V371,cma,59.72,1,3,135.37,41.49,45.39,14.39,48.27,65.68,47.69,27.51,3,critical_care,>=5_years,low,2,1
V372,cma,59.92,1,3,146.8,39.44,47.24,3.72,47.51,67.67,47.02,23.47,1,emergency,>=5_years,low,0,1
V373,cma,66.91,1,3,142.75,42.84,52.73,17.09,44.5,67.18,47.57,27.97,1,emergency,>=5_years,low,2,1
V374,cma,104.06,1,5,147.41,50.36,68.81,20.37,59.66,54.68,63.08,35.56,3,emergency,<5_years,high,0,1
V375,cma,64.08,1,3,149.22,42.63,47.42,9.84,48.97,68.52,51.86,29.19,1,emergency,<5_years,low,0,1
V376,cma,107.72,1,5,153.28,53.75,70.45,20.04,65.71,56.65,64.99,44.68,2,internal_medicine,<5_years,high,0,1
V377,cma,74.42,1,4,156.99,44.23,54.9,14.97,50.88,68.52,47.03,29.08,2,critical_care,<5_years,high,0,1
V378,cma,58.49,1,3,151.92,38.59,50.01,6.64,44.85,69.52,38.11,22.4,3,hospital_medicine,<5_years,low,2,1
V379,cma,59.56,1,3,145.67,39.15,51.55,5.26,41.7,68.61,44.17,23.6,2,hospital_medicine,<5_years,low,2,1
V380,cma,82.5,1,4,139.92,45.5,52.52,13.27,50.43,64.36,52.26,40.16,1,hospital_medicine,>=5_years,high,3,1
V381,cma,77.65,1,4,138.65,42.46,50.48,4.86,56.21,62.07,50.33,30.78,2,emergency,>=5_years,high,0,1
V382,cma,108.08,1,5,144.89,52.63,63.35,23.24,67.15,58.53,73.06,30.46,2,internal_medicine,<5_years,high,4,1
V383,cma,77.43,1,4,140.08,45.71,62.42,21.96,47.68,58.68,50.03,33.5,2,critical_care,<5_years,high,3,1
V384,cma,100.2,1,5,140.77,46.94,62.69,15.16,56.91,61.3,61.26,24.34,2,internal_medicine,>=5_years,high,0,1
V385,cma,103.77,1,5,139.31,50.06,70.26,8.03,65.69,55.26,65.25,35.84,2,hospital_medicine,>=5_years,high,4,1
V386,cma,78.69,1,4,143.27,47.57,60.1,13.65,52.94,64.14,58.24,36.33,3,critical_care,<5_years,high,3,1
V387,cma,98.51,1,5,152.22,50.53,64.45,13.98,71.56,58.36,60.93,33.9,3,internal_medicine,>=5_years,high,4,1
V388,cma,78.57,1,4,151.64,43.57,51.7,14.85,46.75,59.67,58.15,30.33,3,critical_care,>=5_years,high,3,1
V389,cma,79.66,1,4,151.65,42.15,46.11,12.33,45.83,63.27,53.39,31.99,3,critical_care,>=5_years,high,3,1
V390,cma,60.28,1,3,133.91,39.11,46.1,10.27,39.71,67.97,42.68,27.91,3,hospital_medicine,<5_years,low,2,1
V391,cma,59.86,1,3,160.77,41.59,45.1,13.62,51.59,67.6,52.87,18.76,2,critical_care,>=5_years,low,0,1
V392,cma,87.34,1,4,137.52,42.69,58.54,14.48,42.28,64.11,48.17,28.55,1,emergency,<5_years,high,3,1
V393,cma,95.77,1,5,137.64,47.56,60.79,14.49,55.99,59.21,62.32,32.53,3,internal_medicine,>=5_years,high,4,1
V394,cma,97.38,1,5,144.17,48.39,60.05,18.56,53.18,54.7,67.07,36.76,3,internal_medicine,>=5_years,high,4,1
V395,cma,85.39,1,4,144.19,46.05,51.81,24.71,46.26,59.93,59.07,34.52,2,hospital_medicine,>=5_years,high,3,1
V396,cma,104.19,1,5,155.64,49.5,69.25,14.55,59.96,53.19,64.08,35.99,1,emergency,>=5_years,high,0,1
V397,cma,109.41,1,5,144.7,51.65,67.61,14.89,63.69,54.28,69.78,39.68,3,internal_medicine,<5_years,high,0,1
V398,cma,78.03,1,4,157.02,43.1,57.37,19.71,49.93,57.66,47.56,26.35,2,critical_care,<5_years,high,0,1
V399,cma,76.46,1,4,138.69,45.01,58.13,20.15,43.3,63.11,55.06,30.33,2,hospital_medicine,<5_years,high,3,1
V400,cma,78.94,1,4,134.16,42.43,51.6,14.56,50.45,58.16,50.81,29.0,1,internal_medicine,>=5_years,high,3,1
V401,cma,102.03,1,5,137.06,49.82,68.32,13.31,65.53,59.29,59.43,33.05,2,internal_medicine,<5_years,high,4,1
V402,cma,80.52,1,4,136.92,46.06,59.23,19.43,49.23,63.43,52.06,32.97,2,hospital_medicine,<5_years,high,0,1
V403,cma,104.44,1,5,147.38,50.27,65.82,15.14,61.47,58.59,67.12,33.48,2,hospital_medicine,<5_years,high,4,1
V404,cma,62.78,1,3,149.19,41.04,44.6,12.4,45.66,74.43,44.55,24.61,3,critical_care,<5_years,low,0,1
V405,cma,102.68,1,5,148.92,49.05,66.59,14.39,61.91,52.53,60.5,38.4,2,critical_care,<5_years,high,4,1
V406,cma,62.07,1,3,142.92,41.94,49.27,13.6,44.24,67.54,48.38,28.64,3,internal_medicine,>=5_years,low,2,1
V407,cma,56.78,1,3,128.06,39.94,46.21,9.15,45.39,70.03,42.01,26.83,3,critical_care,<5_years,low,2,1
V408,cma,58.83,1,3,140.21,41.55,51.17,13.06,48.72,70.2,44.66,21.49,2,internal_medicine,>=5_years,low,2,1
V409,cma,55.95,1,3,144.83,39.99,44.28,14.35,38.03,74.53,43.07,25.65,3,hospital_medicine,>=5_years,low,0,1
V410,cma,59.1,1,3,138.74,40.71,47.69,9.39,42.32,73.34,45.31,26.19,1,emergency,<5_years,low,2,1
V411,cma,63.69,1,3,140.38,41.61,45.89,15.8,44.84,62.83,50.94,29.34,2,emergency,>=5_years,low,0,1
V412,cma,99.9,1,5,133.63,49.91,59.7,19.03,56.0,64.88,62.53,37.32,3,emergency,>=5_years,high,4,1
V413,cma,67.66,1,3,144.35,41.12,51.92,20.27,43.5,64.61,44.86,21.57,2,critical_care,<5_years,low,2,1
V414,cma,57.04,1,3,134.45,40.95,36.6,17.08,46.46,74.01,44.15,27.43,2,internal_medicine,<5_years,low,2,1
V415,cma,81.4,1,4,145.58,47.84,61.01,18.31,57.03,60.6,60.16,29.97,3,emergency,>=5_years,high,3,1
V416,cma,97.86,1,5,145.5,46.6,59.45,18.46,51.59,55.12,64.3,30.67,3,critical_care,<5_years,high,4,1
V417,cma,55.28,1,3,139.78,37.3,43.83,7.51,43.35,64.04,40.86,24.22,3,hospital_medicine,<5_years,low,2,1
V418,cma,102.49,1,5,148.94,51.05,61.59,21.71,64.56,59.39,66.06,32.97,3,hospital_medicine,>=5_years,high,4,1
V419,cma,78.72,1,4,147.91,44.92,54.37,14.12,53.37,67.85,53.35,26.45,1,hospital_medicine,>=5_years,high,0,1
V420,cma,81.28,1,4,141.22,47.77,61.6,13.82,52.68,66.14,56.79,35.62,2,hospital_medicine,>=5_years,high,0,1
V421,cma,97.12,1,5,149.68,51.06,68.83,23.83,53.29,59.07,66.92,34.4,2,hospital_medicine,<5_years,high,0,1
V422,cma,77.2,1,4,160.37,43.37,50.85,9.35,50.74,66.99,53.44,28.87,1,emergency,>=5_years,high,3,1
V423,cma,62.02,1,3,131.1,42.41,49.22,17.53,45.5,68.48,49.04,24.7,2,critical_care,<5_years,low,2,1
V424,cma,58.0,1,3,140.55,39.72,43.73,11.87,40.19,71.64,45.92,24.98,2,hospital_medicine,>=5_years,low,2,1
V425,cma,95.99,1,5,162.82,47.52,61.53,12.52,63.17,50.17,60.83,36.9,3,emergency,>=5_years,high,4,1
V426,cma,101.12,1,5,141.31,47.97,60.16,16.66,62.84,54.57,60.39,33.2,3,hospital_medicine,<5_years,high,0,1
V427,cma,104.21,1,5,142.12,51.04,63.65,22.02,58.89,57.16,63.08,41.47,2,critical_care,>=5_years,high,4,1
V428,cma,98.3,1,5,156.57,47.61,60.37,13.19,56.22,57.31,65.72,32.83,3,hospital_medicine,>=5_years,high,0,1
V429,cma,60.65,1,3,152.55,42.18,46.55,17.1,39.36,74.08,43.46,32.53,1,critical_care,>=5_years,low,0,1
V430,cma,85.49,1,4,138.46,47.28,55.94,16.08,58.13,63.02,55.12,35.4,2,hospital_medicine,<5_years,high,3,1
V431,cma,82.96,1,4,141.76,43.56,51.48,16.38,51.17,58.34,56.88,27.12,3,emergency,>=5_years,high,0,1
V432,cma,96.17,1,5,145.93,48.9,63.57,17.25,60.55,61.97,56.01,34.06,2,emergency,>=5_years,high,4,1
V433,cma,76.79,1,4,151.93,42.12,52.29,11.35,45.15,62.74,54.26,26.94,3,hospital_medicine,<5_years,high,3,1
V434,cma,58.28,1,3,155.42,37.06,45.69,10.99,35.85,67.53,47.34,14.95,2,internal_medicine,<5_years,low,0,1
V435,cma,76.3,1,4,141.61,44.52,56.64,18.36,50.55,61.64,54.7,25.24,1,emergency,>=5_years,high,0,1
V436,cma,79.51,1,4,138.84,44.22,49.1,9.63,49.11,69.01,53.88,34.58,2,hospital_medicine,<5_years,high,3,1
V437,cma,71.82,1,4,130.16,44.53,54.01,11.33,52.09,69.81,56.26,23.69,1,internal_medicine,<5_years,high,0,1
V438,cma,102.26,1,5,148.35,50.36,66.8,10.12,60.47,58.55,69.48,36.75,1,hospital_medicine,<5_years,high,4,1
V439,cma,102.01,1,5,153.85,51.92,70.35,26.96,57.32,62.16,60.81,33.95,1,hospital_medicine,<5_years,high,4,1
V440,cma,82.1,1,4,145.97,47.25,58.71,20.7,53.7,57.16,62.78,30.44,1,hospital_medicine,>=5_years,high,3,1
V441,cma,65.38,1,3,138.25,42.17,48.84,19.29,46.43,69.52,47.92,21.03,3,critical_care,<5_years,low,2,1
V442,cma,201.18,0,5,146.05,70.05,100.0,37.61,89.72,36.11,99.56,57.27,2,critical_care,<5_years,high,0,1
V443,cma,59.1,1,3,129.77,39.48,50.48,21.89,37.43,63.28,42.84,20.95,2,hospital_medicine,<5_years,low,0,1
V444,cma,101.36,1,5,141.12,50.51,70.01,21.08,59.2,52.36,62.72,37.7,3,critical_care,<5_years,high,4,1
V445,cma,190.25,0,4,165.83,62.18,86.8,19.63,84.24,45.63,87.46,49.31,1,internal_medicine,>=5_years,high,0,1
V446,cma,61.78,1,3,153.45,41.42,50.0,6.05,48.76,74.53,48.77,20.38,1,hospital_medicine,>=5_years,low,0,1
V447,cma,80.31,1,4,138.56,45.65,57.7,12.48,51.01,62.85,54.23,35.66,2,critical_care,<5_years,high,0,1
V448,cma,67.89,1,3,151.37,40.34,51.78,14.28,46.02,64.84,40.55,24.58,2,hospital_medicine,<5_years,low,2,1
V449,cma,102.58,1,5,146.89,49.7,68.49,19.09,63.44,58.11,58.96,30.11,2,internal_medicine,>=5_years,high,0,1
V450,cma,61.21,1,3,156.95,37.76,43.28,13.01,48.6,62.62,37.24,21.8,3,critical_care,>=5_years,low,0,1
V451,cma,61.25,1,3,130.87,43.96,49.22,14.8,47.31,68.54,53.51,30.4,1,critical_care,>=5_years,low,0,1
V452,cma,87.57,1,4,155.54,47.33,55.21,17.96,49.61,60.49,64.81,35.91,2,emergency,<5_years,high,0,1
V453,cma,86.39,1,4,132.65,44.58,55.5,22.23,51.19,55.8,47.75,35.02,3,emergency,<5_years,high,3,1
V454,cma,102.13,1,5,152.72,51.47,70.53,17.02,63.02,57.62,59.34,41.31,1,emergency,>=5_years,high,0,1
V455,cma,62.65,1,3,142.61,40.32,44.73,13.01,49.43,72.98,41.64,20.16,3,critical_care,<5_years,low,0,1
V456,cma,74.7,1,4,151.9,40.93,51.26,13.43,40.47,63.74,47.4,29.26,3,emergency,>=5_years,high,3,1
V457,cma,85.6,1,4,158.12,44.38,54.77,14.21,57.33,53.46,53.76,32.76,2,internal_medicine,<5_years,high,3,1
V458,cma,80.95,1,4,138.95,46.37,57.71,14.04,54.57,56.95,61.96,32.98,1,hospital_medicine,<5_years,high,3,1
V459,cma,88.69,1,4,146.85,43.69,52.62,23.75,48.63,59.21,48.72,29.21,3,critical_care,>=5_years,high,3,1
V460,cma,59.51,1,3,140.55,41.43,47.9,14.7,40.52,69.05,43.54,32.87,2,critical_care,<5_years,low,2,1
V461,cma,99.5,1,5,146.63,48.11,66.86,15.09,57.91,57.59,58.85,32.33,3,hospital_medicine,>=5_years,high,4,1
V462,cma,77.73,1,4,141.88,41.98,49.01,8.69,51.56,62.75,49.33,30.57,1,emergency,<5_years,high,0,1
V463,cma,80.95,1,4,146.36,48.24,62.72,19.55,54.51,64.16,51.12,37.39,3,critical_care,>=5_years,high,3,1
V464,cma,81.54,1,4,140.14,45.56,59.89,14.19,46.24,63.39,57.24,32.42,1,internal_medicine,>=5_years,high,0,1
V465,cma,94.04,1,5,152.61,47.77,65.82,10.69,58.11,58.37,63.15,30.45,1,internal_medicine,>=5_years,high,4,1
V466,cma,104.06,1,5,137.45,49.93,65.45,16.77,63.68,56.35,63.18,34.14,2,emergency,>=5_years,high,0,1
V467,cma,101.07,1,5,146.11,49.77,68.0,14.43,60.0,60.91,71.32,23.95,1,hospital_medicine,<5_years,high,4,1
V468,cma,81.88,1,4,133.08,43.67,58.38,16.5,44.58,59.46,52.66,30.45,2,critical_care,>=5_years,high,0,1
V469,cma,79.37,1,4,148.48,44.62,53.65,15.36,51.86,65.51,49.4,31.94,1,internal_medicine,>=5_years,high,0,1
V470,cma,105.11,1,5,148.28,49.54,69.47,16.35,61.29,55.48,64.13,30.52,1,emergency,<5_years,high,0,1
V471,cma,78.89,1,4,141.0,41.2,51.35,10.43,51.26,59.89,54.18,20.08,2,critical_care,<5_years,high,3,1
V472,cma,64.31,1,3,150.66,45.38,51.97,19.86,44.94,74.48,54.18,26.86,2,internal_medicine,>=5_years,low,0,1
V473,cma,84.87,1,4,138.31,45.08,64.65,12.9,49.5,61.13,57.56,24.77,1,emergency,>=5_years,high,3,1
V474,cma,83.86,1,4,145.46,46.12,58.56,13.51,47.62,66.61,58.05,32.38,3,emergency,<5_years,high,0,1
V475,cma,94.99,1,5,142.52,47.14,66.3,15.59,59.98,52.15,56.82,32.01,3,internal_medicine,<5_years,high,0,1
V476,cma,191.74,0,5,151.31,65.68,96.22,19.78,88.81,36.78,97.6,54.9,1,internal_medicine,>=5_years,high,0,1
V477,cma,100.68,1,5,144.54,51.72,65.17,16.06,60.94,56.08,71.85,40.23,3,emergency,>=5_years,high,0,1
V478,cma,100.72,1,5,159.11,50.72,67.5,17.77,65.68,59.24,57.84,36.32,3,emergency,>=5_years,high,4,1
V479,cma,79.73,1,4,151.3,43.89,62.03,9.13,47.32,62.77,51.89,30.23,2,critical_care,>=5_years,high,3,1
V480,cma,64.58,1,3,137.17,41.78,45.19,13.87,44.67,74.46,45.75,26.77,3,emergency,<5_years,low,2,1
V481,cma,84.29,1,4,140.64,44.69,56.6,16.34,49.51,62.25,54.79,28.66,1,hospital_medicine,<5_years,high,0,1
V482,cma,62.17,1,3,152.47,40.06,46.84,8.23,42.41,65.03,47.91,29.9,2,emergency,<5_years,low,2,1
V483,cma,59.76,1,3,136.19,39.18,46.73,11.98,39.14,63.29,42.87,31.06,1,emergency,>=5_years,low,2,1
V484,cma,79.12,1,4,139.24,47.51,54.11,23.43,54.59,66.2,60.55,26.19,1,critical_care,<5_years,high,0,1
V485,cma,73.94,1,4,145.08,42.83,51.76,15.4,50.22,60.96,49.62,29.02,1,critical_care,>=5_years,high,3,1
V486,cma,88.19,1,4,138.01,45.23,58.4,15.52,52.9,58.92,49.67,35.97,3,internal_medicine,>=5_years,high,3,1
V487,cma,100.38,1,5,138.4,47.92,63.22,16.75,54.4,55.38,63.13,34.65,3,emergency,<5_years,high,4,1
V488,cma,81.33,1,4,139.7,43.85,57.74,14.9,48.28,56.04,55.99,30.14,3,hospital_medicine,>=5_years,high,3,1
V489,cma,108.88,1,5,142.42,49.96,65.03,20.34,60.61,52.5,60.52,40.77,1,internal_medicine,<5_years,high,4,1
V490,cma,97.08,1,5,137.33,49.39,62.94,20.01,56.76,60.23,64.04,32.36,1,emergency,>=5_years,high,4,1
V491,cma,77.76,1,4,142.83,46.42,56.69,15.66,49.16,67.59,56.5,32.92,1,critical_care,<5_years,high,0,1
V492,cma,57.6,1,3,143.61,39.86,48.67,18.31,37.02,71.55,44.18,19.43,1,internal_medicine,>=5_years,low,2,1
V493,cma,78.54,1,4,148.31,45.65,51.99,20.85,51.05,63.64,58.43,27.96,2,emergency,<5_years,high,3,1
V494,cma,98.48,1,5,153.77,47.2,55.86,15.01,58.87,55.31,60.86,37.26,3,hospital_medicine,<5_years,high,4,1
V495,cma,96.05,1,5,149.31,49.37,63.43,19.63,56.72,54.72,62.39,39.34,2,emergency,>=5_years,high,4,1
V496,cma,61.61,1,3,142.93,39.71,49.67,10.92,40.85,63.3,47.82,25.7,3,internal_medicine,<5_years,low,0,1
V497,cma,57.72,1,3,132.28,39.89,49.98,12.35,44.26,63.66,48.73,20.37,2,internal_medicine,<5_years,low,0,1
V498,cma,59.93,1,3,139.15,43.07,47.62,13.2,51.15,71.32,47.82,27.3,1,internal_medicine,>=5_years,low,0,1
V499,cma,59.76,1,3,135.99,43.36,51.88,11.59,48.47,71.39,51.9,24.89,3,critical_care,<5_years,low,2,1
V500,cma,57.64,1,3,149.86,40.12,54.21,10.78,45.62,69.25,42.33,18.52,3,emergency,>=5_years,low,2,1
V501,cma,108.77,1,5,155.65,53.02,63.36,22.09,66.39,56.79,67.64,41.85,2,critical_care,>=5_years,high,4,1
V502,cma,102.54,1,5,138.83,49.31,67.26,14.89,60.6,57.57,61.0,34.52,3,hospital_medicine,<5_years,high,0,1
V503,cma,78.22,1,4,145.15,42.68,52.29,10.4,55.76,65.1,45.63,26.91,1,internal_medicine,>=5_years,high,3,1
V504,cma,58.27,1,3,146.43,41.9,55.96,12.36,43.25,66.2,45.21,28.39,3,hospital_medicine,<5_years,low,0,1
V505,cma,78.58,1,4,146.74,44.05,60.34,14.89,46.97,62.47,47.2,32.43,2,internal_medicine,<5_years,high,3,1
V506,cma,93.61,1,5,148.52,46.73,62.46,15.86,55.61,58.31,57.72,30.43,3,critical_care,<5_years,high,4,1
V507,cma,57.73,1,3,143.95,37.88,44.24,8.3,39.16,68.62,45.02,21.94,3,emergency,<5_years,low,2,1
V508,cma,62.55,1,3,129.72,43.01,55.53,9.72,49.09,68.82,49.78,25.13,2,hospital_medicine,<5_years,low,2,1
V509,cma,97.22,1,5,142.52,47.68,62.27,21.36,58.29,52.09,56.91,35.18,2,internal_medicine,<5_years,high,0,1
V510,cma,62.31,1,3,152.0,39.96,47.93,16.11,47.64,62.02,48.82,17.23,3,emergency,<5_years,low,2,1
V511,cma,59.19,1,3,148.88,38.34,39.67,9.31,44.38,73.96,41.93,20.82,2,emergency,<5_years,low,0,1
V512,cma,105.06,1,5,141.04,52.04,66.4,22.14,67.99,56.57,70.03,29.12,3,critical_care,>=5_years,high,4,1
V513,cma,68.45,1,3,152.0,41.03,49.0,12.22,42.08,64.97,50.49,27.42,3,emergency,>=5_years,low,2,1
V514,cma,199.0,0,5,151.65,67.39,100.0,27.14,91.84,36.0,95.39,53.98,2,internal_medicine,>=5_years,high,4,1
V515,cma,94.07,1,5,135.55,48.31,65.55,20.48,62.79,53.72,64.77,22.57,1,emergency,>=5_years,high,4,1
V516,cma,77.33,1,4,140.52,45.58,59.68,17.62,49.43,67.94,49.72,29.1,1,hospital_medicine,>=5_years,high,3,1
V517,cma,103.79,1,5,146.12,49.29,56.02,14.73,65.97,60.38,69.32,29.3,3,internal_medicine,>=5_years,high,4,1
V518,cma,75.03,1,4,137.56,45.19,49.57,18.46,48.76,70.45,57.25,26.68,1,critical_care,>=5_years,high,3,1
V519,cma,63.44,1,3,152.16,41.97,50.63,19.9,43.07,67.59,50.26,20.38,1,internal_medicine,>=5_years,low,0,1
V520,cma,99.07,1,5,131.59,49.84,62.01,15.86,65.11,55.7,66.49,33.88,2,hospital_medicine,<5_years,high,0,1
V521,cma,201.75,0,5,151.63,67.03,100.0,26.84,89.86,35.53,95.76,54.15,1,emergency,<5_years,high,0,1
V522,cma,101.21,1,5,143.52,48.72,68.49,14.2,56.26,58.87,57.77,36.76,1,critical_care,<5_years,high,4,1
V523,cma,81.6,1,4,144.68,46.01,61.55,18.2,48.42,60.09,58.04,29.77,2,hospital_medicine,>=5_years,high,3,1
V524,cma,60.02,1,3,143.43,39.16,46.24,9.64,41.91,72.6,42.74,21.84,1,emergency,<5_years,low,2,1
V525,cma,103.2,1,5,135.38,48.79,60.28,13.52,70.54,60.29,54.85,33.27,1,emergency,<5_years,high,4,1
V526,cma,103.72,1,5,139.55,49.8,67.93,9.95,54.03,57.68,68.64,40.58,1,internal_medicine,<5_years,high,0,1
V527,cma,80.02,1,4,153.15,48.83,58.94,24.04,56.75,66.0,52.78,34.47,1,hospital_medicine,>=5_years,high,3,1
V528,cma,60.0,1,3,140.76,40.34,47.12,10.22,42.8,64.72,50.28,26.89,2,internal_medicine,<5_years,low,0,1
V529,cma,203.41,0,5,144.26,67.62,92.25,32.25,90.16,35.9,93.64,61.53,3,critical_care,<5_years,high,0,1
V530,cma,61.9,1,3,143.78,42.66,52.59,17.93,42.79,70.42,42.81,29.4,3,hospital_medicine,<5_years,low,2,1
V531,cma,82.17,1,4,147.28,45.57,55.44,18.89,56.46,56.97,54.67,31.0,3,emergency,<5_years,high,0,1
V532,cma,83.03,1,4,140.34,44.02,58.14,16.02,53.48,59.76,47.84,28.88,3,hospital_medicine,>=5_years,high,3,1
V533,cma,86.57,1,4,152.67,46.21,63.27,15.6,56.13,56.9,53.75,31.62,1,internal_medicine,>=5_years,high,3,1
V534,cma,60.15,1,3,146.16,38.07,43.8,21.1,38.29,64.29,38.34,22.59,3,critical_care,<5_years,low,0,1
V535,cma,57.0,1,3,148.29,39.24,43.08,15.5,40.67,76.68,36.44,23.09,1,emergency,>=5_years,low,0,1
V536,cma,100.62,1,5,144.01,49.32,63.57,19.84,60.29,61.95,56.93,33.36,1,emergency,>=5_years,high,4,1
V537,cma,98.92,1,5,144.11,51.35,63.8,13.51,61.85,59.1,66.89,42.98,1,hospital_medicine,<5_years,high,0,1
V538,cma,105.04,1,5,131.1,46.97,59.48,15.75,57.3,58.42,60.66,30.21,1,hospital_medicine,<5_years,high,4,1
V539,cma,60.21,1,3,165.11,40.59,50.1,12.74,42.24,69.86,46.77,21.83,1,critical_care,<5_years,low,2,1
V540,cma,54.36,1,3,132.39,37.57,43.82,7.32,43.15,69.02,37.62,24.51,2,emergency,<5_years,low,2,1
V541,cma,97.59,1,5,150.99,49.78,58.77,19.83,63.98,51.75,64.38,39.97,2,critical_care,>=5_years,high,4,1
V542,cma,60.39,1,3,148.58,39.53,37.43,16.22,42.92,75.19,45.75,19.64,1,critical_care,<5_years,low,0,1
V543,cma,198.01,0,5,157.08,67.31,100.0,24.95,95.83,40.43,92.14,50.51,1,hospital_medicine,>=5_years,high,0,1
V544,cma,96.49,1,5,146.01,46.9,60.09,12.75,64.31,55.48,56.97,31.78,2,internal_medicine,<5_years,high,4,1
V545,cma,62.81,1,3,135.78,42.52,44.38,15.82,46.36,77.7,47.54,23.34,1,emergency,<5_years,low,0,1
V546,cma,96.43,1,5,141.62,48.73,56.04,16.21,59.2,60.33,67.08,33.49,3,emergency,<5_years,high,0,1
V547,cma,84.66,1,4,134.93,44.92,57.32,15.3,45.83,61.7,53.21,36.15,1,emergency,<5_years,high,0,1
V548,cma,83.66,1,4,148.86,45.34,55.68,15.24,60.29,53.41,54.93,32.48,3,internal_medicine,<5_years,high,3,1
V549,cma,53.62,1,3,146.5,40.02,52.27,14.65,34.94,66.26,44.2,27.8,1,critical_care,<5_years,low,0,1
V550,cma,100.69,1,5,137.7,47.13,59.5,25.34,54.44,54.01,62.99,26.51,2,critical_care,>=5_years,high,0,1
V551,cma,60.44,1,3,144.66,40.94,47.99,11.67,42.8,75.99,45.37,21.85,2,emergency,<5_years,low,0,1
V552,cma,64.08,1,3,148.91,42.59,53.85,17.07,43.51,68.45,49.33,23.33,1,emergency,<5_years,low,0,1
V553,cma,56.83,1,3,155.64,37.24,43.24,14.6,37.42,64.33,41.46,22.42,2,critical_care,>=5_years,low,2,1
V554,cma,66.36,1,3,163.36,43.06,56.18,15.23,41.63,65.36,53.67,26.27,3,critical_care,<5_years,low,0,1
V555,cma,109.08,1,5,134.76,52.25,71.17,24.21,61.99,61.6,61.12,33.43,3,critical_care,>=5_years,high,0,1
V556,cma,79.19,1,4,151.92,46.97,55.25,10.66,55.08,72.28,57.16,31.41,2,internal_medicine,<5_years,high,3,1
V557,cma,95.59,1,5,149.17,53.24,62.48,22.47,66.13,68.85,64.65,34.82,2,emergency,<5_years,high,4,1
V558,cma,81.6,1,4,158.79,44.07,56.65,17.99,49.01,58.06,53.41,29.31,1,emergency,<5_years,high,3,1
V559,cma,83.1,1,4,145.69,44.06,56.12,8.58,47.16,63.82,57.05,31.63,3,internal_medicine,<5_years,high,3,1
V560,cma,75.35,1,4,144.94,45.16,55.66,17.94,45.94,69.27,53.48,28.68,3,critical_care,<5_years,high,3,1
V561,cma,62.68,1,3,146.38,39.42,43.09,11.16,47.88,62.98,46.25,25.14,1,internal_medicine,<5_years,low,2,1
V562,cma,74.35,1,4,148.22,44.02,52.98,12.65,50.83,66.2,53.99,27.46,1,hospital_medicine,<5_years,high,0,1
V563,cma,82.24,1,4,144.01,46.8,58.38,20.29,53.75,56.2,58.57,33.58,3,emergency,>=5_years,high,3,1
V564,cma,62.17,1,3,150.29,42.24,49.22,17.95,48.58,65.2,46.45,26.03,3,critical_care,>=5_years,low,0,1
V565,cma,61.59,1,3,140.43,42.72,48.0,9.3,48.32,72.81,54.97,22.94,1,hospital_medicine,<5_years,low,2,1
V566,cma,104.61,1,5,143.1,49.81,71.32,18.77,55.96,56.46,57.85,38.5,2,internal_medicine,>=5_years,high,0,1
V567,cma,85.28,1,4,141.32,49.29,64.28,17.74,48.3,69.59,61.31,34.53,3,hospital_medicine,<5_years,high,3,1
V568,cma,60.68,1,3,150.3,40.45,54.92,2.15,49.12,67.9,48.45,20.17,2,emergency,>=5_years,low,0,1
V569,cma,85.17,1,4,143.86,50.01,61.03,23.55,60.45,61.68,62.71,30.62,2,hospital_medicine,>=5_years,high,0,1
V570,cma,79.3,1,4,149.48,45.37,55.24,18.58,46.64,59.93,56.67,35.18,1,hospital_medicine,>=5_years,high,0,1
V571,cma,55.82,1,3,156.91,38.88,43.33,11.58,46.43,67.91,40.23,23.81,1,hospital_medicine,>=5_years,low,2,1
V572,cma,81.34,1,4,150.19,45.4,54.83,10.5,46.83,70.23,52.7,37.31,3,internal_medicine,<5_years,high,0,1
V573,cma,105.33,1,5,157.63,49.46,68.92,13.66,69.54,50.96,65.03,28.62,3,critical_care,<5_years,high,4,1
V574,cma,56.67,1,3,157.05,39.65,46.64,17.5,38.08,69.37,43.63,22.65,3,critical_care,<5_years,low,0,1
V575,cma,104.14,1,5,145.71,48.42,71.44,18.21,57.82,53.59,63.6,25.84,2,emergency,>=5_years,high,0,1
V576,cma,180.2,0,4,142.98,65.26,99.83,26.53,80.13,45.65,93.41,46.02,3,emergency,>=5_years,high,0,1
V577,cma,99.1,1,5,154.63,46.33,63.04,8.27,50.12,62.23,56.95,37.37,2,hospital_medicine,<5_years,high,0,1
V578,cma,60.35,1,3,144.24,38.32,44.29,11.49,42.66,64.4,43.03,24.02,2,internal_medicine,<5_years,low,2,1
V579,cma,101.12,1,5,139.19,46.94,63.65,14.68,57.13,56.25,57.16,32.76,1,internal_medicine,>=5_years,high,4,1
V580,cma,110.17,1,5,152.98,50.01,75.31,15.9,65.86,43.91,65.39,33.68,1,emergency,<5_years,high,4,1
V581,cma,105.5,1,5,148.27,49.36,72.65,22.27,54.58,58.45,56.31,31.88,3,internal_medicine,<5_years,high,0,1
V582,cma,105.31,1,5,137.07,53.22,65.41,20.94,65.55,61.57,73.17,32.69,1,critical_care,>=5_years,high,4,1
V583,cma,87.1,1,4,148.83,44.9,57.55,14.11,54.47,65.18,51.81,26.28,3,internal_medicine,>=5_years,high,3,1
V584,cma,80.66,1,4,145.71,43.65,59.73,4.91,55.16,63.19,49.3,29.63,3,emergency,>=5_years,high,0,1
V585,cma,87.76,1,4,146.09,48.18,57.54,17.71,58.66,58.98,58.99,37.18,2,hospital_medicine,<5_years,high,3,1
V586,cma,58.92,1,3,147.48,41.72,46.49,10.17,44.03,73.32,47.53,28.79,3,emergency,>=5_years,low,2,1
V587,cma,98.65,1,5,142.14,50.58,65.44,20.05,56.2,60.94,59.89,40.94,3,critical_care,>=5_years,high,4,1
V588,cma,84.72,1,4,150.8,49.05,66.38,20.27,51.45,65.64,60.63,29.93,1,hospital_medicine,<5_years,high,3,1
V589,cma,64.83,1,3,141.26,39.98,47.68,10.67,42.91,57.81,53.8,27.04,3,critical_care,<5_years,low,2,1
V590,cma,104.6,1,5,145.42,48.76,66.78,17.89,56.44,54.54,64.67,32.24,3,hospital_medicine,<5_years,high,4,1
V591,cma,96.08,1,5,156.87,47.63,59.78,17.02,62.77,54.67,62.62,28.94,2,critical_care,<5_years,high,0,1
V592,cma,92.55,1,5,150.24,48.92,65.69,18.81,61.3,55.88,59.53,32.28,2,hospital_medicine,<5_years,high,4,1
V593,cma,60.19,1,3,152.06,42.18,54.3,14.82,43.74,67.62,47.11,25.51,2,hospital_medicine,>=5_years,low,2,1
V594,cma,81.9,1,4,143.75,46.1,51.11,17.68,54.18,60.03,57.01,36.59,3,critical_care,<5_years,high,3,1
V595,cma,102.64,1,5,141.97,50.07,65.6,21.66,59.05,55.86,68.88,29.37,3,internal_medicine,>=5_years,high,4,1
V596,cma,85.69,1,4,138.52,47.18,63.15,21.37,52.71,68.2,53.23,24.43,2,hospital_medicine,>=5_years,high,0,1
V597,cma,187.32,0,4,134.76,65.79,90.13,27.29,90.47,46.25,85.9,54.71,2,critical_care,>=5_years,high,0,1
V598,cma,99.19,1,5,144.38,53.01,71.11,18.19,65.48,63.84,64.55,34.91,3,critical_care,<5_years,high,0,1
V599,cma,83.67,1,4,145.89,47.3,62.41,14.23,53.28,62.94,59.04,31.88,2,hospital_medicine,<5_years,high,3,1
V600,cma,85.9,1,4,148.65,46.12,57.6,9.94,57.09,58.98,57.79,35.34,1,critical_care,<5_years,high,3,1
V601,cma,87.21,1,4,140.0,45.61,62.47,7.97,47.47,60.87,64.37,30.51,3,internal_medicine,>=5_years,high,3,1
V602,cma,86.76,1,4,137.82,44.88,55.96,19.91,53.86,57.75,52.93,28.88,3,internal_medicine,>=5_years,high,0,1
V603,cma,101.77,1,5,151.87,49.95,65.73,17.62,64.22,55.3,55.75,41.05,1,hospital_medicine,>=5_years,high,4,1
V604,cma,86.27,1,4,155.26,48.31,60.37,23.42,48.59,62.04,59.69,35.76,2,hospital_medicine,<5_years,high,0,1
V605,cma,59.97,1,3,147.54,37.14,46.14,14.68,33.22,63.9,41.61,23.29,3,internal_medicine,<5_years,low,2,1
V606,cma,107.54,1,5,143.58,48.05,64.8,16.98,56.7,52.3,59.77,37.78,2,emergency,<5_years,high,4,1
V607,cma,62.11,1,3,136.12,42.79,50.82,14.18,44.26,70.0,46.46,31.01,2,internal_medicine,<5_years,low,2,1
V608,cma,104.29,1,5,149.52,51.35,66.98,14.68,65.74,63.72,64.44,32.55,3,internal_medicine,>=5_years,high,4,1
V609,cma,81.32,1,4,136.65,45.37,55.29,12.57,47.07,72.28,50.31,34.72,1,internal_medicine,<5_years,high,0,1
V610,cma,106.27,1,5,148.12,53.23,70.45,18.91,64.82,57.96,67.68,39.54,1,critical_care,>=5_years,high,4,1
V611,cma,64.58,1,3,154.16,45.22,54.77,18.73,45.46,69.59,53.14,29.65,3,hospital_medicine,<5_years,low,0,1
V612,cma,59.41,1,3,142.31,39.41,48.72,15.08,41.74,64.75,46.69,19.44,2,emergency,<5_years,low,2,1
V613,cma,61.17,1,3,143.51,41.44,57.73,13.35,43.27,65.54,44.2,24.56,1,hospital_medicine,<5_years,low,2,1
V614,cma,100.39,1,5,146.67,46.45,59.59,16.18,59.58,49.68,62.07,31.59,2,emergency,<5_years,high,4,1
V615,cma,59.03,1,3,140.93,40.63,53.8,5.27,46.72,67.09,46.85,24.08,3,internal_medicine,>=5_years,low,2,1
V616,cma,96.53,1,5,136.28,50.38,61.94,19.5,63.7,58.56,58.03,40.55,3,critical_care,>=5_years,high,4,1
V617,cma,60.16,1,3,153.39,39.73,45.48,16.39,40.03,65.11,43.47,27.88,2,emergency,>=5_years,low,2,1
V618,cma,105.64,1,5,145.46,49.98,64.81,19.15,60.72,57.25,65.15,32.79,3,emergency,>=5_years,high,4,1
V619,cma,76.14,1,4,146.63,44.35,50.03,17.94,47.64,62.72,59.16,28.64,1,critical_care,>=5_years,high,0,1
V620,cma,96.75,1,5,147.23,47.77,62.04,11.84,59.2,56.37,65.05,32.09,1,critical_care,<5_years,high,0,1
V621,cma,200.51,0,5,141.25,66.94,98.58,25.63,94.26,34.68,95.67,52.8,2,critical_care,>=5_years,high,0,1
V622,cma,62.64,1,3,147.98,40.38,47.28,10.84,47.06,67.74,41.17,28.16,2,internal_medicine,>=5_years,low,2,1
V623,cma,80.59,1,4,150.16,44.63,61.83,13.1,52.26,63.01,46.36,31.25,1,hospital_medicine,>=5_years,high,3,1
V624,cma,57.57,1,3,146.8,44.14,50.77,17.37,47.51,70.62,50.99,27.57,2,critical_care,>=5_years,low,2,1
V625,cma,80.48,1,4,142.45,45.01,61.98,18.11,50.93,62.3,52.48,24.26,3,critical_care,>=5_years,high,3,1
V626,cma,105.19,1,5,136.53,49.31,66.62,17.15,54.57,61.64,62.81,33.05,1,critical_care,<5_years,high,0,1
V627,cma,79.22,1,4,144.36,42.44,52.34,10.98,47.32,64.77,52.46,26.77,2,internal_medicine,<5_years,high,3,1
V628,cma,83.21,1,4,132.76,47.68,58.64,19.4,53.53,65.43,52.13,36.96,1,hospital_medicine,<5_years,high,0,1
V629,cma,79.24,1,4,153.05,42.54,51.62,20.3,48.95,57.39,45.01,31.98,3,critical_care,>=5_years,high,0,1
V630,cma,62.64,1,3,140.75,38.93,45.66,11.84,37.89,66.58,48.38,23.24,3,emergency,<5_years,low,2,1
V631,cma,58.38,1,3,145.23,42.09,48.43,13.65,48.66,70.05,50.83,20.93,1,internal_medicine,<5_years,low,0,1
V632,cma,59.04,1,3,140.88,41.34,45.27,10.11,50.21,67.01,51.32,24.12,2,hospital_medicine,>=5_years,low,2,1
V633,cma,83.85,1,4,145.38,47.54,60.58,18.84,50.1,65.65,55.4,34.67,1,critical_care,<5_years,high,3,1
V634,cma,81.44,1,4,143.81,43.43,57.76,8.67,51.77,56.79,51.76,33.82,2,critical_care,<5_years,high,0,1
V635,cma,98.08,1,5,147.0,48.42,64.67,14.29,60.67,56.58,60.38,33.94,2,emergency,<5_years,high,0,1
V636,cma,78.59,1,4,126.56,46.9,51.94,17.51,56.2,66.24,60.43,29.08,2,hospital_medicine,<5_years,high,3,1
V637,cma,98.61,1,5,157.5,48.91,62.11,18.03,56.98,55.74,63.43,37.19,3,hospital_medicine,<5_years,high,0,1
V638,cma,64.9,1,3,136.94,41.5,47.16,10.63,50.56,63.18,46.49,30.98,3,emergency,>=5_years,low,2,1
V639,cma,74.75,1,4,139.28,46.28,55.3,23.71,54.64,57.96,53.37,32.68,2,hospital_medicine,<5_years,high,3,1
V640,cma,78.59,1,4,150.04,44.72,58.59,15.49,46.65,63.77,52.01,31.83,2,internal_medicine,>=5_years,high,3,1
V641,cma,78.99,1,4,136.51,46.38,57.47,13.83,55.69,62.74,54.54,34.03,2,emergency,>=5_years,high,3,1
V642,cma,157.79,0,3,143.02,57.0,83.55,20.11,71.56,46.43,75.0,45.36,2,critical_care,>=5_years,low,0,1
V643,cma,60.88,1,3,147.79,44.61,52.17,23.01,43.62,76.77,52.61,19.49,1,critical_care,<5_years,low,0,1
V644,cma,103.2,1,5,149.37,50.04,66.9,18.21,65.54,57.21,59.94,32.42,2,hospital_medicine,>=5_years,high,4,1
V645,cma,107.63,1,5,147.4,51.53,71.73,13.61,68.34,58.13,62.69,34.69,1,hospital_medicine,>=5_years,high,0,1
V646,cma,65.29,1,3,131.75,40.12,50.16,16.23,51.74,56.0,43.49,23.08,2,hospital_medicine,<5_years,low,0,1
V647,cma,104.91,1,5,136.91,49.05,59.54,20.13,58.99,58.23,65.98,31.44,1,emergency,<5_years,high,0,1
V648,cma,104.58,1,5,145.82,52.08,64.82,18.39,68.97,56.55,65.18,38.56,1,internal_medicine,<5_years,high,4,1
V649,cma,80.09,1,4,145.76,46.16,55.19,23.31,50.1,64.41,52.41,31.54,1,emergency,<5_years,high,0,1
V650,cma,58.46,1,3,139.42,38.85,44.59,7.77,44.35,70.37,50.24,15.8,1,emergency,>=5_years,low,0,1
V651,cma,80.29,1,4,155.34,45.63,58.42,16.75,48.11,60.28,58.3,31.92,3,critical_care,>=5_years,high,0,1
V652,cma,60.43,1,3,156.42,40.54,39.84,12.2,51.96,68.31,45.68,25.22,3,critical_care,<5_years,low,0,1
V653,cma,67.34,1,3,144.58,41.88,52.6,13.33,42.63,69.21,47.44,26.09,3,emergency,>=5_years,low,2,1
V654,cma,78.14,1,4,156.47,46.44,54.74,23.41,45.74,72.65,56.79,25.31,1,hospital_medicine,>=5_years,high,0,1
V655,cma,77.95,1,4,147.42,45.06,59.2,24.62,46.97,62.57,49.94,27.05,1,internal_medicine,<5_years,high,0,1
V656,cma,83.85,1,4,154.43,42.17,53.41,17.84,47.53,57.41,49.81,27.05,1,internal_medicine,>=5_years,high,3,1
V657,cma,65.35,1,3,145.02,39.8,46.12,15.48,43.9,67.83,43.9,21.59,3,critical_care,<5_years,low,2,1
V658,cma,62.87,1,3,155.73,39.84,48.69,15.2,46.77,62.35,41.65,24.39,2,critical_care,<5_years,low,2,1
V659,cma,76.94,1,4,135.39,43.55,58.38,9.65,52.39,61.29,53.24,26.34,1,emergency,<5_years,high,3,1
V660,cma,80.72,1,4,142.61,44.4,53.79,20.6,50.84,58.2,53.66,29.31,2,emergency,>=5_years,high,3,1
V661,cma,58.87,1,3,149.29,38.61,47.53,12.11,38.41,63.56,51.57,18.51,1,hospital_medicine,<5_years,low,2,1
V662,cma,82.55,1,4,157.07,46.35,55.47,16.71,49.85,62.87,55.56,37.64,1,critical_care,>=5_years,high,0,1
V663,cma,59.86,1,3,155.19,40.11,42.71,13.78,37.36,75.26,49.2,22.33,2,hospital_medicine,<5_years,low,2,1
V664,cma,81.37,1,4,147.22,47.51,65.43,19.37,53.6,59.71,53.94,33.03,1,emergency,>=5_years,high,0,1
V665,cma,80.6,1,4,140.2,46.05,60.08,16.09,52.79,60.58,55.69,31.06,3,hospital_medicine,<5_years,high,3,1
V666,cma,100.81,1,5,144.0,49.03,63.77,20.33,61.24,54.56,60.54,33.75,2,critical_care,>=5_years,high,0,1
V667,cma,66.35,1,3,148.46,39.12,50.93,13.7,41.68,60.36,44.72,23.31,2,critical_care,<5_years,low,2,1
V668,cma,82.1,1,4,153.61,52.56,60.42,27.99,60.78,72.5,60.3,33.39,3,internal_medicine,>=5_years,high,0,1
V669,cma,77.99,1,4,147.75,45.39,61.51,21.93,48.57,59.06,54.44,26.81,3,hospital_medicine,>=5_years,high,0,1
V670,cma,91.88,1,5,141.7,46.16,62.81,10.89,57.42,54.69,57.46,33.71,2,emergency,>=5_years,high,0,1
V671,cma,60.31,1,3,143.76,39.3,44.78,12.08,41.82,69.94,48.47,18.69,2,internal_medicine,<5_years,low,2,1
V672,cma,107.54,1,5,140.29,49.65,72.41,21.44,60.57,53.48,53.67,36.35,2,internal_medicine,>=5_years,high,0,1
V673,cma,96.04,1,5,152.84,48.41,65.05,17.22,57.86,59.52,58.82,32.01,2,critical_care,>=5_years,high,4,1
V674,cma,76.1,1,4,146.63,45.25,54.48,12.29,50.35,68.97,58.13,27.27,3,internal_medicine,<5_years,high,0,1
V675,cma,103.8,1,5,154.84,48.61,68.95,14.2,58.76,55.69,63.85,30.24,1,internal_medicine,>=5_years,high,0,1
V676,cma,191.49,0,4,149.6,65.75,93.6,27.03,85.68,36.42,94.97,56.82,1,hospital_medicine,<5_years,high,0,1
V677,cma,77.64,1,4,148.85,46.24,55.2,23.9,53.57,63.87,51.62,29.27,3,internal_medicine,<5_years,high,0,1
V678,cma,59.0,1,3,134.08,41.08,48.31,20.7,50.35,70.56,40.31,16.22,2,emergency,<5_years,low,2,1
V679,cma,76.97,1,4,135.2,44.11,55.8,7.06,46.12,64.05,55.13,36.48,1,critical_care,<5_years,high,3,1
V680,cma,82.95,1,4,153.38,46.08,55.21,13.55,55.45,61.83,58.77,31.67,3,critical_care,<5_years,high,3,1
V681,cma,58.64,1,3,154.69,38.82,48.8,6.16,37.58,72.48,45.43,22.48,1,emergency,>=5_years,low,0,1
V682,cma,79.08,1,4,145.77,43.74,50.68,11.18,58.06,58.86,52.24,31.41,1,critical_care,>=5_years,high,3,1
V683,cma,73.01,1,4,156.35,40.85,53.07,14.61,48.96,57.66,49.27,21.53,2,hospital_medicine,<5_years,high,3,1
V684,cma,71.47,1,3,125.28,40.17,51.02,12.71,44.61,62.45,46.33,23.92,3,hospital_medicine,>=5_years,low,0,1
V685,cma,61.79,1,3,124.75,41.98,51.9,13.35,39.52,69.35,53.14,24.61,3,emergency,<5_years,low,2,1
V686,cma,96.25,1,5,149.68,51.75,69.68,22.38,60.46,58.09,67.9,31.99,3,hospital_medicine,<5_years,high,4,1
V687,cma,60.63,1,3,139.67,40.53,43.71,11.55,41.97,76.2,46.6,23.13,3,emergency,>=5_years,low,2,1
V688,cma,80.83,1,4,145.92,44.53,55.31,16.0,45.71,64.48,53.41,32.25,3,emergency,<5_years,high,3,1
V689,cma,82.97,1,4,134.18,43.16,52.72,5.67,42.48,72.76,50.26,35.09,1,internal_medicine,<5_years,high,3,1
V690,cma,58.04,1,3,132.33,37.33,45.62,15.66,34.59,59.74,44.41,23.94,1,hospital_medicine,<5_years,low,2,1
V691,cma,55.79,1,3,163.49,39.59,44.34,18.22,37.98,70.33,41.14,25.51,3,hospital_medicine,<5_years,low,0,1
V692,cma,96.73,1,5,142.96,50.16,67.78,17.6,54.59,58.49,61.56,40.92,1,hospital_medicine,<5_years,high,4,1
V693,cma,82.07,1,4,126.02,45.44,63.13,12.85,52.05,56.85,56.41,31.34,1,hospital_medicine,>=5_years,high,3,1
V694,cma,56.01,1,3,163.71,37.32,50.52,13.43,33.57,69.34,35.85,21.24,3,hospital_medicine,>=5_years,low,2,1
V695,cma,78.8,1,4,145.77,43.81,52.72,20.17,51.38,58.6,59.19,20.78,1,emergency,>=5_years,high,3,1
V696,cma,100.1,1,5,143.81,47.19,72.45,14.43,59.44,47.1,61.54,28.19,2,internal_medicine,<5_years,high,0,1
V697,cma,194.83,0,5,143.12,65.57,92.46,27.69,94.63,32.27,89.17,57.2,2,emergency,<5_years,high,0,1
V698,cma,73.12,1,4,152.57,45.47,57.03,13.95,51.33,58.13,57.62,34.76,1,emergency,<5_years,high,0,1
V699,cma,102.01,1,5,135.06,49.37,67.96,15.35,62.11,48.83,60.67,41.28,1,critical_care,<5_years,high,4,1
V700,cma,85.1,1,4,147.02,45.57,54.96,11.51,54.33,61.53,61.92,29.15,2,critical_care,>=5_years,high,3,1
V701,cma,100.97,1,5,146.16,50.08,62.89,21.25,53.2,60.15,62.72,40.25,3,critical_care,>=5_years,high,4,1
V702,cma,61.59,1,3,164.5,41.76,49.39,16.92,45.68,66.75,44.91,26.9,1,internal_medicine,>=5_years,low,0,1
V703,cma,77.93,1,4,160.03,42.73,59.19,12.25,43.89,65.49,53.82,21.72,3,emergency,>=5_years,high,3,1
V704,cma,60.77,1,3,150.99,37.18,44.76,12.7,39.12,69.07,35.84,21.58,2,emergency,<5_years,low,0,1
V705,cma,59.89,1,3,137.92,41.3,47.52,14.32,39.69,71.4,49.05,25.84,2,critical_care,<5_years,low,2,1
V706,cma,80.96,1,4,142.42,43.13,54.94,12.0,48.94,61.99,52.62,28.28,3,critical_care,>=5_years,high,3,1
V707,cma,58.84,1,3,152.55,40.18,51.56,12.07,42.59,72.2,45.75,16.89,2,critical_care,<5_years,low,2,1
V708,cma,62.24,1,3,156.83,37.89,42.55,7.24,41.41,61.37,47.46,27.31,2,emergency,<5_years,low,2,1
V709,cma,55.34,1,3,133.01,41.17,48.58,16.57,42.12,70.05,45.54,24.13,2,critical_care,>=5_years,low,0,1
V710,cma,87.54,1,4,141.33,42.84,50.32,11.17,51.7,58.48,57.98,27.38,2,hospital_medicine,>=5_years,high,3,1
V711,cma,100.36,1,5,143.29,48.91,55.61,27.07,61.72,57.35,61.94,29.79,1,hospital_medicine,>=5_years,high,0,1
V712,cma,106.7,1,5,149.25,52.24,72.97,24.01,59.29,59.24,62.98,34.95,3,hospital_medicine,>=5_years,high,4,1
V713,cma,57.4,1,3,140.99,41.71,49.17,15.27,45.58,69.53,45.38,25.34,2,emergency,<5_years,low,2,1
V714,cma,75.92,1,4,144.6,44.32,59.08,9.52,52.02,61.57,56.36,27.34,3,hospital_medicine,<5_years,high,3,1
V715,cma,58.08,1,3,141.08,39.53,43.33,11.41,45.36,67.47,40.24,29.35,3,critical_care,>=5_years,low,2,1
V716,cma,63.54,1,3,168.63,42.54,47.93,18.06,44.51,70.24,46.63,27.85,2,internal_medicine,>=5_years,low,2,1
V717,cma,79.95,1,4,151.28,46.3,65.46,20.77,47.64,63.48,50.5,29.92,2,hospital_medicine,<5_years,high,3,1
V718,cma,60.29,1,3,151.17,38.59,46.97,8.94,45.97,61.94,42.8,24.91,1,internal_medicine,>=5_years,low,2,1
V719,cma,77.07,1,4,146.37,40.74,53.29,4.19,50.19,57.55,55.88,23.32,3,hospital_medicine,<5_years,high,0,1
V720,cma,98.81,1,5,152.87,47.84,64.37,13.56,57.0,58.37,59.33,34.42,2,critical_care,<5_years,high,0,1
V721,cma,176.84,0,4,150.25,62.55,93.53,17.29,88.27,46.04,81.63,48.55,3,internal_medicine,<5_years,high,0,1
V722,cma,56.28,1,3,150.31,40.11,45.02,15.97,44.82,74.82,34.96,25.06,3,internal_medicine,<5_years,low,2,1
V723,cma,80.2,1,4,143.15,42.66,66.04,9.47,56.29,53.0,43.6,27.56,2,emergency,<5_years,high,3,1
V724,cma,101.82,1,5,154.15,50.44,61.57,18.22,60.18,57.37,62.72,42.58,2,critical_care,<5_years,high,4,1
V725,cma,69.56,1,3,129.04,42.47,54.91,8.81,45.65,64.76,53.12,27.6,2,critical_care,>=5_years,low,2,1
V726,cma,58.47,1,3,137.72,40.83,48.73,17.95,42.28,61.49,49.21,25.34,3,hospital_medicine,>=5_years,low,0,1
V727,cma,82.44,1,4,146.66,44.51,55.35,12.84,48.55,61.62,54.89,33.83,3,emergency,>=5_years,high,3,1
V728,cma,97.59,1,5,145.75,49.53,62.9,20.24,60.96,53.09,62.26,37.73,3,emergency,<5_years,high,0,1
V729,cma,65.39,1,3,152.09,41.53,52.58,14.11,42.22,66.82,50.09,23.35,3,critical_care,<5_years,low,0,1
V730,cma,84.13,1,4,132.84,45.09,53.52,20.45,50.84,63.9,55.44,26.41,2,internal_medicine,<5_years,high,3,1
V731,cma,99.44,1,5,139.08,52.47,64.16,23.69,65.59,60.31,61.06,40.0,2,hospital_medicine,<5_years,high,0,1
V732,cma,61.7,1,3,149.53,38.89,49.4,8.94,40.72,64.76,46.97,22.57,1,internal_medicine,<5_years,low,2,1
V733,cma,73.91,1,4,135.98,42.69,49.78,11.58,51.81,62.05,51.57,29.33,1,internal_medicine,>=5_years,high,3,1
V734,cma,62.24,1,3,149.57,41.7,47.54,16.71,45.06,63.36,44.55,32.97,1,critical_care,>=5_years,low,0,1
V735,cma,99.68,1,5,150.14,52.05,63.13,18.73,67.11,56.5,69.21,37.62,1,internal_medicine,>=5_years,high,0,1
V736,cma,58.28,1,3,147.05,38.75,42.7,9.89,40.33,68.33,47.51,23.75,2,critical_care,>=5_years,low,2,1
V737,cma,62.2,1,3,161.96,39.92,47.03,12.61,44.19,66.23,41.0,28.49,2,emergency,<5_years,low,0,1
V738,cma,98.59,1,5,144.24,50.74,63.27,23.43,63.72,55.15,63.02,35.88,2,critical_care,<5_years,high,4,1
V739,cma,100.0,1,5,154.59,50.85,71.61,14.94,63.56,55.3,64.55,35.13,1,emergency,<5_years,high,4,1
V740,cma,86.04,1,4,141.24,46.07,60.33,12.74,60.34,58.4,51.89,32.73,3,hospital_medicine,>=5_years,high,3,1
V741,cma,80.58,1,4,148.08,42.7,48.5,13.64,54.62,60.41,48.95,30.1,3,emergency,<5_years,high,3,1
V742,cma,83.49,1,4,145.16,45.63,56.12,10.03,56.87,62.0,54.87,33.88,1,hospital_medicine,<5_years,high,0,1
V743,cma,61.58,1,3,145.36,39.96,46.94,3.33,40.66,66.52,49.32,32.98,2,internal_medicine,<5_years,low,0,1
V744,cma,76.16,1,4,144.19,42.79,50.38,13.21,47.56,66.73,48.61,30.25,3,critical_care,>=5_years,high,3,1
V745,cma,205.62,0,5,144.75,65.98,96.12,25.37,91.19,29.18,93.06,60.97,3,emergency,>=5_years,high,0,1
V746,cma,180.17,0,4,149.45,63.44,92.19,27.82,82.71,39.31,91.89,46.75,1,critical_care,>=5_years,high,0,1
V747,cma,64.19,1,3,162.17,43.28,48.46,18.59,49.42,68.99,46.13,28.1,2,hospital_medicine,<5_years,low,0,1
V748,cma,59.18,1,3,160.08,43.1,44.65,18.75,49.19,70.07,51.22,24.72,2,internal_medicine,>=5_years,low,2,1
V749,cma,91.93,1,5,144.98,47.68,55.55,11.8,61.49,62.45,63.67,31.14,2,critical_care,>=5_years,high,0,1
V750,cma,66.79,1,3,147.2,41.95,52.1,7.25,46.07,67.34,53.13,25.81,3,critical_care,>=5_years,low,0,1
V751,cma,60.92,1,3,148.28,43.72,52.45,18.35,44.14,69.5,48.87,29.03,1,emergency,>=5_years,low,0,1
V752,cma,173.13,0,4,152.4,61.88,83.56,27.88,82.51,45.16,84.81,47.37,2,internal_medicine,>=5_years,high,0,1
V753,cma,61.43,1,3,151.83,37.94,44.5,17.28,40.16,65.34,39.8,20.54,3,critical_care,<5_years,low,2,1
V754,cma,94.56,1,5,151.7,50.03,71.21,17.7,55.08,55.89,59.16,41.15,2,internal_medicine,>=5_years,high,0,1
V755,cma,81.88,1,4,141.82,45.58,54.71,8.36,54.48,68.11,54.02,33.83,3,emergency,>=5_years,high,0,1
V756,cma,107.32,1,5,145.75,49.34,65.62,14.86,60.08,53.02,64.55,37.9,2,hospital_medicine,>=5_years,high,4,1
V757,cma,75.97,1,4,152.36,44.29,54.6,14.45,54.41,65.34,51.29,25.65,3,internal_medicine,>=5_years,high,3,1
V758,cma,60.22,1,3,147.05,39.01,46.2,12.02,40.05,63.41,44.06,28.33,3,hospital_medicine,>=5_years,low,2,1
V759,cma,58.01,1,3,146.39,39.6,45.14,10.85,43.55,71.12,44.61,22.36,1,emergency,<5_years,low,2,1
V760,cma,81.95,1,4,145.26,46.35,50.68,17.74,55.1,63.71,58.53,32.33,3,hospital_medicine,>=5_years,high,3,1
V761,cma,103.65,1,5,140.16,49.18,63.95,12.25,63.14,57.02,65.76,32.96,1,hospital_medicine,>=5_years,high,4,1
V762,cma,61.5,1,3,159.87,42.43,49.62,15.57,44.48,68.99,43.82,32.14,3,critical_care,<5_years,low,0,1
V763,cma,82.82,1,4,157.6,44.07,56.58,12.35,50.19,61.34,51.69,32.24,1,emergency,<5_years,high,3,1
V764,cma,105.06,1,5,146.95,47.82,65.45,18.2,59.44,59.39,52.13,32.34,2,critical_care,>=5_years,high,0,1
V765,cma,58.03,1,3,130.3,39.66,43.98,15.35,43.79,67.02,43.49,24.32,2,hospital_medicine,<5_years,low,2,1
V766,cma,97.46,1,5,147.49,50.34,67.66,19.69,52.01,66.51,63.15,33.0,2,internal_medicine,>=5_years,high,0,1
V767,cma,88.43,1,4,147.85,46.59,55.11,19.19,59.16,64.32,53.63,28.12,2,internal_medicine,<5_years,high,3,1
V768,cma,80.75,1,4,148.74,43.78,58.48,14.52,50.85,60.12,49.69,29.03,3,critical_care,>=5_years,high,0,1
V769,cma,85.79,1,4,154.78,46.83,60.88,7.58,57.09,69.49,52.89,33.08,2,critical_care,>=5_years,high,0,1
V770,cma,100.69,1,5,142.32,51.15,66.14,16.08,63.94,64.17,58.56,38.04,3,internal_medicine,<5_years,high,0,1
V771,cma,99.49,1,5,145.18,51.82,70.56,22.72,60.93,53.79,64.74,38.19,3,hospital_medicine,>=5_years,high,4,1
V772,cma,77.4,1,4,150.95,45.58,55.64,12.94,46.5,64.55,58.09,35.75,2,critical_care,>=5_years,high,0,1
V773,cma,85.42,1,4,148.82,46.79,55.37,14.5,55.9,64.19,59.89,30.9,2,hospital_medicine,<5_years,high,3,1
V774,cma,81.6,1,4,152.93,42.69,56.7,7.88,46.91,57.25,53.87,33.5,2,internal_medicine,<5_years,high,0,1
V775,cma,81.75,1,4,152.99,45.53,58.0,17.41,56.23,59.5,55.51,26.54,3,internal_medicine,>=5_years,high,0,1
V776,cma,56.62,1,3,146.04,39.35,50.01,17.68,41.58,65.33,43.21,18.28,2,critical_care,<5_years,low,0,1
V777,cma,82.72,1,4,144.67,46.74,63.2,12.79,55.89,65.1,53.38,30.07,1,internal_medicine,<5_years,high,0,1
V778,cma,61.42,1,3,157.16,37.66,41.7,14.06,44.77,69.21,42.06,14.17,1,hospital_medicine,<5_years,low,2,1
V779,cma,57.72,1,3,134.88,37.81,40.36,7.14,44.76,66.47,44.96,23.17,3,hospital_medicine,>=5_years,low,2,1
V780,cma,54.48,1,3,155.87,41.88,48.54,19.55,39.97,70.77,47.83,24.59,3,critical_care,<5_years,low,2,1
V781,cma,105.92,1,5,139.31,53.55,68.04,26.47,58.32,67.4,66.36,34.74,3,hospital_medicine,>=5_years,high,0,1
V782,cma,102.04,1,5,155.35,51.01,66.72,20.07,62.05,55.22,64.54,37.44,2,internal_medicine,<5_years,high,4,1
V783,cma,96.32,1,5,151.59,48.37,57.02,16.88,61.12,60.26,59.18,35.74,3,internal_medicine,<5_years,high,4,1
V784,cma,58.01,1,3,134.4,41.05,46.93,17.57,47.16,66.42,44.56,23.66,3,critical_care,<5_years,low,0,1
V785,cma,99.54,1,5,148.55,49.09,58.84,14.83,66.33,56.37,61.88,36.27,2,emergency,<5_years,high,4,1
V786,cma,90.83,1,5,145.91,46.6,62.5,21.62,52.74,55.24,60.52,26.96,1,hospital_medicine,>=5_years,high,4,1
V787,cma,57.71,1,3,144.35,39.69,43.5,13.9,44.66,66.19,40.33,29.55,2,critical_care,<5_years,low,2,1
V788,cma,93.18,1,5,134.66,44.92,58.29,12.9,51.88,56.93,58.34,31.2,1,internal_medicine,<5_years,high,4,1
V789,cma,96.69,1,5,139.79,46.69,55.56,20.32,52.8,53.15,63.69,34.62,2,critical_care,>=5_years,high,4,1
V790,cma,95.17,1,5,136.66,48.17,59.16,16.36,57.05,55.49,58.46,42.48,3,hospital_medicine,<5_years,high,4,1
V791,cma,80.55,1,4,144.15,46.55,55.25,19.53,55.89,58.9,54.2,35.51,3,critical_care,<5_years,high,0,1
V792,cma,64.64,1,3,153.09,41.82,49.57,15.12,44.55,66.32,46.78,28.6,2,critical_care,<5_years,low,2,1
V793,cma,92.45,1,4,167.71,42.93,62.25,11.45,52.81,48.08,51.42,31.59,3,hospital_medicine,>=5_years,high,3,1
V794,cma,59.76,1,3,148.62,40.46,45.75,14.74,44.05,60.84,51.21,26.16,3,emergency,<5_years,low,2,1
V795,cma,101.97,1,5,145.05,53.03,65.93,23.34,59.48,58.61,65.87,44.96,3,emergency,<5_years,high,4,1
V796,cma,100.66,1,5,145.52,52.5,66.92,22.29,63.52,61.42,63.86,37.01,1,critical_care,<5_years,high,0,1
V797,cma,200.87,0,5,152.44,65.05,91.14,24.48,89.67,34.82,97.27,52.93,1,emergency,<5_years,high,0,1
V798,cma,79.21,1,4,143.72,44.11,60.86,14.21,50.53,61.61,46.92,30.53,2,critical_care,>=5_years,high,0,1
V799,cma,96.58,1,5,152.31,50.25,66.09,15.98,63.04,59.33,63.46,33.6,3,critical_care,>=5_years,high,4,1
V800,cma,82.72,1,4,148.95,46.44,57.51,10.76,55.5,68.81,51.12,34.93,3,internal_medicine,>=5_years,high,3,1
V801,cma,100.03,1,5,148.32,51.04,63.08,19.5,62.83,58.74,61.02,41.1,2,hospital_medicine,<5_years,high,4,1
V802,cma,100.49,1,5,144.38,48.86,67.1,20.97,54.32,50.19,69.97,30.61,2,internal_medicine,<5_years,high,0,1
V803,cma,105.42,1,5,144.76,50.61,63.94,16.35,65.05,57.0,61.42,39.87,2,hospital_medicine,<5_years,high,4,1
V804,cma,61.2,1,3,146.61,40.12,46.13,10.89,46.06,69.47,43.84,24.35,2,hospital_medicine,<5_years,low,0,1
V805,cma,94.66,1,5,149.87,48.08,64.14,17.35,53.89,63.01,60.3,29.79,3,emergency,<5_years,high,4,1
V806,cma,54.81,1,3,142.41,39.96,46.03,10.52,41.19,73.42,47.56,21.01,3,hospital_medicine,<5_years,low,2,1
V807,cma,93.5,1,5,161.07,44.34,58.14,13.69,54.88,51.55,57.92,29.83,3,internal_medicine,>=5_years,high,4,1
V808,cma,73.45,1,4,137.37,44.53,49.09,12.21,51.34,67.39,54.77,32.4,1,internal_medicine,<5_years,high,3,1
V809,cma,101.97,1,5,142.0,49.67,63.64,16.38,59.93,56.14,63.91,37.99,1,emergency,<5_years,high,0,1
V810,cma,181.09,0,4,142.42,66.0,91.77,23.33,88.89,51.3,91.32,49.42,2,hospital_medicine,<5_years,high,3,1
V811,cma,103.69,1,5,155.88,49.12,67.65,15.56,57.76,54.82,60.04,38.87,1,critical_care,>=5_years,high,0,1
V812,cma,61.41,1,3,152.53,42.1,47.97,11.64,48.38,67.31,50.16,27.12,2,hospital_medicine,>=5_years,low,2,1
V813,cma,63.95,1,3,145.75,43.05,56.1,17.39,41.82,71.75,44.7,26.56,3,emergency,>=5_years,low,2,1
V814,cma,85.7,1,4,137.41,44.21,49.28,16.8,58.97,57.64,53.89,28.68,2,hospital_medicine,>=5_years,high,3,1
V815,cma,60.36,1,3,136.69,38.55,47.64,8.76,33.2,71.89,44.28,25.55,1,critical_care,>=5_years,low,2,1
V816,cma,99.34,1,5,143.89,48.83,65.87,18.94,60.81,52.5,54.55,40.31,1,emergency,>=5_years,high,4,1
V817,cma,84.4,1,4,145.46,46.53,57.31,17.97,59.42,64.31,52.9,27.26,2,critical_care,>=5_years,high,3,1
V818,cma,56.01,1,3,141.57,43.73,47.57,19.26,49.05,73.96,45.66,26.87,3,critical_care,<5_years,low,2,1
V819,cma,98.98,1,5,145.71,51.03,64.81,23.4,63.5,54.85,65.28,34.31,2,emergency,<5_years,high,0,1
V820,cma,61.39,1,3,143.39,41.18,50.92,14.53,42.17,71.03,47.51,20.89,1,hospital_medicine,>=5_years,low,0,1
V821,cma,170.39,0,4,150.69,61.93,85.51,26.94,82.81,44.53,85.75,46.01,1,hospital_medicine,>=5_years,high,0,1
V822,cma,80.83,1,4,142.5,46.05,55.57,18.46,64.66,59.87,52.71,25.02,3,emergency,<5_years,high,3,1
V823,cma,61.29,1,3,157.43,42.62,52.93,13.29,47.87,71.26,46.68,23.68,1,hospital_medicine,>=5_years,low,2,1
V824,cma,101.3,1,5,134.5,51.16,72.76,17.63,59.04,58.47,67.17,31.87,3,hospital_medicine,<5_years,high,4,1
V825,cma,82.44,1,4,168.75,45.25,47.81,15.53,53.21,63.49,56.49,34.99,3,emergency,<5_years,high,3,1
V826,cma,62.18,1,3,157.62,41.86,50.61,12.56,50.09,63.2,46.88,27.83,1,emergency,<5_years,low,0,1
V827,cma,57.17,1,3,139.44,39.0,50.15,14.0,39.82,66.43,41.46,22.11,1,critical_care,<5_years,low,2,1
V828,cma,64.17,1,3,155.16,38.64,49.62,7.89,45.23,65.29,44.95,18.88,2,emergency,>=5_years,low,0,1
V829,cma,58.99,1,3,156.09,39.15,40.52,14.92,45.73,66.62,45.25,21.87,3,emergency,<5_years,low,0,1
V830,cma,95.66,1,5,144.05,48.99,66.25,19.49,51.19,61.31,57.33,38.37,1,critical_care,<5_years,high,4,1
V831,cma,79.76,1,4,148.25,48.92,54.84,24.6,56.44,74.79,53.4,29.45,2,internal_medicine,<5_years,high,0,1
V832,cma,98.38,1,5,141.61,52.37,62.53,21.92,63.31,64.4,66.93,35.13,1,critical_care,>=5_years,high,4,1
V833,cma,66.69,1,3,148.88,41.67,57.96,9.92,38.56,74.44,48.81,20.32,1,emergency,<5_years,low,2,1
V834,cma,108.02,1,5,141.82,50.29,66.89,15.38,61.79,55.18,63.61,38.88,2,emergency,>=5_years,high,0,1
V835,cma,95.99,1,5,142.06,48.04,66.81,19.2,59.82,50.52,54.17,37.74,2,emergency,>=5_years,high,0,1
V836,cma,100.29,1,5,142.92,49.73,64.04,18.68,57.81,60.75,61.14,35.97,1,hospital_medicine,<5_years,high,4,1
V837,cma,64.2,1,3,158.22,42.0,50.36,10.96,43.24,65.42,48.9,33.09,3,emergency,>=5_years,low,0,1
V838,cma,60.38,1,3,170.15,40.35,41.16,15.78,44.84,72.99,42.51,24.81,1,critical_care,>=5_years,low,2,1
V839,cma,76.18,1,4,150.61,46.17,56.0,10.88,49.39,70.65,57.41,32.67,3,hospital_medicine,<5_years,high,3,1
V840,cma,59.82,1,3,140.35,39.93,47.9,13.36,42.05,66.37,43.01,26.85,1,internal_medicine,<5_years,low,2,1
V841,cma,84.48,1,4,159.57,45.31,55.47,10.43,54.92,63.29,59.43,28.35,2,hospital_medicine,<5_years,high,3,1
V842,cma,56.0,1,3,137.96,41.58,45.08,11.24,48.07,77.66,39.46,27.97,3,emergency,<5_years,low,0,1
V843,cma,89.59,1,4,153.48,47.72,60.5,18.27,52.73,64.56,55.52,34.73,3,hospital_medicine,>=5_years,high,0,1
V844,cma,55.65,1,3,136.52,41.65,52.55,11.54,43.86,68.0,43.15,30.79,3,hospital_medicine,>=5_years,low,2,1
V845,cma,96.29,1,5,153.03,49.69,66.67,20.57,54.38,53.1,60.45,42.94,1,critical_care,>=5_years,high,0,1
V846,cma,103.39,1,5,142.8,52.93,70.65,19.97,68.12,59.42,59.34,40.1,1,hospital_medicine,<5_years,high,0,1
V847,cma,106.58,1,5,141.65,51.33,72.11,21.86,58.39,47.19,71.86,36.58,2,emergency,<5_years,high,0,1
V848,cma,54.03,1,3,138.25,37.88,47.36,17.83,34.7,64.32,45.56,17.51,1,critical_care,>=5_years,low,2,1
V849,cma,78.04,1,4,139.06,45.09,56.94,13.65,49.96,63.58,56.4,29.98,1,emergency,<5_years,high,0,1
V850,cma,106.48,1,5,139.18,51.88,68.75,21.7,63.78,58.14,63.75,35.15,3,internal_medicine,<5_years,high,0,1
V851,cma,100.98,1,5,147.2,50.4,72.17,18.62,56.06,54.62,67.04,33.9,2,internal_medicine,<5_years,high,0,1
V852,cma,55.15,1,3,145.7,38.47,43.28,12.22,43.94,71.07,42.09,18.22,1,internal_medicine,<5_years,low,0,1
V853,cma,58.77,1,3,157.92,39.82,48.84,7.77,48.49,72.66,41.59,19.54,3,emergency,<5_years,low,2,1
V854,cma,80.24,1,4,139.13,43.04,54.42,11.63,48.85,64.27,50.03,29.03,1,hospital_medicine,>=5_years,high,0,1
V855,cma,84.56,1,4,154.19,45.83,57.89,10.18,50.21,65.67,59.9,31.1,2,critical_care,>=5_years,high,0,1
V856,cma,78.72,1,4,144.27,42.84,52.05,7.99,51.0,61.86,55.47,28.69,1,critical_care,>=5_years,high,3,1
V857,cma,58.72,1,3,144.07,40.55,42.06,13.57,46.31,72.81,43.68,24.84,3,hospital_medicine,<5_years,low,2,1
V858,cma,82.32,1,4,145.71,44.94,63.6,12.28,49.36,54.01,52.99,37.41,3,internal_medicine,<5_years,high,3,1
V859,cma,56.02,1,3,148.38,39.27,40.76,11.92,44.34,68.18,45.66,24.74,3,critical_care,<5_years,low,2,1
V860,cma,99.35,1,5,141.26,51.59,66.13,22.61,61.45,60.23,58.9,40.2,2,internal_medicine,>=5_years,high,4,1
V861,cma,77.96,1,4,158.73,46.71,49.99,17.14,49.34,69.34,54.01,40.46,2,internal_medicine,<5_years,high,3,1
V862,cma,84.23,1,4,134.14,48.95,60.18,20.03,66.36,60.87,55.34,30.89,1,emergency,<5_years,high,0,1
V863,cma,65.64,1,3,138.36,44.6,49.66,17.56,44.88,68.6,54.83,32.04,1,emergency,<5_years,low,2,1
V864,cma,102.8,1,5,153.83,50.83,58.72,20.83,57.95,65.29,57.35,44.86,2,hospital_medicine,>=5_years,high,0,1
V865,cma,109.68,1,5,142.08,51.68,70.14,15.92,71.73,58.6,62.4,31.3,1,critical_care,>=5_years,high,4,1
V866,cma,102.56,1,5,146.17,51.1,65.09,17.59,62.13,64.76,63.68,33.36,3,emergency,<5_years,high,0,1
V867,cma,84.77,1,4,143.46,47.75,63.0,17.78,57.54,63.42,51.43,33.35,3,hospital_medicine,<5_years,high,3,1
V868,cma,80.33,1,4,138.94,44.59,54.52,15.64,48.07,69.48,53.88,25.95,3,critical_care,>=5_years,high,0,1
V869,cma,81.81,1,4,141.68,47.63,56.3,17.56,57.0,67.68,58.84,28.39,2,emergency,>=5_years,high,0,1
V870,cma,97.9,1,5,150.83,51.13,67.99,21.28,57.44,61.41,60.86,37.81,2,internal_medicine,<5_years,high,0,1
V871,cma,75.27,1,4,142.02,44.09,55.04,15.12,45.97,66.99,52.96,28.43,2,hospital_medicine,>=5_years,high,3,1
V872,cma,109.93,1,5,137.52,50.44,69.34,10.41,60.88,61.95,60.55,39.51,3,emergency,<5_years,high,0,1
V873,cma,77.21,1,4,143.28,43.91,55.84,17.79,56.79,58.66,47.68,26.7,3,critical_care,<5_years,high,3,1
V874,cma,106.62,1,5,153.22,48.56,60.07,14.94,63.42,53.58,60.73,38.6,2,hospital_medicine,>=5_years,high,0,1
V875,cma,57.72,1,3,149.48,39.36,45.59,6.06,42.94,69.96,46.54,25.06,2,hospital_medicine,<5_years,low,0,1
V876,cma,58.12,1,3,153.24,41.68,46.65,14.27,45.17,69.24,49.03,25.75,1,critical_care,<5_years,low,0,1
V877,cma,84.39,1,4,155.9,46.58,58.74,15.56,53.9,63.97,56.99,30.34,2,internal_medicine,<5_years,high,0,1
V878,cma,96.11,1,5,138.13,47.44,58.66,20.7,58.77,52.95,60.23,33.34,3,hospital_medicine,>=5_years,high,4,1
V879,cma,98.73,1,5,143.77,49.78,66.45,26.97,57.41,51.18,57.9,38.8,1,emergency,>=5_years,high,4,1
V880,cma,76.55,1,4,155.75,45.01,59.63,14.29,51.07,59.05,56.02,29.98,3,internal_medicine,>=5_years,high,3,1
V881,cma,76.16,1,4,136.04,44.82,55.05,18.24,55.29,60.27,51.28,28.79,2,emergency,<5_years,high,0,1
V882,cma,57.42,1,3,154.72,40.39,41.32,9.86,50.55,69.22,44.84,26.53,1,critical_care,<5_years,low,2,1
V883,cma,59.31,1,3,151.74,39.47,48.57,6.77,44.56,73.04,44.44,19.41,1,critical_care,>=5_years,low,2,1
V884,cma,61.93,1,3,139.42,42.11,49.36,12.68,48.66,69.88,45.1,27.0,2,critical_care,>=5_years,low,0,1
V885,cma,101.27,1,5,140.8,50.55,70.37,18.59,63.28,59.45,62.96,28.67,2,critical_care,<5_years,high,4,1
V886,cma,53.6,1,3,157.19,39.23,40.56,11.94,45.45,71.3,42.81,23.33,2,internal_medicine,>=5_years,low,2,1
V887,cma,78.41,1,4,137.31,43.49,48.98,19.3,46.93,66.4,57.57,21.78,1,internal_medicine,<5_years,high,3,1
V888,cma,78.63,1,4,137.43,44.74,56.07,17.2,47.75,65.85,52.45,29.1,1,internal_medicine,>=5_years,high,3,1
V889,cma,80.6,1,4,152.16,44.98,56.34,16.69,48.94,66.42,56.95,24.55,1,internal_medicine,>=5_years,high,3,1
V890,cma,101.07,1,5,137.32,49.66,67.26,17.96,62.56,51.0,62.01,37.18,3,internal_medicine,>=5_years,high,4,1
V891,cma,105.18,1,5,153.87,51.37,68.43,15.05,62.02,59.27,69.83,33.59,1,internal_medicine,<5_years,high,0,1
V892,cma,85.37,1,4,143.38,46.5,55.6,18.5,51.05,62.16,57.75,33.96,3,emergency,<5_years,high,3,1
V893,cma,78.12,1,4,136.92,44.43,54.72,15.3,54.69,66.07,46.48,29.32,1,emergency,<5_years,high,3,1
V894,cma,61.81,1,3,144.32,39.98,47.73,12.23,43.04,66.09,47.2,23.58,2,hospital_medicine,>=5_years,low,2,1
V895,cma,105.57,1,5,149.58,49.89,70.8,20.77,60.35,48.66,63.42,35.36,1,emergency,<5_years,high,4,1
V896,cma,99.69,1,5,163.48,48.38,62.98,16.79,56.93,55.41,59.31,38.88,1,internal_medicine,>=5_years,high,0,1
V897,cma,101.24,1,5,148.77,48.38,68.79,13.56,61.25,47.38,62.96,36.37,3,emergency,>=5_years,high,0,1
V898,cma,75.84,1,4,147.73,42.31,57.38,10.33,45.16,64.05,56.84,20.07,1,emergency,>=5_years,high,0,1
V899,cma,81.47,1,4,147.07,43.07,58.05,12.22,47.5,51.37,55.85,33.41,1,internal_medicine,<5_years,high,3,1
V900,cma,97.49,1,5,146.2,50.13,72.6,21.39,56.2,54.24,59.7,36.66,1,emergency,<5_years,high,4,1
V901,cma,96.01,1,5,146.79,46.61,59.26,11.08,57.22,63.98,55.3,32.83,3,internal_medicine,>=5_years,high,4,1
V902,cma,101.53,1,5,147.97,48.91,67.33,19.95,58.39,52.4,56.76,38.62,2,critical_care,<5_years,high,0,1
V903,cma,103.55,1,5,136.85,49.63,67.22,17.24,57.71,60.16,55.84,39.6,3,internal_medicine,<5_years,high,4,1
V904,cma,95.53,1,5,136.83,49.59,64.81,15.97,58.83,58.75,67.57,31.6,3,internal_medicine,>=5_years,high,0,1
V905,cma,108.56,1,5,138.77,50.97,70.83,19.33,61.53,52.24,65.33,36.54,3,internal_medicine,<5_years,high,4,1
V906,cma,63.66,1,3,127.18,42.62,53.07,15.2,39.56,75.46,45.7,26.76,1,emergency,>=5_years,low,2,1
V907,cma,75.24,1,4,143.56,44.01,55.2,12.75,51.07,68.55,45.35,31.16,1,internal_medicine,<5_years,high,3,1
V908,cma,81.55,1,4,151.23,45.5,61.68,16.24,57.35,61.1,48.98,27.64,2,emergency,<5_years,high,3,1
V909,cma,100.7,1,5,154.62,51.07,62.07,18.8,64.38,62.95,60.92,37.29,2,hospital_medicine,>=5_years,high,0,1
V910,cma,62.05,1,3,151.79,41.8,46.03,16.79,46.22,68.77,49.72,23.28,1,critical_care,>=5_years,low,2,1
V911,cma,89.22,1,4,146.23,47.14,56.61,15.58,55.59,61.49,61.15,32.41,3,emergency,<5_years,high,0,1
V912,cma,78.48,1,4,161.17,45.81,56.55,15.5,52.56,59.58,61.19,29.5,1,emergency,>=5_years,high,3,1
V913,cma,110.22,1,5,145.45,49.09,71.4,12.04,63.0,53.55,62.76,31.77,1,hospital_medicine,<5_years,high,4,1
V914,cma,204.14,0,5,150.92,61.71,92.54,22.24,86.42,29.77,89.4,49.9,3,emergency,>=5_years,high,4,1
V915,cma,59.52,1,3,145.31,40.29,44.65,15.66,42.48,65.18,45.47,28.3,2,emergency,<5_years,low,2,1
V916,cma,63.28,1,3,146.71,38.7,40.11,17.45,38.5,62.83,49.24,24.1,1,internal_medicine,<5_years,low,2,1
V917,cma,80.04,1,4,145.02,46.13,54.48,21.22,52.0,63.03,55.09,30.92,1,internal_medicine,>=5_years,high,3,1
V918,cma,103.46,1,5,140.24,50.22,70.29,17.22,67.34,50.07,62.66,33.74,2,internal_medicine,<5_years,high,4,1
V919,cma,97.52,1,5,153.09,48.11,59.14,11.02,62.35,57.92,61.14,37.06,2,hospital_medicine,>=5_years,high,0,1
V920,cma,66.38,1,3,140.57,39.96,53.22,9.86,43.64,67.61,44.54,20.86,1,critical_care,>=5_years,low,0,1
V921,cma,82.42,1,4,155.72,44.93,56.79,13.98,45.93,71.06,58.94,22.91,1,emergency,>=5_years,high,0,1
V922,cma,79.45,1,4,138.59,46.27,53.89,23.32,48.82,61.23,58.22,32.16,2,internal_medicine,<5_years,high,3,1
V923,cma,104.56,1,5,158.98,50.31,59.74,15.77,59.06,52.57,73.45,41.26,2,hospital_medicine,<5_years,high,4,1
V924,cma,93.68,1,5,140.98,47.94,67.25,15.03,58.06,51.13,58.25,37.9,3,internal_medicine,>=5_years,high,4,1
V925,cma,105.39,1,5,151.71,51.59,69.11,12.86,68.77,56.0,68.7,34.1,2,critical_care,>=5_years,high,4,1
V926,cma,98.54,1,5,131.81,49.38,61.34,12.71,63.79,59.82,62.85,35.77,1,critical_care,<5_years,high,0,1
V927,cma,59.74,1,3,146.94,41.05,42.38,21.48,43.67,70.59,38.6,29.59,3,emergency,>=5_years,low,2,1
V928,cma,78.07,1,4,145.17,45.15,60.45,13.77,53.21,63.8,50.52,29.17,3,critical_care,>=5_years,high,0,1
V929,cma,208.72,0,5,144.72,68.22,100.0,24.66,91.46,37.65,98.64,56.9,1,emergency,>=5_years,high,0,1
V930,cma,83.99,1,4,163.34,47.09,54.42,16.3,57.57,63.97,62.6,27.68,1,critical_care,>=5_years,high,3,1
V931,cma,99.14,1,5,149.06,50.86,65.22,13.81,55.97,60.12,67.95,42.11,3,emergency,<5_years,high,0,1
V932,cma,76.63,1,4,154.46,43.48,55.51,15.3,52.85,61.21,50.04,25.94,3,internal_medicine,<5_years,high,3,1
V933,cma,78.9,1,4,146.05,44.81,55.4,13.39,46.57,61.98,58.65,32.9,2,critical_care,<5_years,high,3,1
V934,cma,87.64,1,4,144.15,46.46,59.51,18.2,53.55,62.71,55.57,29.23,1,emergency,<5_years,high,0,1
V935,cma,102.64,1,5,153.32,49.48,64.72,21.17,58.17,54.71,60.37,37.74,2,emergency,<5_years,high,0,1
V936,cma,64.31,1,3,146.2,42.36,46.47,12.31,41.18,71.51,53.25,29.46,2,critical_care,<5_years,low,2,1
V937,cma,65.14,1,3,137.76,40.73,50.0,13.67,42.74,62.37,47.17,28.43,3,emergency,<5_years,low,0,1
V938,cma,62.84,1,3,159.77,37.69,47.88,13.73,38.57,62.64,43.35,19.98,2,emergency,>=5_years,low,2,1
V939,cma,95.83,1,5,155.09,48.48,63.01,19.5,61.82,59.44,57.06,30.03,2,critical_care,<5_years,high,4,1
V940,cma,57.78,1,3,145.16,42.42,46.9,15.12,41.83,72.07,49.16,29.47,2,emergency,<5_years,low,2,1
V941,cma,59.15,1,3,141.34,39.42,51.58,6.13,45.46,62.95,45.3,25.12,2,critical_care,<5_years,low,2,1
V942,cma,58.95,1,3,161.69,42.66,48.38,12.45,46.36,73.37,53.62,21.81,2,hospital_medicine,<5_years,low,0,1
V943,cma,59.84,1,3,152.4,45.84,51.99,20.01,42.8,75.7,52.63,31.94,2,critical_care,<5_years,low,0,1
V944,cma,104.87,1,5,141.32,51.09,63.83,23.04,56.5,60.37,70.81,31.96,2,emergency,<5_years,high,4,1
V945,cma,193.81,0,5,148.69,67.15,95.92,22.97,89.91,45.69,93.15,55.26,1,emergency,<5_years,high,0,1
V946,cma,110.51,1,5,147.1,50.27,66.68,18.29,66.68,51.46,68.11,30.42,2,internal_medicine,>=5_years,high,0,1
V947,cma,80.67,1,4,140.5,45.63,57.91,17.39,48.21,69.59,49.3,31.37,2,internal_medicine,>=5_years,high,0,1
V948,cma,99.97,1,5,153.83,52.56,66.41,20.0,61.17,58.99,61.72,47.06,3,emergency,<5_years,high,4,1
V949,cma,59.36,1,3,152.7,40.67,46.91,15.13,39.65,67.06,49.32,25.92,1,emergency,<5_years,low,0,1
V950,cma,75.53,1,4,141.15,44.34,49.32,16.21,48.79,66.65,50.86,34.18,3,emergency,<5_years,high,0,1
V951,cma,104.7,1,5,143.12,51.52,69.08,15.49,59.34,59.28,67.86,38.06,2,critical_care,<5_years,high,0,1
V952,cma,59.03,1,3,161.91,43.42,52.18,11.3,46.26,68.38,48.59,33.84,1,emergency,>=5_years,low,0,1
V953,cma,103.43,1,5,148.0,52.12,63.71,25.01,59.39,54.72,68.25,41.65,3,emergency,<5_years,high,4,1
V954,cma,100.51,1,5,143.58,49.69,63.31,18.3,55.88,60.43,61.94,38.29,2,hospital_medicine,<5_years,high,0,1
V955,cma,61.04,1,3,146.44,39.46,45.3,12.03,44.13,63.78,42.55,28.97,3,emergency,<5_years,low,0,1
V956,cma,106.26,1,5,151.07,52.48,64.61,23.5,64.67,53.9,69.24,38.98,1,hospital_medicine,>=5_years,high,4,1
V957,cma,182.87,0,4,148.65,64.09,93.78,20.13,80.17,47.0,89.82,53.62,2,hospital_medicine,>=5_years,high,3,1
V958,cma,81.11,1,4,138.92,44.28,54.91,11.42,56.18,58.89,54.33,29.96,1,internal_medicine,<5_years,high,3,1
V959,cma,64.69,1,3,140.02,40.39,46.7,13.41,43.15,65.41,50.67,23.01,1,emergency,<5_years,low,2,1
V960,cma,60.94,1,3,142.58,40.33,53.61,14.38,41.19,67.64,43.49,21.66,2,critical_care,>=5_years,low,2,1
V961,cma,81.69,1,4,153.25,41.93,51.52,10.27,48.36,56.55,56.21,28.64,3,internal_medicine,<5_years,high,3,1
V962,cma,76.91,1,4,144.66,44.18,60.09,15.45,52.45,68.39,49.58,19.12,3,emergency,>=5_years,high,0,1
V963,cma,82.63,1,4,142.45,45.11,53.74,20.77,51.1,61.59,55.89,27.55,3,emergency,<5_years,high,3,1
V964,cma,85.01,1,4,157.09,48.27,66.6,22.81,54.07,57.81,57.09,31.25,2,emergency,<5_years,high,0,1
V965,cma,100.35,1,5,152.33,48.38,64.04,13.66,56.16,61.16,63.38,31.9,1,internal_medicine,>=5_years,high,4,1
V966,cma,101.11,1,5,139.07,51.9,70.1,21.34,60.73,64.44,64.45,30.32,2,critical_care,>=5_years,high,0,1
V967,cma,100.41,1,5,143.83,47.98,61.62,17.49,57.06,57.75,58.35,35.62,2,internal_medicine,>=5_years,high,4,1
V968,cma,84.04,1,4,139.07,44.22,61.98,18.23,54.37,53.34,51.07,26.35,1,critical_care,<5_years,high,0,1
V969,cma,94.95,1,5,144.0,51.48,63.26,22.04,62.99,53.71,64.67,42.19,3,hospital_medicine,<5_years,high,0,1
V970,cma,75.17,1,4,136.93,45.34,51.3,18.86,45.28,69.05,58.58,28.99,3,critical_care,<5_years,high,0,1
V971,cma,83.71,1,4,145.62,45.5,57.54,11.75,47.82,66.53,58.69,30.68,2,emergency,>=5_years,high,3,1
V972,cma,76.45,1,4,148.9,42.63,49.3,11.11,46.46,63.47,53.47,31.97,2,internal_medicine,>=5_years,high,0,1
V973,cma,61.13,1,3,143.59,39.7,49.6,10.06,43.06,70.73,45.54,19.23,3,emergency,<5_years,low,2,1
V974,cma,85.36,1,4,144.2,46.61,52.49,17.01,53.95,53.76,62.52,39.94,1,internal_medicine,<5_years,high,0,1
V975,cma,80.07,1,4,149.27,45.79,55.07,11.26,52.14,74.51,52.2,29.58,3,emergency,<5_years,high,0,1
V976,cma,145.72,0,3,164.76,56.4,77.15,24.35,67.17,54.25,78.22,37.26,3,hospital_medicine,>=5_years,low,0,1
V977,cma,65.49,1,3,148.52,41.56,50.15,12.55,48.65,62.11,48.94,26.97,2,emergency,<5_years,low,0,1
V978,cma,79.18,1,4,147.1,44.7,54.03,17.65,47.65,64.41,52.77,31.69,3,critical_care,<5_years,high,3,1
V979,cma,55.33,1,3,140.06,38.31,48.22,11.17,42.28,63.23,46.95,18.01,2,emergency,<5_years,low,2,1
V980,cma,59.47,1,3,141.49,40.06,44.01,14.72,45.5,66.93,48.14,21.06,3,internal_medicine,<5_years,low,2,1
V981,cma,79.62,1,4,145.6,45.58,50.56,20.83,51.85,67.02,54.53,28.7,1,critical_care,<5_years,high,0,1
V982,cma,81.5,1,4,153.82,44.19,56.41,17.97,46.1,63.92,50.33,30.44,2,hospital_medicine,<5_years,high,3,1
V983,cma,61.82,1,3,146.56,39.49,41.36,15.77,41.12,72.77,51.13,14.83,3,internal_medicine,<5_years,low,2,1
V984,cma,60.8,1,3,147.15,39.54,42.16,13.02,42.76,69.29,40.36,29.67,1,critical_care,>=5_years,low,0,1
V985,cma,57.67,1,3,124.51,39.44,42.96,14.38,46.74,67.62,42.26,22.65,2,hospital_medicine,>=5_years,low,2,1
V986,cma,99.25,1,5,142.63,48.84,66.34,9.82,57.74,60.47,69.49,29.16,2,critical_care,<5_years,high,4,1
V987,cma,73.87,1,4,154.86,45.5,56.03,18.36,49.6,68.49,45.64,34.89,3,emergency,>=5_years,high,3,1
V988,cma,61.61,1,3,143.85,40.03,55.38,14.09,38.67,65.33,43.73,23.0,1,hospital_medicine,<5_years,low,2,1
V989,cma,79.9,1,4,134.34,44.0,56.46,11.59,50.36,66.44,52.02,27.14,3,hospital_medicine,>=5_years,high,3,1
V990,cma,56.91,1,3,146.4,41.91,46.37,13.53,47.47,73.17,47.03,23.86,2,internal_medicine,>=5_years,low,2,1
V991,cma,97.78,1,5,150.91,50.78,72.38,16.07,54.66,58.18,64.01,39.36,2,emergency,>=5_years,high,0,1
V992,cma,62.87,1,3,144.85,39.62,50.08,10.08,43.01,69.63,44.71,20.24,2,hospital_medicine,>=5_years,low,2,1
V993,cma,59.84,1,3,147.49,40.57,48.49,13.36,42.89,72.36,48.52,17.83,3,internal_medicine,>=5_years,low,2,1
V994,cma,77.94,1,4,149.94,44.92,52.19,14.81,48.1,69.56,55.1,29.79,2,internal_medicine,<5_years,high,3,1
V995,cma,105.76,1,5,151.69,50.44,60.66,16.53,60.11,56.57,69.89,38.9,3,hospital_medicine,<5_years,high,4,1
V996,cma,54.36,1,3,154.55,41.32,49.83,14.97,42.83,64.76,50.17,25.36,1,critical_care,>=5_years,low,0,1
V997,cma,93.3,1,5,139.19,48.13,54.81,15.61,52.25,61.47,69.01,35.63,1,hospital_medicine,<5_years,high,0,1
V998,cma,61.89,1,3,127.42,40.42,45.39,12.65,43.53,78.61,41.95,20.38,1,critical_care,<5_years,low,0,1
V999,cma,81.81,1,4,148.28,42.02,56.45,16.79,40.8,63.29,50.19,24.58,1,critical_care,<5_years,high,3,1
V1000,cma,106.5,1,5,142.86,50.59,61.67,18.04,62.84,60.53,62.49,37.96,1,hospital_medicine,<5_years,high,4,1
