vignette_id,condition,time_to_info,accuracy,n_queries_issued,latency_ms,cognitive_load,tlx_mental,tlx_physical,tlx_temporal,tlx_performance,tlx_effort,tlx_frustration,period,specialty,experience_group,complexity,n_pivots,condition_code
V001,control,50.43,1,2,190.23,42.52,44.42,12.37,50.27,65.78,51.14,31.17,1,emergency,<5_years,low,1,0
V002,control,91.22,1,4,185.99,52.57,70.27,18.77,63.74,55.87,69.07,37.68,2,internal_medicine,<5_years,high,2,0
V003,control,65.67,1,3,185.29,48.22,56.29,16.21,49.38,68.02,62.83,36.61,2,emergency,<5_years,low,1,0
V004,control,74.02,1,3,165.0,51.56,65.67,18.87,61.98,58.59,62.94,41.29,3,emergency,>=5_years,low,0,0
V005,control,23.14,1,1,172.02,38.85,40.1,18.75,39.58,69.19,38.42,27.08,3,emergency,<5_years,low,0,0
V006,control,93.52,1,4,205.57,53.32,76.16,21.2,63.92,50.94,70.86,36.87,2,internal_medicine,<5_years,high,0,0
V007,control,22.32,1,1,179.15,38.09,42.21,12.02,35.16,69.66,41.55,27.95,1,internal_medicine,<5_years,low,0,0
V008,control,117.51,1,5,195.8,58.85,77.72,21.12,73.74,53.36,79.51,47.63,1,internal_medicine,<5_years,high,1,0
V009,control,115.27,1,5,182.34,59.74,76.62,25.8,75.86,53.53,79.57,47.05,2,critical_care,<5_years,high,0,0
V010,control,83.47,1,4,195.8,51.31,69.1,11.73,61.66,59.17,65.87,40.36,4,hospital_medicine,>=5_years,high,1,0
V011,control,49.82,1,2,178.76,46.85,51.34,18.94,50.64,69.09,60.05,31.02,4,internal_medicine,>=5_years,low,1,0
V012,control,23.69,1,1,187.61,41.49,48.11,14.74,42.31,72.52,43.99,27.24,3,hospital_medicine,<5_years,low,0,0
V013,control,71.93,1,3,205.87,48.74,63.03,15.45,55.43,56.35,60.64,41.53,2,internal_medicine,<5_years,low,1,0
V014,control,43.55,1,2,190.98,42.54,53.93,8.24,42.83,67.17,53.29,29.77,1,internal_medicine,<5_years,low,0,0
V015,control,45.31,1,2,185.94,46.55,54.07,15.31,50.86,68.28,55.01,35.76,1,critical_care,<5_years,low,0,0
V016,control,20.32,1,1,196.71,40.6,42.14,19.6,41.2,72.26,40.6,27.79,1,emergency,>=5_years,low,0,0
V017,control,45.65,1,2,196.36,44.13,51.49,14.31,43.5,66.48,55.1,33.87,1,hospital_medicine,>=5_years,low,0,0
V018,control,70.93,1,3,178.96,48.67,65.78,13.51,55.55,57.24,56.67,43.27,4,internal_medicine,<5_years,low,0,0
V019,control,22.91,1,1,178.19,39.18,37.14,13.17,37.55,72.54,46.19,28.47,4,internal_medicine,<5_years,low,0,0
V020,control,19.03,1,1,199.66,39.79,44.74,8.41,42.48,73.85,42.98,26.29,3,critical_care,<5_years,low,0,0
V021,control,68.36,1,3,163.64,45.66,60.93,14.53,51.54,58.54,56.81,31.63,1,hospital_medicine,>=5_years,low,0,0
V022,control,114.49,1,5,179.57,61.65,83.46,29.33,77.25,47.4,76.94,55.51,2,critical_care,>=5_years,high,0,0
V023,control,41.27,1,2,193.51,45.24,44.18,12.06,51.96,72.68,61.18,29.36,2,hospital_medicine,<5_years,low,0,0
V024,control,115.39,1,5,187.55,58.3,76.83,19.56,78.51,45.36,74.31,55.21,4,hospital_medicine,>=5_years,high,0,0
V025,control,26.61,1,1,185.44,41.21,41.59,21.19,43.37,72.61,44.27,24.19,1,internal_medicine,>=5_years,low,0,0
V026,control,70.3,1,3,173.73,48.77,63.48,17.01,61.07,58.57,58.42,34.08,1,emergency,>=5_years,low,0,0
V027,control,113.8,1,5,182.67,60.74,84.36,22.06,72.98,50.32,79.57,55.14,2,emergency,>=5_years,high,0,0
V028,control,99.72,1,4,171.24,54.61,82.22,15.68,72.52,48.61,73.17,35.47,3,hospital_medicine,>=5_years,high,2,0
V029,control,89.29,1,4,192.53,53.3,72.7,23.28,64.95,55.08,64.92,38.9,1,emergency,>=5_years,high,0,0
V030,control,21.38,1,1,192.37,38.75,38.32,12.44,33.29,77.03,43.05,28.37,3,emergency,<5_years,low,0,0
V031,control,70.57,1,3,200.55,49.18,58.58,10.72,61.99,62.0,59.92,41.86,4,emergency,>=5_years,low,0,0
V032,control,92.22,1,4,176.86,53.84,68.74,21.28,67.57,55.89,68.94,40.6,1,internal_medicine,>=5_years,high,0,0
V033,control,47.98,1,2,186.44,44.3,50.0,12.01,48.1,72.78,53.12,29.78,3,emergency,>=5_years,low,0,0
V034,control,126.1,1,5,190.22,60.1,83.34,13.99,80.11,43.49,83.18,56.47,4,hospital_medicine,<5_years,high,3,0
V035,control,26.45,1,1,171.18,37.74,47.91,10.44,34.16,65.5,41.24,27.2,2,internal_medicine,<5_years,low,0,0
V036,control,54.03,1,2,201.55,44.92,58.32,16.5,45.88,63.55,49.61,35.68,3,hospital_medicine,>=5_years,low,0,0
V037,control,118.89,1,5,175.73,59.29,77.03,21.35,79.75,49.11,76.57,51.95,4,internal_medicine,<5_years,high,0,0
V038,control,109.79,1,5,167.64,58.53,75.24,20.53,75.45,54.21,76.64,49.1,2,internal_medicine,>=5_years,high,0,0
V039,control,114.04,1,5,186.34,59.2,82.51,21.93,73.41,52.03,77.15,48.19,1,hospital_medicine,<5_years,high,2,0
V040,control,43.09,1,2,198.29,43.27,55.69,17.75,45.29,57.17,51.08,32.61,1,internal_medicine,<5_years,low,0,0
V041,control,41.1,1,2,222.86,44.56,57.3,15.87,42.18,73.16,45.65,33.23,4,critical_care,<5_years,low,0,0
V042,control,64.02,1,3,202.55,52.44,62.65,22.96,62.8,65.13,60.8,40.27,2,internal_medicine,<5_years,low,0,0
V043,control,110.39,1,5,188.32,61.06,81.9,21.95,82.78,50.25,81.07,48.42,4,critical_care,<5_years,high,0,0
V044,control,127.82,1,5,184.82,62.51,87.17,23.63,84.56,45.14,84.74,49.84,1,critical_care,<5_years,high,0,0
V045,control,25.16,1,1,236.17,39.01,36.44,8.78,39.55,72.61,48.3,28.36,2,emergency,>=5_years,low,0,0
V046,control,47.39,1,2,185.2,45.46,61.75,14.79,48.34,67.21,56.21,24.49,1,emergency,<5_years,low,0,0
V047,control,114.22,1,5,193.35,55.17,80.23,14.52,77.44,48.81,69.29,40.74,1,hospital_medicine,<5_years,high,0,0
V048,control,21.26,1,1,191.85,38.76,47.69,16.28,32.41,74.93,38.75,22.48,4,emergency,>=5_years,low,0,0
V049,control,27.05,1,1,191.83,39.65,50.81,5.0,46.32,68.92,40.31,26.55,2,critical_care,<5_years,low,0,0
V050,control,92.26,1,4,184.05,53.48,71.48,25.94,68.93,51.84,63.74,38.96,1,internal_medicine,<5_years,high,0,0
V051,control,46.11,1,2,172.37,43.82,55.85,19.82,48.39,65.93,47.32,25.6,3,internal_medicine,>=5_years,low,0,0
V052,control,119.47,1,5,200.72,61.07,87.38,16.17,82.98,48.49,81.97,49.44,3,emergency,<5_years,high,0,0
V053,control,85.02,1,4,186.71,50.42,72.15,16.48,65.68,52.49,63.16,32.58,1,hospital_medicine,>=5_years,high,0,0
V054,control,45.03,1,2,198.66,42.85,49.3,10.62,49.83,67.47,49.96,29.93,3,critical_care,>=5_years,low,0,0
V055,control,46.7,1,2,200.37,43.41,49.35,13.4,42.8,73.55,53.49,27.84,2,hospital_medicine,>=5_years,low,0,0
V056,control,69.54,1,3,189.8,49.52,69.76,14.77,58.73,59.09,60.96,33.81,4,internal_medicine,>=5_years,low,1,0
V057,control,50.37,1,2,188.36,46.78,53.38,14.15,54.03,70.58,55.26,33.25,1,hospital_medicine,>=5_years,low,0,0
V058,control,73.84,1,3,197.66,49.04,63.16,7.74,65.69,55.8,64.75,37.09,1,internal_medicine,<5_years,low,1,0
V059,control,94.53,1,4,190.4,55.4,76.64,17.05,72.0,56.85,69.11,40.76,4,emergency,<5_years,high,1,0
V060,control,210.32,0,5,185.45,69.35,100.0,31.2,100.0,26.87,100.0,58.01,1,hospital_medicine,<5_years,high,0,0
V061,control,96.53,1,4,196.93,53.7,72.97,14.01,68.95,58.79,71.79,35.65,1,hospital_medicine,>=5_years,high,0,0
V062,control,65.55,1,3,189.52,47.4,60.88,15.1,55.4,63.7,50.08,39.25,4,internal_medicine,>=5_years,low,0,0
V063,control,22.15,1,1,167.52,39.13,42.67,16.75,40.8,70.93,48.23,15.43,1,internal_medicine,<5_years,low,0,0
V064,control,22.02,1,1,183.88,37.16,37.4,9.28,40.51,69.38,40.22,26.18,2,hospital_medicine,<5_years,low,0,0
V065,control,120.73,1,5,199.5,58.38,76.51,21.38,81.2,42.34,80.9,47.98,1,critical_care,<5_years,high,0,0
V066,control,23.69,1,1,207.86,40.63,48.22,10.06,43.12,76.27,42.81,23.31,3,critical_care,<5_years,low,0,0
V067,control,22.17,1,1,216.36,39.72,42.17,3.79,45.71,73.32,45.54,27.8,2,critical_care,<5_years,low,0,0
V068,control,69.06,1,3,190.16,47.32,59.41,15.43,59.63,56.59,58.36,34.46,3,emergency,<5_years,low,0,0
V069,control,71.43,1,3,187.26,47.78,59.66,19.05,55.23,60.92,57.82,33.99,2,hospital_medicine,<5_years,low,0,0
V070,control,22.52,1,1,212.14,36.25,40.55,10.32,36.21,76.8,36.76,16.89,4,emergency,>=5_years,low,0,0
V071,control,163.11,0,3,194.66,63.81,93.47,21.98,82.99,39.09,88.95,56.4,2,internal_medicine,>=5_years,low,0,0
V072,control,90.13,1,4,191.0,56.39,74.92,26.2,65.71,52.33,78.91,40.28,2,internal_medicine,<5_years,high,1,0
V073,control,66.79,1,3,186.83,47.07,63.1,9.72,52.13,65.05,56.66,35.77,1,critical_care,<5_years,low,0,0
V074,control,111.44,1,5,196.25,58.74,72.6,28.54,75.79,43.8,86.87,44.84,4,emergency,<5_years,high,0,0
V075,control,48.59,1,2,184.65,46.07,56.22,13.97,52.92,69.47,51.87,31.98,2,hospital_medicine,<5_years,low,0,0
V076,control,117.85,1,5,200.83,59.43,87.95,19.83,76.63,42.89,84.85,44.41,1,emergency,<5_years,high,0,0
V077,control,21.91,1,1,180.14,38.94,46.38,16.76,41.86,66.3,34.78,27.56,1,hospital_medicine,<5_years,low,0,0
V078,control,75.93,1,3,200.31,52.26,70.59,13.35,64.12,65.15,61.85,38.5,4,internal_medicine,<5_years,low,0,0
V079,control,18.01,1,1,156.51,36.22,37.75,13.45,40.86,66.63,37.13,21.48,3,hospital_medicine,<5_years,low,0,0
V080,control,47.33,1,2,187.73,46.14,62.08,10.52,54.52,64.43,54.37,30.95,2,hospital_medicine,>=5_years,low,0,0
V081,control,46.76,1,2,182.37,42.38,47.07,10.89,50.16,62.19,56.38,27.58,4,internal_medicine,>=5_years,low,1,0
V082,control,98.96,1,4,193.66,56.08,78.8,23.35,65.05,58.13,76.42,34.74,4,critical_care,<5_years,high,0,0
V083,control,102.85,1,4,199.28,58.19,84.83,22.48,70.65,49.9,80.59,40.67,2,hospital_medicine,<5_years,high,0,0
V084,control,67.18,1,3,179.05,49.97,64.7,22.23,62.24,57.45,59.74,33.43,2,hospital_medicine,<5_years,high,2,0
V085,control,87.2,1,4,175.71,54.31,65.44,17.67,73.67,53.06,70.46,45.56,4,emergency,<5_years,high,1,0
V086,control,21.96,1,1,205.69,39.74,41.13,16.94,31.44,81.51,41.27,26.16,4,hospital_medicine,>=5_years,low,0,0
V087,control,30.89,1,1,195.14,40.8,44.81,10.27,45.12,70.4,44.83,29.38,4,critical_care,<5_years,low,0,0
V088,control,120.77,1,5,194.94,60.93,87.14,23.99,79.32,50.88,79.9,44.37,2,internal_medicine,>=5_years,high,0,0
V089,control,23.18,1,1,195.84,40.32,42.68,9.05,37.26,78.86,44.95,29.15,2,hospital_medicine,>=5_years,low,0,0
V090,control,68.65,1,3,205.07,45.25,58.97,11.05,55.32,54.34,55.97,35.84,2,emergency,>=5_years,low,0,0
V091,control,75.4,1,3,189.51,50.03,71.37,19.58,58.58,62.89,53.89,33.9,1,emergency,>=5_years,low,0,0
V092,control,21.48,1,1,197.31,38.91,44.5,10.01,41.27,74.78,40.64,22.26,3,critical_care,<5_years,low,0,0
V093,control,115.44,1,5,186.37,59.77,80.52,23.96,81.98,51.91,79.72,40.51,4,hospital_medicine,>=5_years,high,0,0
V094,control,84.03,1,4,184.48,54.07,75.6,18.37,63.08,58.09,72.82,36.45,3,internal_medicine,<5_years,high,0,0
V095,control,23.55,1,1,160.9,40.84,41.68,10.98,47.69,71.79,46.56,26.35,3,internal_medicine,>=5_years,low,0,0
V096,control,49.45,1,2,171.58,45.36,51.41,24.14,52.82,65.32,50.96,27.52,1,critical_care,>=5_years,low,0,0
V097,control,20.88,1,1,175.38,34.23,40.57,5.68,34.42,71.77,36.59,16.33,1,internal_medicine,>=5_years,low,0,0
V098,control,95.7,1,4,185.69,55.92,70.9,18.25,73.31,48.19,69.44,55.43,4,internal_medicine,<5_years,high,0,0
V099,control,45.54,1,2,201.7,46.37,58.67,18.07,52.69,66.53,44.4,37.87,4,internal_medicine,<5_years,low,0,0
V100,control,64.36,1,3,173.1,46.52,61.07,15.46,58.01,55.82,56.19,32.58,2,emergency,<5_years,low,0,0
V101,control,90.78,1,4,186.28,53.32,68.73,21.49,64.86,52.16,70.02,42.63,4,internal_medicine,<5_years,high,0,0
V102,control,19.28,1,1,228.56,33.62,39.0,9.22,27.58,68.51,37.48,19.91,1,internal_medicine,<5_years,low,0,0
V103,control,300.0,0,5,185.5,69.56,100.0,38.25,100.0,5.26,100.0,73.83,1,internal_medicine,<5_years,high,0,0
V104,control,25.14,1,1,181.19,40.24,47.3,16.25,40.52,71.43,38.71,27.24,3,internal_medicine,>=5_years,low,0,0
V105,control,42.41,1,2,203.39,40.11,49.85,15.75,46.83,64.17,36.04,28.03,2,emergency,>=5_years,low,0,0
V106,control,203.37,0,4,200.72,69.34,100.0,24.62,100.0,28.95,100.0,62.49,3,internal_medicine,<5_years,high,0,0
V107,control,26.08,1,1,210.27,43.09,47.27,13.99,40.71,75.8,49.05,31.7,4,emergency,>=5_years,low,0,0
V108,control,74.42,1,3,207.18,49.93,66.55,12.92,66.64,52.72,59.37,41.4,3,critical_care,>=5_years,low,0,0
V109,control,69.41,1,3,186.62,50.91,57.49,18.18,60.14,64.34,60.68,44.64,3,emergency,>=5_years,low,0,0
V110,control,66.84,1,3,174.69,47.42,61.07,16.36,55.44,57.96,58.53,35.18,4,internal_medicine,>=5_years,low,0,0
V111,control,50.03,1,2,184.81,43.04,54.01,16.91,52.43,54.79,51.45,28.64,4,internal_medicine,<5_years,low,0,0
V112,control,93.23,1,4,189.66,52.55,76.43,16.33,61.28,50.83,69.04,41.39,2,internal_medicine,>=5_years,high,0,0
V113,control,45.72,1,2,184.13,44.0,55.52,12.85,46.46,69.27,48.05,31.86,4,critical_care,>=5_years,low,0,0
V114,control,90.16,1,4,186.11,53.11,64.16,16.68,72.91,57.06,63.46,44.38,2,hospital_medicine,>=5_years,high,0,0
V115,control,115.67,1,5,179.68,60.28,77.28,23.42,80.95,46.69,83.43,49.9,2,internal_medicine,<5_years,high,2,0
V116,control,47.39,1,2,202.8,44.22,50.62,14.9,51.81,71.35,45.22,31.45,3,hospital_medicine,<5_years,low,0,0
V117,control,120.38,1,5,181.86,59.52,79.81,12.62,80.84,46.46,83.58,53.79,4,hospital_medicine,>=5_years,high,3,0
V118,control,97.32,1,4,188.65,55.69,68.77,20.0,66.89,50.71,72.14,55.65,1,critical_care,>=5_years,high,1,0
V119,control,69.25,1,3,186.67,50.0,63.85,13.86,61.33,62.43,62.02,36.5,3,critical_care,>=5_years,low,0,0
V120,control,74.39,1,3,180.51,50.48,67.76,19.19,62.12,55.55,61.78,36.45,1,critical_care,<5_years,low,0,0
V121,control,72.01,1,3,198.43,54.08,72.26,22.79,65.26,62.09,64.46,37.58,3,critical_care,>=5_years,low,0,0
V122,control,115.81,1,5,178.96,58.77,78.8,14.7,82.66,52.04,74.61,49.79,2,internal_medicine,>=5_years,high,0,0
V123,control,125.16,1,5,196.37,62.09,81.5,23.29,83.5,45.44,83.21,55.62,3,emergency,>=5_years,high,0,0
V124,control,93.9,1,4,193.9,54.35,69.93,19.68,66.86,59.04,68.6,41.99,2,internal_medicine,<5_years,high,0,0
V125,control,62.02,1,3,175.37,49.31,65.47,12.11,46.09,68.22,65.34,38.64,2,hospital_medicine,<5_years,low,0,0
V126,control,72.66,1,3,195.06,47.18,58.5,14.06,60.26,58.29,55.13,36.86,2,internal_medicine,>=5_years,low,1,0
V127,control,21.18,1,1,164.85,39.84,41.95,8.67,44.15,72.85,43.93,27.47,1,emergency,>=5_years,low,0,0
V128,control,68.27,1,3,203.04,50.62,63.61,15.16,58.57,55.26,69.62,41.5,2,emergency,<5_years,low,0,0
V129,control,46.48,1,2,206.8,45.5,57.72,17.73,47.39,67.52,56.13,26.51,3,emergency,<5_years,low,0,0
V130,control,23.18,1,1,192.39,40.53,42.41,6.69,46.55,76.61,43.44,27.47,3,emergency,>=5_years,low,0,0
V131,control,22.34,1,1,179.2,39.7,40.74,11.75,40.2,70.5,46.99,28.02,1,internal_medicine,<5_years,low,0,0
V132,control,119.16,1,5,191.68,60.27,81.19,26.5,77.78,51.07,80.58,44.49,2,emergency,<5_years,high,0,0
V133,control,96.05,1,4,188.22,51.98,62.18,21.9,65.53,51.4,66.17,44.73,3,critical_care,<5_years,high,2,0
V134,control,22.57,1,1,191.66,41.96,48.72,21.53,40.47,69.97,45.79,25.27,2,critical_care,>=5_years,low,0,0
V135,control,113.46,1,5,196.01,57.63,75.63,17.27,75.89,41.46,79.25,56.26,1,emergency,<5_years,high,0,0
V136,control,71.74,1,3,204.45,50.9,67.72,17.8,58.56,61.1,67.1,33.12,3,internal_medicine,<5_years,low,0,0
V137,control,43.43,1,2,193.15,44.73,53.88,11.33,49.31,67.8,52.51,33.58,2,emergency,<5_years,low,0,0
V138,control,26.07,1,1,169.24,38.31,47.52,8.96,35.62,74.73,36.77,26.29,2,emergency,<5_years,low,0,0
V139,control,114.48,1,5,186.33,61.45,84.97,26.5,77.95,47.96,79.17,52.18,4,emergency,<5_years,high,0,0
V140,control,28.2,1,1,183.53,37.14,38.94,4.14,44.66,71.0,40.45,23.65,4,critical_care,>=5_years,low,0,0
V141,control,86.56,1,4,190.85,51.71,71.61,20.34,57.33,57.44,65.19,38.34,1,internal_medicine,<5_years,high,0,0
V142,control,20.21,1,1,187.09,39.3,44.4,9.43,41.96,76.15,40.27,23.59,1,hospital_medicine,>=5_years,low,0,0
V143,control,121.47,0,1,196.86,57.48,78.42,24.44,68.24,53.38,75.56,44.86,3,internal_medicine,>=5_years,low,0,0
V144,control,39.32,1,2,185.42,41.49,51.13,11.94,41.63,74.64,42.91,26.69,2,hospital_medicine,<5_years,low,0,0
V145,control,24.85,1,1,200.21,38.07,39.35,2.36,40.98,68.63,50.73,26.34,1,emergency,<5_years,low,0,0
V146,control,21.34,1,1,166.34,38.65,46.31,4.36,38.0,73.77,42.65,26.79,2,hospital_medicine,>=5_years,low,0,0
V147,control,86.6,1,4,198.09,54.0,72.58,21.69,65.04,57.71,65.77,41.23,1,internal_medicine,<5_years,high,0,0
V148,control,25.28,1,1,193.93,38.41,44.09,12.67,36.6,68.6,44.75,23.76,4,internal_medicine,<5_years,low,0,0
V149,control,25.71,1,1,180.37,39.84,42.38,13.86,37.63,74.94,41.24,28.98,2,critical_care,<5_years,low,0,0
V150,control,62.56,1,3,197.03,46.92,58.18,14.22,58.61,65.66,53.68,31.19,2,hospital_medicine,<5_years,low,1,0
V151,control,115.63,1,5,182.4,60.91,80.14,21.1,83.55,52.09,77.75,50.8,3,emergency,<5_years,high,1,0
V152,control,48.55,1,2,224.58,45.34,54.68,15.84,44.6,67.93,54.35,34.65,4,internal_medicine,<5_years,low,0,0
V153,control,107.53,1,5,192.97,56.68,74.65,20.16,73.3,49.8,77.06,45.1,3,hospital_medicine,>=5_years,high,0,0
V154,control,119.45,1,5,190.48,57.48,81.3,21.47,76.52,49.27,75.46,40.84,2,critical_care,<5_years,high,0,0
V155,control,71.76,1,3,213.99,50.71,60.12,10.13,63.87,61.47,71.09,37.58,3,internal_medicine,>=5_years,high,2,0
V156,control,43.38,1,2,230.45,42.44,49.47,9.14,44.17,69.72,50.6,31.55,3,critical_care,<5_years,low,0,0
V157,control,98.69,1,4,196.9,54.0,71.97,20.45,71.06,47.95,69.76,42.82,2,hospital_medicine,>=5_years,high,0,0
V158,control,47.09,1,2,204.31,42.81,55.43,11.16,47.94,62.91,51.2,28.21,2,critical_care,>=5_years,low,0,0
V159,control,116.12,1,5,199.05,60.76,84.04,29.24,75.7,47.76,80.58,47.21,1,critical_care,>=5_years,high,0,0
V160,control,69.81,1,3,176.18,49.59,62.94,20.7,61.24,56.46,58.61,37.62,4,hospital_medicine,<5_years,low,0,0
V161,control,112.27,1,5,194.4,59.19,83.01,23.51,75.52,42.09,77.76,53.22,1,internal_medicine,<5_years,high,2,0
V162,control,124.35,1,5,201.12,59.18,88.1,17.32,72.85,45.85,85.0,45.94,2,emergency,>=5_years,high,0,0
V163,control,70.0,1,3,185.91,49.79,64.96,17.56,54.82,61.75,61.87,37.77,2,emergency,>=5_years,high,2,0
V164,control,110.74,1,5,189.2,58.45,79.91,21.56,81.97,46.84,76.23,44.18,2,critical_care,<5_years,high,2,0
V165,control,23.22,1,1,197.24,40.03,46.24,18.82,41.85,70.5,38.29,24.46,1,emergency,<5_years,low,0,0
V166,control,96.12,1,4,183.72,57.07,76.57,16.86,70.43,60.41,77.65,40.48,4,internal_medicine,<5_years,high,2,0
V167,control,70.42,1,3,189.83,51.48,65.66,17.31,57.87,57.35,66.84,43.85,4,critical_care,<5_years,low,0,0
V168,control,53.52,1,2,212.21,45.58,57.41,18.17,56.1,64.75,54.17,22.88,3,emergency,>=5_years,low,0,0
V169,control,25.11,1,1,208.13,44.4,55.78,14.9,45.24,69.52,47.48,33.46,1,critical_care,>=5_years,low,0,0
V170,control,22.66,1,1,203.94,37.56,46.32,8.02,32.68,75.32,41.72,21.33,4,critical_care,<5_years,low,0,0
V171,control,48.87,1,2,203.2,44.13,54.49,12.46,49.82,66.37,50.65,31.02,1,internal_medicine,<5_years,low,0,0
V172,control,115.22,1,5,182.73,62.07,87.06,19.5,77.71,57.53,85.35,45.27,3,critical_care,>=5_years,high,4,0
V173,control,116.01,1,5,206.83,56.51,83.52,20.22,70.25,44.25,77.43,43.36,3,internal_medicine,<5_years,high,3,0
V174,control,110.4,1,5,186.99,57.42,86.99,14.26,75.75,43.65,75.64,48.25,3,emergency,<5_years,high,0,0
V175,control,45.42,1,2,193.19,42.32,49.64,14.26,47.79,62.1,53.95,26.21,4,emergency,>=5_years,low,0,0
V176,control,95.02,1,4,190.81,54.14,68.52,26.93,64.57,56.56,66.82,41.41,2,internal_medicine,>=5_years,high,3,0
V177,control,119.47,1,5,195.99,59.44,81.59,27.92,77.14,49.78,82.13,38.1,1,critical_care,>=5_years,high,1,0
V178,control,84.26,1,4,180.24,53.62,71.73,25.22,62.03,53.87,70.33,38.56,1,hospital_medicine,>=5_years,high,0,0
V179,control,51.19,1,2,174.52,45.73,58.47,15.32,49.08,63.62,56.1,31.78,1,internal_medicine,>=5_years,low,0,0
V180,control,22.72,1,1,218.46,37.87,41.33,15.91,39.41,67.35,39.02,24.23,2,critical_care,<5_years,low,0,0
V181,control,21.38,1,1,221.12,40.15,47.29,18.21,40.78,68.69,43.36,22.59,3,emergency,<5_years,low,0,0
V182,control,93.6,1,4,196.28,53.13,72.47,21.07,68.49,53.46,68.17,35.1,3,critical_care,<5_years,high,0,0
V183,control,75.09,1,3,176.01,49.58,61.19,15.33,62.65,57.02,59.93,41.36,1,critical_care,<5_years,low,0,0
V184,control,92.86,1,4,167.15,56.7,72.24,23.52,69.57,55.54,74.47,44.86,4,hospital_medicine,>=5_years,high,2,0
V185,control,119.51,1,5,185.22,58.33,73.42,25.26,80.84,42.7,81.01,46.76,1,emergency,<5_years,high,2,0
V186,control,117.0,1,5,194.28,59.48,83.26,18.8,78.17,46.67,82.63,47.37,3,critical_care,>=5_years,high,4,0
V187,control,44.07,1,2,184.92,45.7,49.22,14.56,49.74,74.26,54.96,31.45,1,critical_care,>=5_years,low,0,0
V188,control,22.52,1,1,164.11,38.38,45.62,12.35,42.08,70.98,33.91,25.37,3,internal_medicine,>=5_years,low,0,0
V189,control,45.77,1,2,191.73,45.03,47.46,20.13,45.97,74.27,58.49,23.89,3,internal_medicine,<5_years,low,0,0
V190,control,62.95,1,3,171.65,48.27,65.34,19.59,55.36,64.07,53.59,31.66,2,critical_care,>=5_years,low,0,0
V191,control,69.62,1,3,200.02,49.69,68.07,17.18,57.94,59.65,62.57,32.73,1,critical_care,<5_years,low,0,0
V192,control,48.17,1,2,212.02,44.06,54.01,13.69,50.84,65.41,45.16,35.26,1,critical_care,<5_years,low,0,0
V193,control,86.16,1,4,189.88,52.11,70.73,22.4,65.7,50.18,65.16,38.49,1,critical_care,<5_years,high,0,0
V194,control,22.42,1,1,210.88,39.81,45.61,13.31,38.54,70.12,42.81,28.44,4,hospital_medicine,>=5_years,low,0,0
V195,control,116.98,1,5,199.32,59.5,79.27,19.81,80.24,38.99,85.63,53.03,3,critical_care,>=5_years,high,0,0
V196,control,20.38,1,1,171.32,38.82,47.95,10.54,44.03,71.03,38.64,20.72,2,emergency,<5_years,low,0,0
V197,control,25.57,1,1,171.41,39.81,42.58,14.01,45.44,69.14,46.25,21.46,4,hospital_medicine,<5_years,low,0,0
V198,control,22.61,1,1,166.64,35.88,37.82,11.92,39.91,69.11,37.47,19.04,3,hospital_medicine,>=5_years,low,0,0
V199,control,78.94,1,3,188.84,49.49,64.65,20.4,58.65,55.4,55.99,41.86,3,internal_medicine,<5_years,low,0,0
V200,control,24.1,1,1,167.77,40.53,44.24,10.94,42.85,75.4,46.37,23.36,3,critical_care,<5_years,low,0,0
V201,control,70.77,1,3,194.85,49.03,62.39,21.04,60.75,59.98,56.88,33.12,4,internal_medicine,<5_years,low,0,0
V202,control,72.34,1,3,200.64,50.13,60.98,14.79,63.02,58.93,64.23,38.83,4,hospital_medicine,<5_years,low,0,0
V203,control,71.33,1,3,200.48,52.98,68.04,21.94,59.81,63.95,66.04,38.11,1,emergency,>=5_years,low,0,0
V204,control,75.7,1,3,198.89,48.9,63.77,13.18,59.18,58.03,57.13,42.1,4,hospital_medicine,>=5_years,low,0,0
V205,control,49.55,1,2,210.15,46.78,59.42,12.78,46.46,68.12,56.26,37.66,4,internal_medicine,<5_years,low,0,0
V206,control,45.03,1,2,176.1,44.27,61.49,12.0,53.14,63.1,44.9,31.01,1,hospital_medicine,>=5_years,low,0,0
V207,control,23.36,1,1,171.21,40.31,42.36,12.99,47.86,77.24,38.93,22.51,1,emergency,<5_years,low,0,0
V208,control,107.35,1,5,182.06,56.67,69.1,27.66,70.91,52.91,78.59,40.82,4,critical_care,>=5_years,high,0,0
V209,control,23.86,1,1,171.22,40.44,50.71,6.51,38.54,72.85,50.41,23.65,4,hospital_medicine,>=5_years,low,0,0
V210,control,120.1,1,5,181.41,60.31,83.99,17.99,81.15,49.64,82.9,46.18,3,hospital_medicine,<5_years,high,2,0
V211,control,24.92,1,1,212.13,38.95,45.51,7.42,41.98,76.75,44.12,17.9,1,emergency,<5_years,low,0,0
V212,control,24.21,1,1,190.05,38.98,42.41,12.4,44.41,70.97,37.52,26.18,4,emergency,>=5_years,low,0,0
V213,control,92.67,1,4,194.56,54.47,69.49,22.3,63.38,55.01,72.89,43.75,4,critical_care,>=5_years,high,0,0
V214,control,87.9,1,4,182.24,56.12,78.98,24.4,62.44,49.52,80.14,41.23,3,internal_medicine,>=5_years,high,0,0
V215,control,22.13,1,1,199.34,37.69,40.05,11.63,38.0,69.3,48.35,18.8,2,internal_medicine,>=5_years,low,0,0
V216,control,81.78,1,4,176.51,51.42,70.09,14.69,64.53,55.07,62.57,41.59,1,hospital_medicine,>=5_years,high,0,0
V217,control,93.2,1,4,189.93,53.74,75.4,22.82,68.54,47.5,62.04,46.14,3,critical_care,>=5_years,high,0,0
V218,control,43.79,1,2,198.57,45.09,57.74,10.88,49.79,77.54,49.17,25.39,1,internal_medicine,<5_years,low,0,0
V219,control,120.45,1,5,188.79,60.66,82.06,24.67,78.9,45.11,79.4,53.82,3,critical_care,>=5_years,high,3,0
V220,control,92.13,1,4,181.58,52.77,62.65,16.39,66.2,59.11,69.39,42.89,4,internal_medicine,<5_years,high,0,0
V221,control,47.08,1,2,195.99,42.99,58.05,19.11,43.97,60.92,49.42,26.49,1,hospital_medicine,>=5_years,low,0,0
V222,control,115.58,1,5,186.35,61.76,83.01,21.45,81.62,48.28,84.99,51.23,1,emergency,<5_years,high,1,0
V223,control,94.51,1,4,200.1,53.16,71.47,23.14,68.38,42.5,71.83,41.62,1,emergency,<5_years,high,2,0
V224,control,74.4,1,3,203.4,49.42,65.4,16.63,56.89,58.31,58.51,40.76,1,internal_medicine,>=5_years,low,0,0
V225,control,122.24,1,5,193.71,62.23,89.67,21.79,77.92,48.92,84.22,50.84,4,hospital_medicine,>=5_years,high,2,0
V226,control,116.86,1,5,184.99,60.16,83.72,27.74,73.56,46.35,82.81,46.75,1,emergency,<5_years,high,0,0
V227,control,21.52,1,1,157.08,38.98,47.33,5.29,40.02,74.86,40.02,26.39,2,emergency,>=5_years,low,0,0
V228,control,117.92,1,5,189.76,57.22,78.54,20.13,81.57,45.59,76.58,40.89,1,emergency,<5_years,high,0,0
V229,control,194.3,0,4,196.64,70.25,100.0,31.1,93.29,35.28,100.0,61.8,2,hospital_medicine,<5_years,high,2,0
V230,control,59.73,1,2,204.88,44.23,56.31,12.93,49.93,60.47,48.17,37.59,2,hospital_medicine,>=5_years,low,0,0
V231,control,44.79,1,2,207.41,45.33,51.39,15.27,49.63,65.69,56.43,33.56,3,hospital_medicine,>=5_years,low,0,0
V232,control,22.37,1,1,189.33,37.96,44.39,11.59,39.84,69.37,41.23,21.33,1,internal_medicine,<5_years,low,0,0
V233,control,22.75,1,1,183.49,38.57,43.16,9.07,39.58,74.82,34.76,30.04,4,emergency,<5_years,low,0,0
V234,control,70.6,1,3,203.39,47.16,56.82,17.7,55.76,51.78,61.1,39.79,1,critical_care,>=5_years,low,0,0
V235,control,44.07,1,2,167.26,43.91,56.51,15.73,51.45,68.47,45.02,26.29,2,emergency,<5_years,low,0,0
V236,control,43.95,1,2,181.57,44.01,49.96,9.17,52.58,67.49,53.13,31.73,3,critical_care,>=5_years,low,0,0
V237,control,89.36,1,4,174.33,54.68,70.53,26.26,68.82,49.81,67.71,44.95,1,internal_medicine,<5_years,high,0,0
V238,control,128.62,1,5,179.84,61.96,86.66,31.25,80.09,44.43,84.06,45.24,1,internal_medicine,>=5_years,high,1,0
V239,control,93.38,1,4,193.11,55.22,70.4,25.66,60.85,57.39,71.73,45.29,1,critical_care,>=5_years,high,0,0
V240,control,43.85,1,2,209.78,41.42,48.73,9.21,48.02,68.04,49.47,25.04,2,emergency,<5_years,low,0,0
V241,control,184.66,0,3,191.83,68.38,100.0,32.1,92.66,34.47,89.82,61.23,1,internal_medicine,<5_years,low,0,0
V242,control,23.95,1,1,190.06,37.27,47.15,12.16,43.78,65.73,34.49,20.28,1,emergency,<5_years,low,0,0
V243,control,21.13,1,1,197.16,36.34,41.98,11.89,38.46,68.24,33.26,24.24,4,internal_medicine,<5_years,low,0,0
V244,control,51.83,1,2,192.64,46.58,53.95,13.58,55.96,72.89,55.44,27.64,2,critical_care,<5_years,low,0,0
V245,control,121.84,1,5,185.26,58.47,83.48,12.91,82.93,48.58,80.59,42.35,4,critical_care,<5_years,high,0,0
V246,control,118.98,1,5,202.29,56.03,75.05,22.63,77.67,46.12,73.41,41.31,3,critical_care,>=5_years,high,0,0
V247,control,122.86,1,5,179.55,62.09,88.27,28.03,78.45,52.74,77.08,48.0,4,internal_medicine,>=5_years,high,0,0
V248,control,89.56,1,4,187.57,53.03,67.69,17.49,66.43,55.13,66.66,44.78,1,emergency,>=5_years,high,0,0
V249,control,49.03,1,2,189.41,44.2,52.88,12.4,54.54,69.6,46.81,28.98,4,emergency,>=5_years,low,0,0
V250,control,116.27,1,5,200.24,57.56,68.62,19.98,78.46,45.42,78.97,53.9,3,emergency,>=5_years,high,0,0
V251,control,89.62,1,4,188.4,54.82,75.02,10.18,72.59,52.22,73.69,45.2,2,emergency,<5_years,high,0,0
V252,control,74.09,1,3,209.46,53.53,66.53,25.47,66.49,61.2,63.42,38.06,2,internal_medicine,<5_years,low,0,0
V253,control,21.99,1,1,161.84,41.31,44.62,14.31,45.16,74.14,45.82,23.82,2,hospital_medicine,>=5_years,low,0,0
V254,control,46.83,1,2,191.42,43.08,57.9,10.18,46.87,63.23,52.53,27.75,3,emergency,>=5_years,low,0,0
V255,control,24.71,1,1,166.84,40.4,41.75,11.42,44.56,69.9,39.42,35.35,1,emergency,>=5_years,low,0,0
V256,control,19.74,1,1,174.32,38.3,42.5,5.93,43.87,71.0,37.15,29.34,2,internal_medicine,>=5_years,low,0,0
V257,control,45.54,1,2,197.08,44.73,57.27,16.47,48.34,68.78,48.4,29.14,2,hospital_medicine,>=5_years,low,0,0
V258,control,80.32,1,3,178.77,50.2,64.39,15.92,62.24,57.8,59.77,41.06,2,critical_care,>=5_years,low,0,0
V259,control,20.95,1,1,176.76,40.47,48.85,10.93,44.88,73.59,42.58,22.02,4,internal_medicine,>=5_years,low,0,0
V260,control,94.94,1,4,202.62,53.01,73.01,14.58,71.42,50.53,69.01,39.52,2,internal_medicine,>=5_years,high,0,0
V261,control,80.86,1,3,179.36,52.93,70.91,15.08,70.94,64.86,50.14,45.68,3,critical_care,>=5_years,low,0,0
V262,control,20.76,1,1,177.31,39.16,42.94,11.94,44.25,68.98,42.17,24.65,1,internal_medicine,<5_years,low,0,0
V263,control,52.85,1,2,160.48,45.21,55.48,16.93,59.08,65.85,47.65,26.27,2,internal_medicine,>=5_years,low,0,0
V264,control,68.23,1,3,180.32,47.28,66.57,10.27,54.97,56.88,54.72,40.26,2,internal_medicine,<5_years,low,1,0
V265,control,92.45,1,4,186.97,54.71,72.21,22.05,67.2,56.35,68.87,41.59,4,hospital_medicine,<5_years,high,1,0
V266,control,86.85,1,4,196.27,53.36,75.47,19.21,64.98,55.19,68.1,37.2,1,hospital_medicine,>=5_years,high,0,0
V267,control,30.81,1,1,194.26,39.38,44.22,6.65,39.93,67.66,41.7,36.09,4,emergency,>=5_years,low,0,0
V268,control,121.07,1,5,197.74,58.82,77.36,16.74,84.56,44.68,77.24,52.34,2,emergency,<5_years,high,1,0
V269,control,100.45,1,4,192.74,55.25,71.51,16.39,67.71,53.97,73.61,48.31,4,internal_medicine,>=5_years,high,1,0
V270,control,67.96,1,3,179.39,49.48,66.63,12.88,60.32,61.38,54.11,41.55,4,internal_medicine,<5_years,low,0,0
V271,control,45.82,1,2,202.57,44.74,53.49,12.87,52.44,73.33,50.06,26.24,4,internal_medicine,<5_years,low,0,0
V272,control,69.69,1,3,197.22,51.0,63.37,21.49,63.98,55.97,63.0,38.21,3,hospital_medicine,<5_years,low,0,0
V273,control,93.61,1,4,188.65,53.86,71.71,13.08,71.12,57.69,71.39,38.16,3,internal_medicine,<5_years,high,0,0
V274,control,117.62,1,5,180.76,60.08,80.13,27.1,79.63,52.51,78.24,42.9,4,critical_care,<5_years,high,0,0
V275,control,93.13,1,4,174.36,51.76,66.66,12.03,63.87,52.35,69.45,46.19,4,internal_medicine,<5_years,high,2,0
V276,control,64.58,1,3,170.97,49.5,66.27,12.37,57.75,63.84,55.36,41.4,1,internal_medicine,<5_years,low,0,0
V277,control,133.05,1,5,207.93,62.07,88.62,16.38,85.56,45.58,87.25,49.01,1,internal_medicine,<5_years,high,0,0
V278,control,120.65,1,5,202.82,61.87,81.97,14.81,84.18,51.69,81.56,57.01,3,critical_care,<5_years,high,3,0
V279,control,22.59,1,1,167.96,38.27,41.74,13.26,34.58,71.26,45.35,23.43,1,emergency,<5_years,low,0,0
V280,control,86.5,1,4,196.8,53.66,66.19,20.81,62.75,56.3,74.85,41.04,1,critical_care,<5_years,high,0,0
V281,control,70.98,1,3,167.37,49.82,60.52,15.87,56.11,66.45,62.8,37.17,3,hospital_medicine,<5_years,low,0,0
V282,control,117.28,1,5,191.18,59.28,85.64,24.36,79.81,43.54,81.77,40.58,3,emergency,<5_years,high,0,0
V283,control,67.73,1,3,183.71,52.84,63.97,17.06,68.0,61.96,68.8,37.28,2,critical_care,<5_years,low,0,0
V284,control,70.9,1,3,172.65,49.82,63.82,19.06,52.78,64.75,66.12,32.38,4,emergency,<5_years,low,1,0
V285,control,46.07,1,2,186.25,45.38,48.05,19.92,48.31,66.31,54.86,34.82,1,emergency,>=5_years,low,0,0
V286,control,120.39,1,5,180.43,57.02,77.66,21.32,64.81,53.03,78.53,46.8,4,emergency,<5_years,high,2,0
V287,control,50.11,1,2,181.43,44.67,50.44,15.59,50.72,67.14,48.36,35.8,4,critical_care,<5_years,low,0,0
V288,control,122.31,1,5,190.61,61.23,86.23,18.07,76.05,49.76,89.18,48.07,1,emergency,<5_years,high,1,0
V289,control,90.9,1,4,185.61,54.82,72.65,14.88,68.75,57.29,72.86,42.46,4,critical_care,<5_years,high,0,0
V290,control,50.42,1,2,210.02,47.31,55.3,17.04,49.52,72.36,52.26,37.38,4,internal_medicine,<5_years,low,0,0
V291,control,20.17,1,1,183.65,41.79,47.37,16.21,39.87,73.14,46.48,27.65,1,critical_care,>=5_years,low,0,0
V292,control,44.98,1,2,192.74,43.66,57.47,12.15,45.14,70.54,49.03,27.63,4,emergency,<5_years,low,0,0
V293,control,86.1,1,4,177.24,53.7,72.56,12.0,72.88,54.23,72.31,38.2,2,emergency,<5_years,high,1,0
V294,control,45.16,1,2,191.13,44.69,53.64,14.53,51.34,61.66,55.92,31.05,4,critical_care,<5_years,low,0,0
V295,control,70.35,1,3,183.33,49.69,61.76,23.19,53.43,60.01,68.55,31.22,4,critical_care,>=5_years,low,0,0
V296,control,94.75,1,4,187.46,57.76,80.39,21.07,68.39,61.42,68.33,46.95,4,critical_care,>=5_years,high,0,0
V297,control,50.9,1,2,162.16,45.44,56.12,9.7,47.87,66.06,55.7,37.21,4,critical_care,<5_years,low,0,0
V298,control,113.72,1,5,191.66,60.46,87.41,21.82,77.48,47.92,84.08,44.04,1,emergency,<5_years,high,0,0
V299,control,26.63,1,1,195.68,36.47,47.18,8.16,35.66,69.14,35.94,22.72,3,internal_medicine,<5_years,low,0,0
V300,control,26.33,1,1,201.7,39.34,39.04,9.08,42.51,71.99,46.09,27.32,2,emergency,<5_years,low,0,0
V001,bm25,41.72,1,2,190.86,44.02,46.63,11.22,48.12,70.0,54.59,33.58,4,emergency,<5_years,low,1,0
V002,bm25,94.0,1,4,193.91,55.46,65.77,16.96,78.44,52.89,73.89,44.81,4,internal_medicine,<5_years,high,2,0
V003,bm25,72.15,1,3,185.69,49.97,61.13,24.67,58.23,53.24,62.45,40.08,3,emergency,<5_years,low,1,0
V004,bm25,63.15,1,3,188.48,49.78,58.81,19.87,58.02,62.77,62.15,37.08,4,emergency,>=5_years,low,0,0
V005,bm25,23.16,1,1,202.88,36.52,34.7,8.09,34.67,76.07,40.37,25.2,2,emergency,<5_years,low,0,0
V006,bm25,300.0,0,4,184.57,71.51,100.0,40.52,100.0,9.12,100.0,79.41,3,internal_medicine,<5_years,high,0,0
V007,bm25,21.84,1,1,181.32,40.09,47.85,19.49,38.27,68.77,41.77,24.39,4,internal_medicine,<5_years,low,0,0
V008,bm25,107.96,1,5,183.68,57.96,78.48,17.6,71.01,44.34,84.26,52.07,4,internal_medicine,<5_years,high,1,0
V009,bm25,122.67,1,5,182.3,58.99,86.77,19.62,78.19,36.53,83.82,49.03,4,critical_care,<5_years,high,0,0
V010,bm25,90.64,1,4,187.19,51.9,71.63,14.57,63.48,53.07,65.61,43.01,2,hospital_medicine,>=5_years,high,1,0
V011,bm25,51.38,1,2,191.81,45.41,53.04,7.77,54.32,71.79,48.88,36.67,1,internal_medicine,>=5_years,low,1,0
V012,bm25,26.6,1,1,254.04,38.64,44.17,9.47,41.28,72.68,39.28,24.95,4,hospital_medicine,<5_years,low,0,0
V013,bm25,72.25,1,3,179.67,47.17,65.94,14.31,60.0,52.91,57.81,32.03,1,internal_medicine,<5_years,low,1,0
V014,bm25,54.83,1,2,176.76,47.28,67.21,9.87,54.9,66.59,52.08,33.05,2,internal_medicine,<5_years,low,0,0
V015,bm25,41.85,1,2,191.02,44.7,51.95,12.74,56.31,68.51,55.55,23.11,3,critical_care,<5_years,low,0,0
V016,bm25,21.58,1,1,191.69,39.39,38.25,11.7,41.2,79.35,40.68,25.19,3,emergency,>=5_years,low,0,0
V017,bm25,47.19,1,2,182.1,43.37,44.26,10.98,54.9,64.99,53.17,31.91,3,hospital_medicine,>=5_years,low,0,0
V018,bm25,72.6,1,3,184.56,48.02,67.56,12.42,52.14,63.23,63.06,29.69,2,internal_medicine,<5_years,low,0,0
V019,bm25,25.64,1,1,193.43,39.01,52.46,7.21,39.04,70.98,39.01,25.36,2,internal_medicine,<5_years,low,0,0
V020,bm25,27.29,1,1,172.73,39.96,39.91,18.36,42.56,67.01,46.13,25.8,2,critical_care,<5_years,low,0,0
V021,bm25,68.19,1,3,195.97,47.67,57.6,20.05,60.01,56.56,60.62,31.14,2,hospital_medicine,>=5_years,low,0,0
V022,bm25,111.13,1,5,204.36,58.44,74.18,22.13,82.91,46.78,73.9,50.72,1,critical_care,>=5_years,high,0,0
V023,bm25,141.84,0,2,192.87,64.88,94.1,23.94,87.13,50.42,81.0,52.71,4,hospital_medicine,<5_years,low,0,0
V024,bm25,216.07,0,5,189.35,70.92,100.0,28.22,100.0,28.53,100.0,68.78,1,hospital_medicine,>=5_years,high,0,0
V025,bm25,24.09,1,1,212.94,36.59,41.04,7.61,34.49,71.4,42.28,22.71,2,internal_medicine,>=5_years,low,0,0
V026,bm25,71.5,1,3,199.51,51.28,63.72,27.49,56.26,69.35,60.08,30.78,4,emergency,>=5_years,low,0,0
V027,bm25,118.35,1,5,195.51,62.79,88.87,28.28,75.34,47.42,84.28,52.55,3,emergency,>=5_years,high,0,0
V028,bm25,91.59,1,4,199.48,54.56,75.35,17.2,77.81,54.64,58.76,43.61,1,hospital_medicine,>=5_years,high,2,0
V029,bm25,96.14,1,4,186.98,54.6,69.12,17.86,73.72,49.53,67.27,50.07,2,emergency,>=5_years,high,0,0
V030,bm25,20.62,1,1,177.43,39.91,47.02,21.23,32.44,67.14,41.12,30.5,1,emergency,<5_years,low,0,0
V031,bm25,75.1,1,3,198.59,52.03,64.95,16.62,66.06,61.23,63.49,39.83,2,emergency,>=5_years,low,0,0
V032,bm25,86.62,1,4,170.44,54.91,66.29,21.61,72.77,51.58,71.14,46.08,3,internal_medicine,>=5_years,high,0,0
V033,bm25,43.93,1,2,196.85,44.71,53.43,18.35,51.77,64.16,45.24,35.32,1,emergency,>=5_years,low,0,0
V034,bm25,109.44,1,5,188.67,56.37,75.97,23.95,73.44,44.34,78.43,42.06,2,hospital_medicine,<5_years,high,3,0
V035,bm25,25.41,1,1,182.03,39.18,40.46,6.14,47.73,77.01,38.83,24.88,3,internal_medicine,<5_years,low,0,0
V036,bm25,43.14,1,2,179.7,45.2,56.89,14.91,51.55,70.5,51.23,26.15,1,hospital_medicine,>=5_years,low,0,0
V037,bm25,106.52,1,5,176.0,58.76,71.62,22.41,74.78,49.53,81.49,52.74,2,internal_medicine,<5_years,high,0,0
V038,bm25,115.53,1,5,181.58,57.9,82.31,20.2,80.62,44.94,70.22,49.12,1,internal_medicine,>=5_years,high,0,0
V039,bm25,121.53,1,5,198.91,59.58,82.49,17.25,77.01,52.39,80.69,47.65,3,hospital_medicine,<5_years,high,2,0
V040,bm25,42.81,1,2,176.38,43.82,50.36,14.11,48.47,70.38,45.91,33.67,3,internal_medicine,<5_years,low,0,0
V041,bm25,45.35,1,2,189.85,42.84,53.51,14.6,44.37,64.95,49.29,30.32,1,critical_care,<5_years,low,0,0
V042,bm25,72.29,1,3,184.91,47.25,63.91,14.7,53.24,60.3,56.71,34.67,4,internal_medicine,<5_years,low,0,0
V043,bm25,210.1,0,5,178.73,69.86,100.0,27.56,100.0,28.46,100.0,63.15,2,critical_care,<5_years,high,0,0
V044,bm25,122.26,1,5,175.45,61.43,85.79,21.23,85.83,44.8,83.06,47.89,2,critical_care,<5_years,high,0,0
V045,bm25,24.93,1,1,193.45,40.47,42.56,9.92,42.83,75.15,44.26,28.09,4,emergency,>=5_years,low,0,0
V046,bm25,46.29,1,2,213.58,42.5,58.02,14.96,47.28,60.4,45.55,28.81,4,emergency,<5_years,low,0,0
V047,bm25,104.68,1,5,187.02,58.03,75.02,31.61,71.97,49.92,75.59,44.1,4,hospital_medicine,<5_years,high,0,0
V048,bm25,20.68,1,1,162.44,37.47,38.29,17.81,38.05,71.13,39.73,19.78,1,emergency,>=5_years,low,0,0
V049,bm25,24.82,1,1,209.01,38.38,44.28,15.37,41.65,68.85,34.8,25.34,4,critical_care,<5_years,low,0,0
V050,bm25,95.35,1,4,173.49,51.35,73.88,19.55,64.37,47.13,62.62,40.53,4,internal_medicine,<5_years,high,0,0
V051,bm25,51.14,1,2,215.48,46.76,53.79,15.04,58.05,66.41,55.74,31.52,4,internal_medicine,>=5_years,low,0,0
V052,bm25,125.3,1,5,174.65,61.21,81.08,20.12,79.62,45.56,84.13,56.77,1,emergency,<5_years,high,0,0
V053,bm25,89.79,1,4,193.42,53.13,69.58,13.02,64.67,57.51,69.53,44.47,2,hospital_medicine,>=5_years,high,0,0
V054,bm25,48.73,1,2,183.69,43.0,47.02,16.83,53.87,64.47,46.85,28.99,4,critical_care,>=5_years,low,0,0
V055,bm25,149.21,0,2,165.24,62.06,83.94,25.38,77.78,44.73,85.37,55.18,3,hospital_medicine,>=5_years,low,0,0
V056,bm25,65.4,1,3,184.93,48.19,57.74,14.18,60.39,62.95,66.04,27.86,2,internal_medicine,>=5_years,low,1,0
V057,bm25,43.41,1,2,207.37,43.8,52.85,14.33,47.12,71.69,49.37,27.41,3,hospital_medicine,>=5_years,low,0,0
V058,bm25,66.94,1,3,168.45,48.7,61.18,13.85,59.01,60.98,64.85,32.32,2,internal_medicine,<5_years,low,1,0
V059,bm25,96.7,1,4,194.24,52.29,74.25,10.25,70.1,54.08,67.07,38.0,3,emergency,<5_years,high,1,0
V060,bm25,124.38,1,5,187.14,60.55,84.37,17.92,85.94,44.08,79.82,51.15,3,hospital_medicine,<5_years,high,0,0
V061,bm25,89.07,1,4,204.3,53.34,69.62,17.96,66.55,52.83,70.51,42.58,4,hospital_medicine,>=5_years,high,0,0
V062,bm25,69.66,1,3,189.16,51.11,58.73,23.14,61.87,61.74,61.48,39.69,1,internal_medicine,>=5_years,low,0,0
V063,bm25,20.81,1,1,210.24,40.27,43.82,12.25,38.55,83.3,41.3,22.43,4,internal_medicine,<5_years,low,0,0
V064,bm25,24.3,1,1,171.65,39.2,41.72,11.06,38.26,68.16,47.12,28.91,4,hospital_medicine,<5_years,low,0,0
V065,bm25,112.22,1,5,202.9,57.51,76.56,17.98,74.66,44.71,83.42,47.74,2,critical_care,<5_years,high,0,0
V066,bm25,21.42,1,1,195.73,39.42,37.31,17.28,43.5,71.32,44.86,22.25,1,critical_care,<5_years,low,0,0
V067,bm25,23.32,1,1,192.79,38.17,40.12,17.4,35.02,67.48,43.83,25.16,4,critical_care,<5_years,low,0,0
V068,bm25,171.32,0,3,184.7,65.75,95.4,22.81,89.63,40.96,90.92,54.8,4,emergency,<5_years,low,0,0
V069,bm25,62.83,1,3,186.44,51.44,60.63,11.32,60.76,79.15,57.04,39.76,4,hospital_medicine,<5_years,low,0,0
V070,bm25,23.24,1,1,185.45,39.25,39.08,11.61,40.85,75.39,47.25,21.29,3,emergency,>=5_years,low,0,0
V071,bm25,171.94,0,3,178.73,67.17,100.0,19.29,88.74,41.85,94.81,58.31,4,internal_medicine,>=5_years,low,0,0
V072,bm25,83.05,1,4,191.04,50.78,62.92,12.96,63.86,51.38,70.84,42.74,4,internal_medicine,<5_years,high,1,0
V073,bm25,72.24,1,3,197.76,51.65,63.81,14.7,65.61,66.87,61.44,37.45,4,critical_care,<5_years,low,0,0
V074,bm25,120.5,1,5,176.25,61.82,91.51,24.02,75.96,45.52,82.15,51.77,1,emergency,<5_years,high,0,0
V075,bm25,51.02,1,2,210.54,43.26,49.42,12.13,48.56,64.76,55.47,29.23,3,hospital_medicine,<5_years,low,0,0
V076,bm25,115.2,1,5,191.81,61.81,76.22,24.36,85.82,49.16,79.62,55.7,4,emergency,<5_years,high,0,0
V077,bm25,25.62,1,1,187.19,40.13,49.02,8.77,42.83,68.51,43.12,28.52,2,hospital_medicine,<5_years,low,0,0
V078,bm25,71.33,1,3,186.22,47.18,59.96,16.09,61.64,51.86,55.19,38.31,2,internal_medicine,<5_years,low,0,0
V079,bm25,26.98,1,1,181.24,37.58,44.05,10.25,38.39,71.68,35.27,25.85,1,hospital_medicine,<5_years,low,0,0
V080,bm25,155.3,0,2,203.6,62.3,92.77,21.33,83.3,40.57,82.45,53.37,1,hospital_medicine,>=5_years,low,0,0
V081,bm25,46.01,1,2,196.7,46.97,49.97,18.72,50.51,70.02,51.73,40.88,2,internal_medicine,>=5_years,low,1,0
V082,bm25,98.01,1,4,177.82,55.83,70.07,24.64,66.87,54.17,75.05,44.17,1,critical_care,<5_years,high,0,0
V083,bm25,90.87,1,4,205.05,50.85,70.14,18.75,57.7,45.92,70.01,42.58,1,hospital_medicine,<5_years,high,0,0
V084,bm25,68.79,1,3,189.8,50.11,66.81,12.91,62.75,64.18,60.97,33.02,4,hospital_medicine,<5_years,high,2,0
V085,bm25,99.56,1,4,188.27,56.27,72.85,22.0,72.24,53.82,78.13,38.55,1,emergency,<5_years,high,1,0
V086,bm25,20.25,1,1,191.1,39.38,47.89,8.14,44.51,74.26,35.74,25.74,1,hospital_medicine,>=5_years,low,0,0
V087,bm25,21.54,1,1,203.07,39.09,36.5,12.5,45.72,81.34,38.23,20.26,3,critical_care,<5_years,low,0,0
V088,bm25,114.25,1,5,204.48,59.32,78.71,25.97,75.75,48.54,78.43,48.53,4,internal_medicine,>=5_years,high,0,0
V089,bm25,20.72,1,1,183.96,37.38,34.86,8.01,39.76,70.28,47.14,24.2,3,hospital_medicine,>=5_years,low,0,0
V090,bm25,66.61,1,3,191.32,48.2,59.88,15.14,59.3,67.52,57.93,29.45,3,emergency,>=5_years,low,0,0
V091,bm25,67.24,1,3,172.08,50.18,65.79,16.61,58.07,63.35,64.46,32.81,2,emergency,>=5_years,low,0,0
V092,bm25,23.31,1,1,186.37,40.67,40.12,17.75,40.22,74.43,46.23,25.26,1,critical_care,<5_years,low,0,0
V093,bm25,115.78,1,5,202.16,60.27,80.34,23.25,74.95,53.71,76.47,52.93,3,hospital_medicine,>=5_years,high,0,0
V094,bm25,92.03,1,4,188.68,56.89,75.42,21.85,62.67,59.42,72.63,49.36,1,internal_medicine,<5_years,high,0,0
V095,bm25,21.29,1,1,210.38,38.19,46.53,11.73,41.09,72.78,33.42,23.6,1,internal_medicine,>=5_years,low,0,0
V096,bm25,41.28,1,2,194.84,44.28,52.43,8.63,53.38,71.7,51.83,27.74,4,critical_care,>=5_years,low,0,0
V097,bm25,21.58,1,1,186.0,37.86,40.47,10.04,37.75,76.54,40.3,22.08,2,internal_medicine,>=5_years,low,0,0
V098,bm25,85.91,1,4,184.8,50.35,60.71,15.65,65.56,50.58,68.49,41.07,3,internal_medicine,<5_years,high,0,0
V099,bm25,50.55,1,2,192.88,43.15,56.68,11.7,54.79,60.04,49.13,26.58,1,internal_medicine,<5_years,low,0,0
V100,bm25,70.72,1,3,197.23,50.48,64.92,15.14,63.89,61.65,65.82,31.46,3,emergency,<5_years,low,0,0
V101,bm25,99.34,1,4,209.74,55.33,70.37,20.04,69.03,55.43,75.63,41.46,1,internal_medicine,<5_years,high,0,0
V102,bm25,141.21,0,1,201.52,63.17,79.81,23.94,88.34,50.18,80.16,56.61,2,internal_medicine,<5_years,low,0,0
V103,bm25,300.0,0,5,201.22,68.95,100.0,33.23,100.0,4.34,100.0,76.14,4,internal_medicine,<5_years,high,0,0
V104,bm25,28.11,1,1,168.79,39.05,39.18,9.51,41.72,77.09,41.12,25.71,2,internal_medicine,>=5_years,low,0,0
V105,bm25,46.66,1,2,184.92,43.58,57.18,9.74,46.19,68.0,47.25,33.15,1,emergency,>=5_years,low,0,0
V106,bm25,199.73,0,4,185.92,70.21,100.0,30.05,97.19,29.32,100.0,64.73,4,internal_medicine,<5_years,high,0,0
V107,bm25,20.36,1,1,137.63,38.57,45.15,11.81,31.26,74.12,49.68,19.42,3,emergency,>=5_years,low,0,0
V108,bm25,74.44,1,3,169.87,50.94,69.07,16.19,59.74,60.58,61.67,38.41,4,critical_care,>=5_years,low,0,0
V109,bm25,67.26,1,3,186.0,47.96,57.24,12.04,61.55,61.4,62.22,33.32,4,emergency,>=5_years,low,0,0
V110,bm25,72.63,1,3,179.24,50.5,54.67,15.2,61.8,63.9,69.54,37.92,3,internal_medicine,>=5_years,low,0,0
V111,bm25,46.32,1,2,196.03,45.27,56.86,20.27,50.24,62.07,49.27,32.91,2,internal_medicine,<5_years,low,0,0
V112,bm25,97.54,1,4,206.42,55.19,70.41,19.06,78.55,46.27,73.58,43.27,1,internal_medicine,>=5_years,high,0,0
V113,bm25,43.14,1,2,183.72,44.44,51.05,7.18,55.34,66.06,53.07,33.95,2,critical_care,>=5_years,low,0,0
V114,bm25,92.12,1,4,179.53,55.46,73.27,19.88,62.62,63.03,76.75,37.2,1,hospital_medicine,>=5_years,high,0,0
V115,bm25,117.44,1,5,178.37,59.73,84.46,21.6,83.28,42.0,78.62,48.43,4,internal_medicine,<5_years,high,2,0
V116,bm25,45.79,1,2,174.88,45.11,50.21,16.41,43.86,74.51,53.82,31.85,1,hospital_medicine,<5_years,low,0,0
V117,bm25,115.88,1,5,196.55,59.43,80.84,17.15,82.82,45.83,82.84,47.11,2,hospital_medicine,>=5_years,high,3,0
V118,bm25,95.61,1,4,207.48,54.1,71.64,18.63,65.08,54.12,76.45,38.7,3,critical_care,>=5_years,high,1,0
V119,bm25,68.15,1,3,170.45,48.26,57.2,18.78,59.6,55.33,60.97,37.66,2,critical_care,>=5_years,low,0,0
V120,bm25,76.96,1,3,195.36,50.57,66.13,18.19,64.37,51.91,59.98,42.86,2,critical_care,<5_years,low,0,0
V121,bm25,73.54,1,3,193.53,48.36,59.52,8.34,60.01,64.22,57.33,40.74,2,critical_care,>=5_years,low,0,0
V122,bm25,113.87,1,5,199.87,57.63,70.62,26.93,74.33,46.09,78.09,49.73,3,internal_medicine,>=5_years,high,0,0
V123,bm25,117.88,1,5,190.97,58.94,84.62,21.28,74.89,42.59,81.5,48.77,1,emergency,>=5_years,high,0,0
V124,bm25,91.72,1,4,190.04,54.45,66.12,17.55,71.32,62.42,67.76,41.53,4,internal_medicine,<5_years,high,0,0
V125,bm25,69.75,1,3,195.92,50.08,67.49,18.04,64.46,56.08,66.27,28.13,4,hospital_medicine,<5_years,low,0,0
V126,bm25,66.33,1,3,190.35,50.7,64.17,21.03,57.58,62.29,63.0,36.12,4,internal_medicine,>=5_years,low,1,0
V127,bm25,22.86,1,1,177.26,36.55,36.77,13.53,39.71,68.43,40.32,20.54,4,emergency,>=5_years,low,0,0
V128,bm25,71.24,1,3,188.23,51.96,69.58,22.44,65.72,61.14,55.5,37.38,4,emergency,<5_years,low,0,0
V129,bm25,43.2,1,2,191.82,45.71,56.65,13.11,51.44,68.64,48.63,35.79,1,emergency,<5_years,low,0,0
V130,bm25,19.64,1,1,222.51,38.22,41.96,9.54,43.07,73.07,34.17,27.52,1,emergency,>=5_years,low,0,0
V131,bm25,22.96,1,1,194.87,34.38,36.75,4.3,38.44,68.19,36.39,22.18,4,internal_medicine,<5_years,low,0,0
V132,bm25,107.5,1,5,193.88,57.08,76.86,19.72,82.58,54.49,63.77,45.04,3,emergency,<5_years,high,0,0
V133,bm25,100.77,1,4,186.66,58.98,77.29,24.17,71.5,55.8,73.68,51.45,1,critical_care,<5_years,high,2,0
V134,bm25,22.37,1,1,201.31,39.22,45.89,4.97,35.91,79.63,39.59,29.31,4,critical_care,>=5_years,low,0,0
V135,bm25,119.45,1,5,191.05,59.56,82.54,18.25,78.49,51.11,78.49,48.47,2,emergency,<5_years,high,0,0
V136,bm25,67.9,1,3,180.76,50.57,61.08,19.04,56.66,61.02,66.63,38.99,1,internal_medicine,<5_years,low,0,0
V137,bm25,51.57,1,2,193.77,41.48,45.84,16.24,43.71,60.99,51.94,30.16,4,emergency,<5_years,low,0,0
V138,bm25,24.45,1,1,178.21,39.74,48.63,8.7,36.0,77.89,40.64,26.57,1,emergency,<5_years,low,0,0
V139,bm25,116.61,1,5,196.25,61.68,85.96,22.59,74.19,55.85,83.41,48.07,3,emergency,<5_years,high,0,0
V140,bm25,23.75,1,1,204.7,39.35,39.1,12.29,42.62,70.66,45.49,25.96,3,critical_care,>=5_years,low,0,0
V141,bm25,88.3,1,4,207.33,50.14,68.53,15.01,68.85,43.82,66.11,38.48,4,internal_medicine,<5_years,high,0,0
V142,bm25,21.78,1,1,222.5,40.69,37.87,18.41,46.82,70.62,43.54,26.87,2,hospital_medicine,>=5_years,low,0,0
V143,bm25,29.43,1,1,195.79,40.95,50.51,16.0,41.28,72.61,39.65,25.67,2,internal_medicine,>=5_years,low,0,0
V144,bm25,160.22,0,2,200.53,66.54,89.04,30.34,85.9,50.15,88.96,54.88,3,hospital_medicine,<5_years,low,0,0
V145,bm25,25.9,1,1,181.51,38.59,45.36,7.25,45.63,69.3,41.61,22.38,4,emergency,<5_years,low,0,0
V146,bm25,21.75,1,1,183.11,38.44,44.08,11.74,35.84,73.69,39.95,25.38,3,hospital_medicine,>=5_years,low,0,0
V147,bm25,100.59,1,4,198.02,58.02,74.87,25.97,63.89,58.49,74.63,50.27,2,internal_medicine,<5_years,high,0,0
V148,bm25,23.8,1,1,193.28,38.96,46.44,11.54,40.84,70.29,37.22,27.45,2,internal_medicine,<5_years,low,0,0
V149,bm25,25.01,1,1,212.44,38.68,44.02,7.43,45.08,69.69,41.44,24.41,4,critical_care,<5_years,low,0,0
V150,bm25,75.9,1,3,171.74,51.19,67.46,14.07,63.64,61.2,63.25,37.51,4,hospital_medicine,<5_years,low,1,0
V151,bm25,117.85,1,5,198.25,57.25,78.39,19.98,76.9,55.73,72.01,40.5,2,emergency,<5_years,high,1,0
V152,bm25,48.13,1,2,181.84,45.55,53.34,10.03,57.24,66.09,56.38,30.21,1,internal_medicine,<5_years,low,0,0
V153,bm25,121.92,1,5,192.55,58.37,83.19,20.19,73.8,50.92,81.25,40.84,2,hospital_medicine,>=5_years,high,0,0
V154,bm25,115.68,1,5,187.67,60.23,81.4,25.07,77.45,49.85,80.24,47.38,1,critical_care,<5_years,high,0,0
V155,bm25,73.61,1,3,196.83,51.87,60.78,18.94,65.03,65.05,63.82,37.59,4,internal_medicine,>=5_years,high,2,0
V156,bm25,50.38,1,2,196.31,44.79,57.67,13.19,54.96,67.0,48.87,27.07,4,critical_care,<5_years,low,0,0
V157,bm25,96.01,1,4,189.25,54.59,73.86,22.41,68.64,55.9,67.92,38.81,4,hospital_medicine,>=5_years,high,0,0
V158,bm25,47.34,1,2,188.18,41.87,55.4,6.0,51.63,63.38,48.12,26.71,3,critical_care,>=5_years,low,0,0
V159,bm25,117.71,1,5,195.23,59.87,85.25,16.87,82.4,46.05,75.54,53.14,4,critical_care,>=5_years,high,0,0
V160,bm25,72.43,1,3,181.55,50.08,66.16,18.48,54.02,65.59,57.3,38.92,3,hospital_medicine,<5_years,low,0,0
V161,bm25,116.82,1,5,179.35,59.96,87.83,20.82,75.8,48.9,83.54,42.88,2,internal_medicine,<5_years,high,2,0
V162,bm25,113.13,1,5,199.62,57.4,78.6,21.27,82.61,45.67,78.84,37.42,3,emergency,>=5_years,high,0,0
V163,bm25,72.63,1,3,182.03,51.43,66.9,10.35,63.07,62.11,64.01,42.13,3,emergency,>=5_years,high,2,0
V164,bm25,110.89,1,5,201.9,57.92,74.57,15.1,74.65,49.92,81.49,51.78,4,critical_care,<5_years,high,2,0
V165,bm25,22.18,1,1,178.97,39.51,41.43,16.65,35.71,75.64,45.03,22.59,3,emergency,<5_years,low,0,0
V166,bm25,97.03,1,4,167.84,53.82,71.75,14.35,66.55,50.49,74.95,44.86,2,internal_medicine,<5_years,high,2,0
V167,bm25,71.57,1,3,210.87,50.89,61.97,18.75,65.84,61.65,64.59,32.54,2,critical_care,<5_years,low,0,0
V168,bm25,41.98,1,2,170.21,43.71,56.35,16.98,48.61,62.23,51.29,26.79,4,emergency,>=5_years,low,0,0
V169,bm25,21.2,1,1,180.99,38.32,40.06,6.29,53.1,71.78,37.83,20.86,2,critical_care,>=5_years,low,0,0
V170,bm25,20.17,1,1,182.15,38.7,39.39,15.81,40.34,75.0,42.92,18.76,1,critical_care,<5_years,low,0,0
V171,bm25,47.47,1,2,182.05,41.98,48.78,2.49,52.02,64.52,53.84,30.24,3,internal_medicine,<5_years,low,0,0
V172,bm25,116.16,1,5,190.86,62.22,86.33,17.04,84.29,57.72,80.32,47.61,2,critical_care,>=5_years,high,4,0
V173,bm25,113.93,1,5,193.67,60.14,81.19,18.17,88.7,44.68,79.92,48.18,1,internal_medicine,<5_years,high,3,0
V174,bm25,109.94,1,5,181.38,57.31,78.35,22.84,74.25,43.26,79.41,45.74,1,emergency,<5_years,high,0,0
V175,bm25,50.66,1,2,186.5,46.69,56.58,17.3,58.0,63.1,60.07,25.12,1,emergency,>=5_years,low,0,0
V176,bm25,91.9,1,4,186.29,54.76,76.33,15.33,72.09,54.07,66.51,44.25,4,internal_medicine,>=5_years,high,3,0
V177,bm25,111.6,1,5,184.5,57.82,83.04,17.62,74.92,50.24,78.6,42.5,2,critical_care,>=5_years,high,1,0
V178,bm25,96.93,1,4,180.33,51.52,65.99,11.99,65.82,57.97,59.66,47.71,2,hospital_medicine,>=5_years,high,0,0
V179,bm25,49.13,1,2,206.59,41.48,50.47,17.93,48.42,58.49,48.53,25.05,2,internal_medicine,>=5_years,low,0,0
V180,bm25,24.0,1,1,186.95,36.74,45.77,3.34,40.5,68.24,43.58,18.99,3,critical_care,<5_years,low,0,0
V181,bm25,125.54,0,1,200.35,56.62,71.09,25.86,72.76,46.1,79.05,44.9,4,emergency,<5_years,low,0,0
V182,bm25,300.0,0,4,177.63,70.83,100.0,34.28,100.0,5.0,100.0,85.68,1,critical_care,<5_years,high,0,0
V183,bm25,73.16,1,3,189.13,48.71,61.72,16.88,62.02,57.36,54.48,39.8,3,critical_care,<5_years,low,0,0
V184,bm25,90.11,1,4,191.73,55.37,66.41,27.96,77.5,50.06,73.11,37.15,3,hospital_medicine,>=5_years,high,2,0
V185,bm25,127.48,1,5,188.45,60.13,85.77,19.22,74.83,44.49,82.55,53.91,3,emergency,<5_years,high,2,0
V186,bm25,122.26,1,5,199.14,57.4,78.47,17.49,76.46,41.03,85.27,45.68,4,critical_care,>=5_years,high,4,0
V187,bm25,46.7,1,2,199.94,43.98,51.31,15.75,48.46,66.31,53.64,28.42,3,critical_care,>=5_years,low,0,0
V188,bm25,19.7,1,1,183.6,36.54,35.62,10.02,41.33,73.07,39.32,19.88,2,internal_medicine,>=5_years,low,0,0
V189,bm25,43.99,1,2,184.73,44.55,55.2,18.9,48.97,63.42,50.3,30.51,4,internal_medicine,<5_years,low,0,0
V190,bm25,69.69,1,3,213.65,50.06,68.73,15.97,59.08,62.3,54.52,39.77,3,critical_care,>=5_years,low,0,0
V191,bm25,69.21,1,3,203.5,50.42,69.67,22.81,58.92,57.02,58.29,35.83,4,critical_care,<5_years,low,0,0
V192,bm25,160.33,0,2,179.43,63.17,92.02,20.53,88.23,42.62,82.57,53.05,3,critical_care,<5_years,low,0,0
V193,bm25,91.95,1,4,193.09,56.47,75.86,28.96,66.44,54.93,72.54,40.06,3,critical_care,<5_years,high,0,0
V194,bm25,21.67,1,1,173.99,40.71,51.24,10.16,45.31,69.38,36.91,31.26,1,hospital_medicine,>=5_years,low,0,0
V195,bm25,118.58,1,5,189.31,59.59,85.39,15.13,77.44,49.45,84.47,45.65,1,critical_care,>=5_years,high,0,0
V196,bm25,28.74,1,1,220.72,39.84,49.77,15.53,33.08,72.45,43.5,24.75,4,emergency,<5_years,low,0,0
V197,bm25,23.06,1,1,173.06,39.99,42.12,11.57,41.39,72.11,44.85,27.88,2,hospital_medicine,<5_years,low,0,0
V198,bm25,22.03,1,1,197.28,39.08,44.33,11.36,41.35,77.61,40.54,19.3,4,hospital_medicine,>=5_years,low,0,0
V199,bm25,64.91,1,3,193.77,44.58,57.37,13.21,52.45,52.09,58.39,33.94,2,internal_medicine,<5_years,low,0,0
V200,bm25,24.91,1,1,171.0,37.82,40.95,10.3,42.4,73.09,34.71,25.49,4,critical_care,<5_years,low,0,0
V201,bm25,75.3,1,3,202.52,50.6,65.47,18.62,61.91,62.27,63.82,31.49,3,internal_medicine,<5_years,low,0,0
V202,bm25,68.18,1,3,179.14,48.18,59.62,18.21,65.99,56.54,59.39,29.33,3,hospital_medicine,<5_years,low,0,0
V203,bm25,68.11,1,3,200.13,48.92,63.57,20.28,54.47,62.05,57.3,35.85,2,emergency,>=5_years,low,0,0
V204,bm25,70.44,1,3,193.05,53.11,66.1,27.11,66.76,58.57,60.61,39.53,2,hospital_medicine,>=5_years,low,0,0
V205,bm25,47.41,1,2,173.59,44.75,53.29,13.25,51.52,67.41,53.57,29.44,1,internal_medicine,<5_years,low,0,0
V206,bm25,45.34,1,2,201.97,42.92,46.58,12.65,55.0,66.93,44.32,32.03,4,hospital_medicine,>=5_years,low,0,0
V207,bm25,20.62,1,1,179.4,36.33,46.28,6.89,41.97,68.17,39.75,14.94,2,emergency,<5_years,low,0,0
V208,bm25,122.35,1,5,181.37,62.14,92.2,19.03,78.56,41.72,89.64,51.72,1,critical_care,>=5_years,high,0,0
V209,bm25,28.27,1,1,204.05,38.25,43.62,8.52,35.76,71.12,46.53,23.98,1,hospital_medicine,>=5_years,low,0,0
V210,bm25,125.54,1,5,179.47,59.31,81.39,22.19,76.84,43.43,78.84,53.19,2,hospital_medicine,<5_years,high,2,0
V211,bm25,25.34,1,1,196.58,37.84,44.94,15.75,37.99,66.06,40.7,21.58,4,emergency,<5_years,low,0,0
V212,bm25,21.31,1,1,190.1,37.77,45.53,8.4,39.54,77.58,36.08,19.51,1,emergency,>=5_years,low,0,0
V213,bm25,93.9,1,4,167.7,53.41,70.26,13.87,65.16,55.83,70.55,44.77,3,critical_care,>=5_years,high,0,0
V214,bm25,101.81,1,4,186.29,54.44,82.23,17.85,64.07,47.94,67.46,47.12,1,internal_medicine,>=5_years,high,0,0
V215,bm25,24.34,1,1,184.16,40.59,44.53,10.2,36.52,74.93,52.01,25.36,3,internal_medicine,>=5_years,low,0,0
V216,bm25,92.18,1,4,181.85,50.93,75.31,18.99,57.43,45.27,71.45,37.16,3,hospital_medicine,>=5_years,high,0,0
V217,bm25,95.24,1,4,206.43,55.86,69.44,25.85,66.58,55.83,70.19,47.3,1,critical_care,>=5_years,high,0,0
V218,bm25,46.13,1,2,185.04,45.14,60.17,15.79,47.0,67.08,48.8,32.0,3,internal_medicine,<5_years,low,0,0
V219,bm25,106.87,1,5,183.3,57.59,84.49,22.17,74.8,47.84,73.6,42.62,1,critical_care,>=5_years,high,3,0
V220,bm25,93.24,1,4,172.11,55.15,76.26,21.46,68.82,54.85,66.57,42.93,3,internal_medicine,<5_years,high,0,0
V221,bm25,42.0,1,2,175.74,45.86,53.66,23.3,42.95,72.42,51.44,31.38,4,hospital_medicine,>=5_years,low,0,0
V222,bm25,119.06,1,5,186.88,59.65,81.22,26.48,73.36,54.63,78.77,43.46,2,emergency,<5_years,high,1,0
V223,bm25,92.19,1,4,191.46,52.63,68.65,18.78,68.84,50.21,67.8,41.48,2,emergency,<5_years,high,2,0
V224,bm25,71.24,1,3,189.13,50.74,70.06,20.91,56.13,53.42,66.53,37.37,4,internal_medicine,>=5_years,low,0,0
V225,bm25,114.21,1,5,187.12,60.69,86.98,28.47,74.96,49.8,81.69,42.22,3,hospital_medicine,>=5_years,high,2,0
V226,bm25,114.94,1,5,186.56,57.26,81.52,12.44,77.33,45.74,80.54,45.97,4,emergency,<5_years,high,0,0
V227,bm25,20.88,1,1,191.46,40.74,43.82,12.66,44.4,75.78,46.3,21.49,3,emergency,>=5_years,low,0,0
V228,bm25,109.47,1,5,189.17,59.76,87.54,17.54,78.98,48.81,80.23,45.43,3,emergency,<5_years,high,0,0
V229,bm25,222.61,0,4,192.96,70.79,100.0,29.97,100.0,28.69,100.0,66.09,3,hospital_medicine,<5_years,high,2,0
V230,bm25,45.08,1,2,185.46,44.75,52.84,7.36,47.98,68.86,58.44,33.01,3,hospital_medicine,>=5_years,low,0,0
V231,bm25,40.84,1,2,176.99,42.33,51.03,13.51,47.03,64.28,50.59,27.53,1,hospital_medicine,>=5_years,low,0,0
V232,bm25,24.17,1,1,200.83,38.44,44.54,14.74,38.25,75.09,36.65,21.37,2,internal_medicine,<5_years,low,0,0
V233,bm25,22.62,1,1,187.39,38.32,40.63,10.27,41.04,66.25,45.1,26.64,1,emergency,<5_years,low,0,0
V234,bm25,66.24,1,3,170.62,47.64,59.07,13.7,56.14,58.06,59.3,39.57,2,critical_care,>=5_years,low,0,0
V235,bm25,46.23,1,2,168.98,46.85,58.85,9.06,57.17,68.49,48.69,38.86,4,emergency,<5_years,low,0,0
V236,bm25,45.84,1,2,201.91,43.19,48.81,7.74,48.72,64.82,55.23,33.79,4,critical_care,>=5_years,low,0,0
V237,bm25,92.68,1,4,204.44,56.01,68.11,24.73,66.62,55.2,78.39,43.01,4,internal_medicine,<5_years,high,0,0
V238,bm25,119.09,1,5,186.29,60.09,80.17,23.87,76.34,51.37,78.44,50.35,2,internal_medicine,>=5_years,high,1,0
V239,bm25,98.22,1,4,188.01,52.71,73.17,15.87,68.89,49.1,69.32,39.9,2,critical_care,>=5_years,high,0,0
V240,bm25,46.3,1,2,206.31,46.61,59.19,15.46,54.0,66.82,52.43,31.74,4,emergency,<5_years,low,0,0
V241,bm25,173.89,0,3,194.28,67.17,100.0,31.84,90.57,37.01,93.04,50.57,3,internal_medicine,<5_years,low,0,0
V242,bm25,23.66,1,1,184.39,41.25,43.22,13.64,48.75,72.54,40.84,28.5,2,emergency,<5_years,low,0,0
V243,bm25,26.57,1,1,199.97,39.79,41.26,12.5,47.1,76.71,44.47,16.7,1,internal_medicine,<5_years,low,0,0
V244,bm25,40.25,1,2,189.16,43.6,53.53,13.08,41.96,80.18,43.43,29.43,4,critical_care,<5_years,low,0,0
V245,bm25,108.84,1,5,185.95,56.6,77.41,14.32,77.3,43.9,78.26,48.4,1,critical_care,<5_years,high,0,0
V246,bm25,111.33,1,5,187.74,55.15,72.61,23.39,74.73,43.93,68.25,47.99,1,critical_care,>=5_years,high,0,0
V247,bm25,111.96,1,5,208.84,58.09,74.05,22.6,73.41,51.54,83.48,43.46,1,internal_medicine,>=5_years,high,0,0
V248,bm25,96.52,1,4,179.16,55.9,74.75,19.44,71.75,52.56,72.69,44.2,3,emergency,>=5_years,high,0,0
V249,bm25,45.5,1,2,184.07,44.83,49.15,13.99,51.45,74.41,49.35,30.65,2,emergency,>=5_years,low,0,0
V250,bm25,116.19,1,5,192.65,59.76,88.42,24.75,77.15,38.42,84.05,45.74,4,emergency,>=5_years,high,0,0
V251,bm25,86.63,1,4,206.17,53.19,69.38,11.96,68.32,60.49,66.04,42.95,3,emergency,<5_years,high,0,0
V252,bm25,66.5,1,3,214.65,50.53,70.14,25.72,59.87,57.25,58.72,31.46,3,internal_medicine,<5_years,low,0,0
V253,bm25,18.6,1,1,211.1,36.98,37.61,8.45,44.49,68.37,45.12,17.84,3,hospital_medicine,>=5_years,low,0,0
V254,bm25,53.38,1,2,210.43,44.84,51.8,17.52,53.05,66.17,44.82,35.68,1,emergency,>=5_years,low,0,0
V255,bm25,19.9,1,1,166.95,38.45,47.6,6.93,38.07,72.43,42.97,22.7,3,emergency,>=5_years,low,0,0
V256,bm25,23.71,1,1,227.87,38.62,47.35,7.41,41.44,73.39,43.62,18.53,4,internal_medicine,>=5_years,low,0,0
V257,bm25,48.11,1,2,177.32,42.76,52.94,13.94,49.07,64.3,47.76,28.57,4,hospital_medicine,>=5_years,low,0,0
V258,bm25,67.94,1,3,182.15,49.91,62.81,14.54,59.7,64.47,63.93,34.01,4,critical_care,>=5_years,low,0,0
V259,bm25,19.84,1,1,199.48,36.22,35.77,6.69,35.47,72.55,40.41,26.42,3,internal_medicine,>=5_years,low,0,0
V260,bm25,94.07,1,4,183.57,57.31,79.88,25.18,71.85,52.03,73.6,41.34,4,internal_medicine,>=5_years,high,0,0
V261,bm25,177.99,0,3,190.4,66.57,94.81,17.33,94.91,36.7,98.76,56.9,2,critical_care,>=5_years,low,0,0
V262,bm25,25.59,1,1,200.57,42.65,48.73,13.97,39.17,75.9,42.15,35.95,2,internal_medicine,<5_years,low,0,0
V263,bm25,40.14,1,2,198.18,45.59,54.69,6.97,59.71,71.16,46.25,34.79,3,internal_medicine,>=5_years,low,0,0
V264,bm25,67.36,1,3,200.1,47.47,59.06,14.59,61.16,58.46,59.86,31.68,4,internal_medicine,<5_years,low,1,0
V265,bm25,89.52,1,4,189.53,54.3,72.53,23.96,65.15,59.6,75.82,28.73,1,hospital_medicine,<5_years,high,1,0
V266,bm25,103.01,1,4,177.58,55.36,73.35,20.04,68.04,50.26,76.43,44.03,2,hospital_medicine,>=5_years,high,0,0
V267,bm25,23.65,1,1,192.43,36.3,44.62,8.32,39.56,74.12,33.25,17.94,1,emergency,>=5_years,low,0,0
V268,bm25,224.17,0,5,191.07,69.4,100.0,27.6,100.0,23.69,100.0,65.08,3,emergency,<5_years,high,1,0
V269,bm25,94.31,1,4,217.84,55.36,72.26,16.5,82.05,53.3,71.09,36.98,1,internal_medicine,>=5_years,high,1,0
V270,bm25,70.44,1,3,197.05,51.36,73.52,16.64,63.16,61.32,59.0,34.52,2,internal_medicine,<5_years,low,0,0
V271,bm25,48.22,1,2,184.99,44.81,57.31,12.87,46.24,72.66,48.76,31.0,3,internal_medicine,<5_years,low,0,0
V272,bm25,67.45,1,3,180.62,49.3,65.89,16.73,53.87,60.88,55.89,42.54,4,hospital_medicine,<5_years,low,0,0
V273,bm25,96.15,1,4,177.5,54.21,73.07,22.6,60.99,50.78,67.44,50.39,4,internal_medicine,<5_years,high,0,0
V274,bm25,224.07,0,5,190.62,72.55,100.0,32.12,100.0,25.22,100.0,77.97,2,critical_care,<5_years,high,0,0
V275,bm25,200.76,0,4,185.59,70.88,100.0,31.03,100.0,34.44,100.0,59.8,1,internal_medicine,<5_years,high,2,0
V276,bm25,66.95,1,3,195.21,50.56,63.6,10.14,60.44,66.15,67.89,35.1,2,internal_medicine,<5_years,low,0,0
V277,bm25,115.25,1,5,197.64,57.74,86.75,21.27,77.91,43.21,75.27,42.05,2,internal_medicine,<5_years,high,0,0
V278,bm25,117.12,1,5,193.59,58.39,87.23,20.72,80.2,45.9,72.93,43.35,2,critical_care,<5_years,high,3,0
V279,bm25,24.43,1,1,182.13,40.06,45.5,11.52,43.9,72.43,42.94,24.05,2,emergency,<5_years,low,0,0
V280,bm25,89.09,1,4,181.28,51.59,65.28,16.21,64.13,55.11,64.62,44.16,4,critical_care,<5_years,high,0,0
V281,bm25,73.49,1,3,185.15,51.8,64.14,23.43,59.36,59.34,69.69,34.84,1,hospital_medicine,<5_years,low,0,0
V282,bm25,219.29,0,5,179.99,69.57,100.0,31.0,100.0,22.9,100.0,63.52,4,emergency,<5_years,high,0,0
V283,bm25,66.85,1,3,186.87,50.0,55.3,16.78,60.91,64.3,65.68,37.02,4,critical_care,<5_years,low,0,0
V284,bm25,73.04,1,3,192.29,49.55,68.71,8.91,57.8,62.67,56.06,43.18,3,emergency,<5_years,low,1,0
V285,bm25,148.74,0,2,176.29,60.28,78.36,14.76,80.33,52.23,83.29,52.74,3,emergency,>=5_years,low,0,0
V286,bm25,113.93,1,5,193.57,58.0,78.72,16.21,78.26,49.14,76.01,49.62,2,emergency,<5_years,high,2,0
V287,bm25,46.9,1,2,199.41,45.42,51.42,10.35,47.58,69.33,61.47,32.39,3,critical_care,<5_years,low,0,0
V288,bm25,108.65,1,5,179.3,62.42,88.98,25.07,82.55,49.41,84.81,43.69,3,emergency,<5_years,high,1,0
V289,bm25,87.28,1,4,196.26,50.35,64.89,14.86,69.04,45.22,71.81,36.28,1,critical_care,<5_years,high,0,0
V290,bm25,48.41,1,2,183.78,47.48,57.09,13.94,55.23,72.44,61.0,25.18,3,internal_medicine,<5_years,low,0,0
V291,bm25,24.4,1,1,183.32,40.47,48.12,3.31,39.76,77.63,42.38,31.61,4,critical_care,>=5_years,low,0,0
V292,bm25,48.4,1,2,161.95,46.14,57.32,15.8,50.71,63.35,55.42,34.27,2,emergency,<5_years,low,0,0
V293,bm25,93.65,1,4,180.33,54.81,72.3,16.87,68.52,54.41,75.11,41.65,4,emergency,<5_years,high,1,0
V294,bm25,43.77,1,2,203.32,43.14,60.47,10.66,51.81,63.35,45.31,27.24,3,critical_care,<5_years,low,0,0
V295,bm25,77.51,1,3,193.13,47.7,64.11,18.4,54.54,58.31,55.46,35.37,2,critical_care,>=5_years,low,0,0
V296,bm25,95.48,1,4,198.58,51.33,69.37,14.28,65.81,47.14,71.22,40.15,2,critical_care,>=5_years,high,0,0
V297,bm25,48.62,1,2,207.13,43.82,52.6,17.53,52.74,62.57,47.36,30.11,1,critical_care,<5_years,low,0,0
V298,bm25,112.56,1,5,170.34,57.36,82.32,15.69,75.29,43.56,76.56,50.71,2,emergency,<5_years,high,0,0
V299,bm25,21.73,1,1,204.1,37.15,45.7,11.27,37.8,69.11,35.26,23.78,2,internal_medicine,<5_years,low,0,0
V300,bm25,26.03,1,1,159.65,40.36,41.02,7.68,38.44,73.94,55.37,25.72,1,emergency,<5_years,low,0,0
V001,cma,42.16,1,2,160.96,38.57,43.86,5.59,42.38,74.64,40.21,24.72,3,emergency,<5_years,low,1,1
V002,cma,79.49,1,4,144.55,44.38,58.99,18.25,45.23,63.97,49.56,30.3,3,internal_medicine,<5_years,high,2,1
V003,cma,63.69,1,3,147.64,42.67,48.17,20.29,41.48,75.06,42.69,28.36,1,emergency,<5_years,low,1,1
V004,cma,60.19,1,3,149.78,40.62,49.02,13.18,39.01,67.17,45.04,30.3,1,emergency,>=5_years,low,0,1
V005,cma,20.02,1,1,126.77,29.58,27.29,5.84,29.74,75.61,24.87,14.13,1,emergency,<5_years,low,0,1
V006,cma,77.51,1,4,142.0,47.28,64.78,17.31,48.07,70.45,54.84,28.26,4,internal_medicine,<5_years,high,0,1
V007,cma,20.78,1,1,154.02,30.95,33.04,13.26,28.77,72.06,27.67,10.92,3,internal_medicine,<5_years,low,0,1
V008,cma,98.1,1,5,149.27,50.31,64.05,24.2,57.34,57.37,59.57,39.34,2,internal_medicine,<5_years,high,1,1
V009,cma,94.92,1,5,140.34,48.0,59.74,15.61,58.69,54.94,56.25,42.77,3,critical_care,<5_years,high,0,1
V010,cma,83.81,1,4,146.22,47.68,57.04,20.59,60.68,62.6,51.37,33.8,3,hospital_medicine,>=5_years,high,1,1
V011,cma,36.61,1,2,158.01,32.01,40.84,0.0,33.81,66.77,31.5,19.14,2,internal_medicine,>=5_years,low,1,1
V012,cma,20.73,1,1,155.21,32.02,33.61,10.32,29.75,78.22,27.99,12.21,2,hospital_medicine,<5_years,low,0,1
V013,cma,62.95,1,3,130.94,39.13,41.58,17.37,38.88,69.27,39.36,28.29,3,internal_medicine,<5_years,low,1,1
V014,cma,39.16,1,2,163.07,34.14,37.73,5.51,34.31,77.61,33.06,16.6,3,internal_medicine,<5_years,low,0,1
V015,cma,42.99,1,2,151.09,33.56,34.76,9.69,29.19,70.28,37.35,20.13,4,critical_care,<5_years,low,0,1
V016,cma,18.43,1,1,141.4,33.23,23.77,9.41,28.55,86.45,39.12,12.09,2,emergency,>=5_years,low,0,1
V017,cma,37.74,1,2,143.0,34.05,35.04,8.83,32.26,71.77,40.76,15.66,4,hospital_medicine,>=5_years,low,0,1
V018,cma,61.24,1,3,160.7,39.23,44.7,12.04,47.56,62.72,46.9,21.46,3,internal_medicine,<5_years,low,0,1
V019,cma,24.61,1,1,141.59,30.23,29.06,4.69,20.66,80.71,31.58,14.66,1,internal_medicine,<5_years,low,0,1
V020,cma,17.1,1,1,152.77,29.83,24.01,11.92,21.48,77.48,28.68,15.39,4,critical_care,<5_years,low,0,1
V021,cma,56.88,1,3,145.13,37.92,44.98,17.65,40.79,60.65,40.98,22.5,4,hospital_medicine,>=5_years,low,0,1
V022,cma,105.59,1,5,147.55,49.78,65.51,16.65,57.78,57.06,65.57,36.1,3,critical_care,>=5_years,high,0,1
V023,cma,45.29,1,2,140.65,34.68,33.23,13.38,34.74,72.43,36.0,18.28,1,hospital_medicine,<5_years,low,0,1
V024,cma,92.32,1,5,141.79,44.88,61.09,15.03,50.96,58.66,58.13,25.39,2,hospital_medicine,>=5_years,high,0,1
V025,cma,22.71,1,1,118.31,31.48,28.04,4.98,26.0,79.11,36.66,14.12,3,internal_medicine,>=5_years,low,0,1
V026,cma,59.26,1,3,151.24,39.89,42.67,13.65,36.15,73.76,48.83,24.31,2,emergency,>=5_years,low,0,1
V027,cma,94.75,1,5,158.27,46.55,57.75,11.5,59.49,55.75,57.93,36.87,4,emergency,>=5_years,high,0,1
V028,cma,73.66,1,4,148.99,41.98,48.28,16.81,49.84,62.69,49.19,25.11,2,hospital_medicine,>=5_years,high,2,1
V029,cma,92.82,1,4,148.65,46.36,51.91,11.55,59.35,63.56,57.72,34.05,3,emergency,>=5_years,high,0,1
V030,cma,16.94,1,1,141.62,30.22,25.43,8.59,20.96,79.44,32.58,14.35,2,emergency,<5_years,low,0,1
V031,cma,61.69,1,3,140.83,38.71,48.98,2.55,43.21,70.15,49.72,17.65,3,emergency,>=5_years,low,0,1
V032,cma,79.33,1,4,128.78,44.44,56.7,15.14,54.47,55.07,53.84,31.43,2,internal_medicine,>=5_years,high,0,1
V033,cma,43.41,1,2,144.52,36.1,37.98,13.75,39.37,69.13,39.26,17.13,2,emergency,>=5_years,low,0,1
V034,cma,95.87,1,5,141.2,50.44,66.85,20.83,58.82,65.41,61.02,29.71,3,hospital_medicine,<5_years,high,3,1
V035,cma,22.19,1,1,158.03,29.81,28.9,14.52,26.48,69.82,27.5,11.65,1,internal_medicine,<5_years,low,0,1
V036,cma,39.89,1,2,145.25,35.71,32.99,6.97,38.35,70.22,40.01,25.72,4,hospital_medicine,>=5_years,low,0,1
V037,cma,107.47,1,5,143.09,50.27,67.9,15.67,58.56,48.95,67.79,42.76,3,internal_medicine,<5_years,high,0,1
V038,cma,102.9,1,5,140.2,51.94,63.3,19.13,67.33,58.61,64.05,39.22,3,internal_medicine,>=5_years,high,0,1
V039,cma,92.34,1,5,146.55,47.62,53.77,18.91,57.12,60.15,56.89,38.86,2,hospital_medicine,<5_years,high,2,1
V040,cma,37.15,1,2,142.78,35.16,40.12,7.31,30.42,73.2,38.42,21.47,2,internal_medicine,<5_years,low,0,1
V041,cma,41.94,1,2,149.5,37.18,48.43,11.27,33.03,69.82,39.31,21.2,3,critical_care,<5_years,low,0,1
V042,cma,59.79,1,3,146.55,41.96,52.59,22.12,40.78,67.86,42.6,25.8,3,internal_medicine,<5_years,low,0,1
V043,cma,89.6,1,5,148.97,47.39,59.69,15.92,54.65,62.63,59.18,32.27,3,critical_care,<5_years,high,0,1
V044,cma,105.81,1,5,147.96,51.81,67.34,20.05,57.4,62.93,62.89,40.25,3,critical_care,<5_years,high,0,1
V045,cma,17.04,1,1,145.73,30.8,29.12,13.77,25.72,81.09,21.22,13.88,1,emergency,>=5_years,low,0,1
V046,cma,38.94,1,2,141.6,36.44,36.42,9.75,35.94,74.78,36.38,25.37,2,emergency,<5_years,low,0,1
V047,cma,95.99,1,5,139.7,47.78,55.43,20.75,57.78,56.04,61.04,35.67,3,hospital_medicine,<5_years,high,0,1
V048,cma,19.42,1,1,141.78,31.3,28.82,4.83,27.2,79.94,33.54,13.45,2,emergency,>=5_years,low,0,1
V049,cma,16.81,1,1,143.18,30.99,29.22,10.21,26.58,75.72,28.79,15.44,3,critical_care,<5_years,low,0,1
V050,cma,80.68,1,4,150.43,45.52,57.29,18.84,50.99,57.27,62.6,26.12,2,internal_medicine,<5_years,high,0,1
V051,cma,36.65,1,2,158.22,34.4,34.71,10.78,31.87,73.15,35.69,20.19,2,internal_medicine,>=5_years,low,0,1
V052,cma,112.86,1,5,141.53,53.37,67.85,21.82,65.08,55.42,68.67,41.4,2,emergency,<5_years,high,0,1
V053,cma,82.32,1,4,143.74,46.09,50.33,11.28,54.76,69.16,58.38,32.64,4,hospital_medicine,>=5_years,high,0,1
V054,cma,40.16,1,2,149.14,34.36,39.35,4.17,30.0,65.49,38.27,28.86,2,critical_care,>=5_years,low,0,1
V055,cma,36.64,1,2,147.04,37.23,41.08,13.9,36.18,78.53,35.08,18.6,1,hospital_medicine,>=5_years,low,0,1
V056,cma,59.54,1,3,143.88,41.12,46.09,16.16,39.4,68.56,46.2,30.32,3,internal_medicine,>=5_years,low,1,1
V057,cma,38.05,1,2,146.62,35.59,43.66,7.49,33.96,80.26,34.13,14.03,4,hospital_medicine,>=5_years,low,0,1
V058,cma,58.78,1,3,137.2,39.91,44.9,11.42,37.73,71.52,48.36,25.55,4,internal_medicine,<5_years,low,1,1
V059,cma,79.94,1,4,140.79,47.14,52.86,19.07,54.72,68.77,52.56,34.87,2,emergency,<5_years,high,1,1
V060,cma,195.9,0,5,139.24,66.91,98.25,34.65,90.94,35.61,90.1,51.93,2,hospital_medicine,<5_years,high,0,1
V061,cma,78.05,1,4,159.83,44.57,52.99,19.12,54.18,61.58,50.1,29.44,2,hospital_medicine,>=5_years,high,0,1
V062,cma,63.36,1,3,135.15,39.71,44.88,11.71,34.32,68.49,49.42,29.45,2,internal_medicine,>=5_years,low,0,1
V063,cma,20.88,1,1,151.03,31.01,29.41,15.17,26.38,78.7,26.1,10.33,3,internal_medicine,<5_years,low,0,1
V064,cma,18.63,1,1,140.49,28.83,30.36,2.43,25.12,75.75,27.13,12.21,3,hospital_medicine,<5_years,low,0,1
V065,cma,95.98,1,5,142.38,49.05,63.04,14.58,59.15,64.87,60.28,32.41,3,critical_care,<5_years,high,0,1
V066,cma,20.85,1,1,158.14,31.63,28.72,11.79,18.86,74.36,30.75,25.31,2,critical_care,<5_years,low,0,1
V067,cma,21.7,1,1,120.65,32.63,26.17,6.84,30.93,83.9,30.09,17.84,1,critical_care,<5_years,low,0,1
V068,cma,51.75,1,3,142.7,39.7,38.62,17.85,38.33,69.81,46.55,27.03,1,emergency,<5_years,low,0,1
V069,cma,60.71,1,3,157.19,41.09,46.64,5.69,43.18,73.74,44.27,33.02,1,hospital_medicine,<5_years,low,0,1
V070,cma,20.05,1,1,138.18,31.33,24.81,5.94,29.15,72.42,36.9,18.75,1,emergency,>=5_years,low,0,1
V071,cma,150.78,0,3,152.11,57.99,82.59,21.95,72.61,48.04,78.29,44.48,3,internal_medicine,>=5_years,low,0,1
V072,cma,90.43,1,4,144.62,46.28,48.18,14.14,57.44,64.13,58.29,35.54,1,internal_medicine,<5_years,high,1,1
V073,cma,66.59,1,3,144.56,40.27,50.85,21.75,43.38,65.63,38.83,21.18,3,critical_care,<5_years,low,0,1
V074,cma,96.08,1,5,139.57,50.44,67.69,17.45,58.96,59.3,61.96,37.26,3,emergency,<5_years,high,0,1
V075,cma,37.14,1,2,133.96,34.46,33.19,8.65,34.68,76.79,32.03,21.44,1,hospital_medicine,<5_years,low,0,1
V076,cma,104.4,1,5,147.23,47.97,61.6,15.5,63.43,54.39,67.29,25.65,2,emergency,<5_years,high,0,1
V077,cma,17.86,1,1,130.94,30.04,25.37,9.1,29.8,78.68,28.62,8.67,3,hospital_medicine,<5_years,low,0,1
V078,cma,58.15,1,3,151.53,41.57,47.02,12.54,41.61,67.82,55.44,25.01,3,internal_medicine,<5_years,low,0,1
V079,cma,21.47,1,1,153.52,33.57,35.0,11.51,30.51,78.84,28.45,17.12,4,hospital_medicine,<5_years,low,0,1
V080,cma,41.42,1,2,150.38,34.31,47.13,11.94,32.19,69.8,31.86,12.93,3,hospital_medicine,>=5_years,low,0,1
V081,cma,43.56,1,2,152.08,36.21,46.99,12.16,35.34,71.44,33.46,17.86,1,internal_medicine,>=5_years,low,1,1
V082,cma,87.98,1,4,157.4,46.63,64.6,13.94,57.34,62.39,46.54,34.96,3,critical_care,<5_years,high,0,1
V083,cma,85.18,1,4,163.68,45.02,60.01,16.08,55.26,55.61,48.26,34.91,4,hospital_medicine,<5_years,high,0,1
V084,cma,59.71,1,3,141.91,40.09,49.95,9.39,43.59,68.01,42.54,27.09,1,hospital_medicine,<5_years,high,2,1
V085,cma,77.77,1,4,138.18,44.85,52.94,17.9,52.46,61.39,54.24,30.19,2,emergency,<5_years,high,1,1
V086,cma,18.14,1,1,145.25,34.16,32.68,3.96,31.41,85.87,26.72,24.35,3,hospital_medicine,>=5_years,low,0,1
V087,cma,17.84,1,1,134.73,31.22,30.05,9.31,25.77,84.37,26.76,11.06,1,critical_care,<5_years,low,0,1
V088,cma,102.39,1,5,150.99,52.74,69.52,19.14,71.61,52.71,67.32,36.14,3,internal_medicine,>=5_years,high,0,1
V089,cma,19.65,1,1,148.98,33.27,31.03,13.94,24.12,80.28,31.86,18.38,1,hospital_medicine,>=5_years,low,0,1
V090,cma,61.31,1,3,146.41,43.17,50.24,15.93,47.72,71.42,51.29,22.43,1,emergency,>=5_years,low,0,1
V091,cma,67.86,1,3,131.3,42.0,46.5,16.6,45.87,66.56,49.08,27.37,4,emergency,>=5_years,low,0,1
V092,cma,17.76,1,1,150.38,29.65,25.29,7.17,25.7,85.43,26.45,7.87,4,critical_care,<5_years,low,0,1
V093,cma,98.78,1,5,145.09,52.11,66.97,24.63,64.07,55.82,60.0,41.19,2,hospital_medicine,>=5_years,high,0,1
V094,cma,79.23,1,4,138.12,44.81,58.47,15.64,54.57,60.55,48.17,31.44,4,internal_medicine,<5_years,high,0,1
V095,cma,20.14,1,1,146.72,30.65,35.78,11.22,25.19,80.0,27.05,4.68,2,internal_medicine,>=5_years,low,0,1
V096,cma,43.13,1,2,144.67,36.68,35.14,13.07,40.09,74.15,37.87,19.74,3,critical_care,>=5_years,low,0,1
V097,cma,19.09,1,1,123.76,34.57,36.45,15.65,26.54,86.14,32.66,9.99,3,internal_medicine,>=5_years,low,0,1
V098,cma,81.47,1,4,146.76,45.18,59.28,21.34,52.06,62.45,47.13,28.8,1,internal_medicine,<5_years,high,0,1
V099,cma,37.96,1,2,142.86,36.44,45.68,12.81,35.05,70.99,39.68,14.45,2,internal_medicine,<5_years,low,0,1
V100,cma,63.28,1,3,156.41,39.3,43.72,14.58,43.89,67.27,43.19,23.15,1,emergency,<5_years,low,0,1
V101,cma,80.15,1,4,139.53,45.65,54.65,22.17,49.54,64.81,48.6,34.11,2,internal_medicine,<5_years,high,0,1
V102,cma,19.75,1,1,182.22,31.83,32.44,7.8,21.54,83.48,27.18,18.56,4,internal_medicine,<5_years,low,0,1
V103,cma,285.87,0,5,142.66,70.66,100.0,36.19,100.0,18.52,100.0,69.24,3,internal_medicine,<5_years,high,0,1
V104,cma,22.46,1,1,151.9,30.34,30.44,11.02,28.03,76.03,24.72,11.79,1,internal_medicine,>=5_years,low,0,1
V105,cma,39.02,1,2,126.66,33.87,35.8,5.37,25.0,76.21,36.92,23.93,4,emergency,>=5_years,low,0,1
V106,cma,184.6,0,4,152.47,62.25,92.75,27.41,82.28,42.67,80.15,48.24,1,internal_medicine,<5_years,high,0,1
V107,cma,22.81,1,1,150.56,33.92,31.63,8.17,33.81,82.4,29.65,17.88,2,emergency,>=5_years,low,0,1
V108,cma,63.29,1,3,160.99,39.57,45.45,10.21,43.61,65.92,41.09,31.11,1,critical_care,>=5_years,low,0,1
V109,cma,58.78,1,3,155.6,39.26,47.42,13.91,44.61,63.81,40.97,24.84,1,emergency,>=5_years,low,0,1
V110,cma,59.52,1,3,136.26,40.85,46.05,20.12,42.01,70.11,46.94,19.89,1,internal_medicine,>=5_years,low,0,1
V111,cma,42.37,1,2,160.79,38.31,34.22,13.25,43.26,74.87,36.76,27.51,1,internal_medicine,<5_years,low,0,1
V112,cma,79.32,1,4,140.15,43.33,55.99,11.67,46.56,65.21,50.79,29.78,4,internal_medicine,>=5_years,high,0,1
V113,cma,45.91,1,2,143.3,34.7,37.43,12.82,35.99,64.93,40.57,16.45,1,critical_care,>=5_years,low,0,1
V114,cma,79.24,1,4,155.67,44.13,58.07,13.89,51.62,56.86,54.26,30.06,3,hospital_medicine,>=5_years,high,0,1
V115,cma,93.27,1,5,149.17,47.55,61.15,17.42,61.13,57.69,57.86,30.05,1,internal_medicine,<5_years,high,2,1
V116,cma,43.21,1,2,152.45,40.09,46.25,9.21,34.87,85.23,39.46,25.54,2,hospital_medicine,<5_years,low,0,1
V117,cma,103.36,1,5,146.36,49.32,64.91,15.56,62.47,57.77,66.16,29.03,3,hospital_medicine,>=5_years,high,3,1
V118,cma,86.31,1,4,153.05,49.02,60.06,19.93,53.98,65.65,59.12,35.4,2,critical_care,>=5_years,high,1,1
V119,cma,58.41,1,3,140.58,42.78,59.04,16.39,40.64,72.66,43.11,24.86,1,critical_care,>=5_years,low,0,1
V120,cma,64.7,1,3,154.55,39.73,49.14,13.56,42.52,63.18,44.59,25.39,4,critical_care,<5_years,low,0,1
V121,cma,58.62,1,3,137.5,38.24,47.29,11.46,44.63,71.66,35.08,19.32,4,critical_care,>=5_years,low,0,1
V122,cma,97.43,1,5,155.41,49.87,64.45,15.75,63.92,53.86,64.93,36.31,4,internal_medicine,>=5_years,high,0,1
V123,cma,104.2,1,5,142.44,53.95,76.49,25.23,58.75,54.86,66.86,41.52,2,emergency,>=5_years,high,0,1
V124,cma,79.24,1,4,143.46,42.66,59.32,12.44,49.53,55.78,53.71,25.21,3,internal_medicine,<5_years,high,0,1
V125,cma,61.02,1,3,147.75,41.33,42.78,13.08,35.08,72.28,53.13,31.64,3,hospital_medicine,<5_years,low,0,1
V126,cma,54.23,1,3,135.4,37.58,43.07,8.79,45.15,65.58,41.47,21.42,1,internal_medicine,>=5_years,low,1,1
V127,cma,23.45,1,1,162.94,30.65,33.13,3.87,28.66,75.49,26.21,16.54,2,emergency,>=5_years,low,0,1
V128,cma,63.15,1,3,145.81,42.99,47.4,15.78,47.47,71.27,47.79,28.23,1,emergency,<5_years,low,0,1
V129,cma,41.63,1,2,137.52,32.02,43.45,3.8,27.15,69.46,36.68,11.58,2,emergency,<5_years,low,0,1
V130,cma,18.16,1,1,135.21,31.16,24.87,3.56,31.26,83.79,25.97,17.51,4,emergency,>=5_years,low,0,1
V131,cma,22.61,1,1,138.21,32.77,31.0,2.07,32.65,78.23,28.38,24.28,3,internal_medicine,<5_years,low,0,1
V132,cma,103.47,1,5,133.62,48.66,60.78,17.02,61.22,53.6,68.21,31.1,1,emergency,<5_years,high,0,1
V133,cma,83.12,1,4,147.48,48.01,56.66,20.29,54.49,61.05,57.63,37.96,4,critical_care,<5_years,high,2,1
V134,cma,21.15,1,1,146.46,31.18,28.17,6.16,22.25,86.13,27.46,16.93,3,critical_care,>=5_years,low,0,1
V135,cma,94.17,1,5,136.28,49.64,63.9,21.21,66.63,56.11,55.68,34.32,4,emergency,<5_years,high,0,1
V136,cma,62.86,1,3,149.64,37.68,49.64,10.42,36.22,63.62,44.86,21.3,4,internal_medicine,<5_years,low,0,1
V137,cma,46.35,1,2,141.47,37.56,42.44,6.36,30.03,78.6,40.16,27.81,1,emergency,<5_years,low,0,1
V138,cma,24.47,1,1,148.39,31.41,31.31,3.67,33.13,77.0,29.95,13.42,3,emergency,<5_years,low,0,1
V139,cma,98.94,1,5,146.87,45.52,58.92,14.07,58.11,51.8,56.68,33.52,1,emergency,<5_years,high,0,1
V140,cma,24.49,1,1,169.8,31.34,30.52,11.45,22.3,77.31,29.13,17.3,2,critical_care,>=5_years,low,0,1
V141,cma,79.11,1,4,150.27,45.5,57.78,17.18,54.04,61.89,55.15,26.99,2,internal_medicine,<5_years,high,0,1
V142,cma,19.84,1,1,150.25,31.61,21.46,7.98,28.46,83.35,31.97,16.43,4,hospital_medicine,>=5_years,low,0,1
V143,cma,115.74,0,1,149.1,46.45,59.88,20.04,53.29,60.11,58.81,26.59,1,internal_medicine,>=5_years,low,0,1
V144,cma,44.54,1,2,151.88,36.41,41.95,7.87,34.73,73.1,39.09,21.71,1,hospital_medicine,<5_years,low,0,1
V145,cma,17.52,1,1,125.98,30.27,31.66,8.37,23.6,80.11,22.87,15.0,3,emergency,<5_years,low,0,1
V146,cma,22.07,1,1,180.27,30.94,26.26,15.99,26.96,75.66,22.51,18.27,1,hospital_medicine,>=5_years,low,0,1
V147,cma,89.88,1,4,162.32,46.0,57.1,21.74,52.22,59.85,58.02,27.03,3,internal_medicine,<5_years,high,0,1
V148,cma,22.54,1,1,146.33,31.1,30.76,6.65,31.1,82.25,23.09,12.79,1,internal_medicine,<5_years,low,0,1
V149,cma,22.02,1,1,136.76,35.65,39.3,16.68,27.96,77.32,31.24,21.41,3,critical_care,<5_years,low,0,1
V150,cma,63.29,1,3,148.04,41.54,45.73,12.6,49.47,75.39,40.12,25.91,1,hospital_medicine,<5_years,low,1,1
V151,cma,96.44,1,5,143.02,47.19,60.13,19.38,60.28,52.37,60.04,30.94,4,emergency,<5_years,high,1,1
V152,cma,40.09,1,2,164.24,35.85,43.22,12.79,30.95,72.81,34.83,20.49,2,internal_medicine,<5_years,low,0,1
V153,cma,100.72,1,5,149.11,48.53,61.21,14.38,58.28,59.04,64.41,33.86,4,hospital_medicine,>=5_years,high,0,1
V154,cma,105.56,1,5,149.79,53.14,72.85,20.32,67.96,52.46,69.6,35.64,4,critical_care,<5_years,high,0,1
V155,cma,65.71,1,3,145.3,40.79,47.94,10.94,41.77,69.66,48.96,25.5,2,internal_medicine,>=5_years,high,2,1
V156,cma,37.22,1,2,143.96,35.44,30.04,9.83,39.93,72.64,43.54,16.65,1,critical_care,<5_years,low,0,1
V157,cma,81.13,1,4,143.87,47.4,62.78,13.94,58.79,64.67,53.55,30.69,3,hospital_medicine,>=5_years,high,0,1
V158,cma,37.44,1,2,153.11,37.5,40.9,14.93,33.63,80.42,31.11,24.02,1,critical_care,>=5_years,low,0,1
V159,cma,97.46,1,5,139.67,50.61,66.42,23.6,62.52,61.4,65.73,23.98,2,critical_care,>=5_years,high,0,1
V160,cma,55.01,1,3,128.9,38.64,44.34,12.15,36.07,72.83,43.78,22.66,2,hospital_medicine,<5_years,low,0,1
V161,cma,98.03,1,5,151.55,50.32,65.72,20.86,56.1,57.84,64.45,36.96,4,internal_medicine,<5_years,high,2,1
V162,cma,100.6,1,5,142.92,49.93,64.85,22.32,63.23,53.58,60.13,35.46,1,emergency,>=5_years,high,0,1
V163,cma,59.84,1,3,154.81,40.75,44.22,14.48,47.85,68.68,47.98,21.3,1,emergency,>=5_years,high,2,1
V164,cma,102.99,1,5,164.34,54.19,66.75,22.67,68.82,62.95,65.17,38.79,3,critical_care,<5_years,high,2,1
V165,cma,21.49,1,1,149.59,32.19,32.64,6.58,28.34,78.66,27.1,19.8,2,emergency,<5_years,low,0,1
V166,cma,80.07,1,4,144.36,43.78,54.33,11.58,52.63,58.68,54.19,31.29,3,internal_medicine,<5_years,high,2,1
V167,cma,64.54,1,3,156.96,43.65,47.48,14.63,49.62,65.66,54.31,30.22,3,critical_care,<5_years,low,0,1
V168,cma,39.64,1,2,162.48,34.61,36.38,10.67,34.41,74.77,34.1,17.34,2,emergency,>=5_years,low,0,1
V169,cma,19.28,1,1,122.68,32.6,30.3,9.39,26.9,84.42,29.68,14.87,3,critical_care,>=5_years,low,0,1
V170,cma,24.4,1,1,159.66,32.84,35.74,13.52,30.09,76.56,30.35,10.78,2,critical_care,<5_years,low,0,1
V171,cma,45.37,1,2,159.95,32.56,37.85,7.2,32.7,65.0,40.26,12.38,2,internal_medicine,<5_years,low,0,1
V172,cma,102.65,1,5,144.41,50.09,66.77,11.31,60.37,62.2,61.18,38.74,4,critical_care,>=5_years,high,4,1
V173,cma,93.77,1,5,140.77,48.74,64.01,17.76,57.56,56.7,63.57,32.85,4,internal_medicine,<5_years,high,3,1
V174,cma,109.96,1,5,150.94,49.32,63.53,19.57,56.7,54.22,62.92,38.96,4,emergency,<5_years,high,0,1
V175,cma,38.67,1,2,132.46,34.38,40.28,6.59,23.77,75.29,38.89,21.45,2,emergency,>=5_years,low,0,1
V176,cma,75.66,1,4,140.87,43.08,50.84,16.29,48.34,66.93,47.42,28.67,3,internal_medicine,>=5_years,high,3,1
V177,cma,104.61,1,5,139.76,50.87,66.3,19.58,69.08,50.01,63.58,36.67,4,critical_care,>=5_years,high,1,1
V178,cma,79.75,1,4,150.79,43.09,49.75,18.61,48.39,62.43,55.31,24.04,3,hospital_medicine,>=5_years,high,0,1
V179,cma,38.88,1,2,173.5,36.84,39.79,10.87,36.07,77.79,37.75,18.79,4,internal_medicine,>=5_years,low,0,1
V180,cma,24.17,1,1,167.28,33.79,29.82,9.71,27.87,84.21,37.28,13.84,1,critical_care,<5_years,low,0,1
V181,cma,21.32,1,1,134.53,32.47,34.0,7.04,25.21,82.97,29.06,16.52,1,emergency,<5_years,low,0,1
V182,cma,80.4,1,4,149.73,43.71,53.02,12.87,51.27,59.74,52.13,33.24,4,critical_care,<5_years,high,0,1
V183,cma,58.78,1,3,147.02,40.64,44.68,9.81,45.41,75.58,45.69,22.67,2,critical_care,<5_years,low,0,1
V184,cma,85.38,1,4,148.14,44.87,56.0,18.43,56.41,57.59,47.27,33.5,2,hospital_medicine,>=5_years,high,2,1
V185,cma,105.86,1,5,140.37,49.57,64.07,10.28,66.9,52.4,67.25,36.52,2,emergency,<5_years,high,2,1
V186,cma,85.24,1,5,141.91,47.24,59.38,19.39,58.38,59.45,54.59,32.25,2,critical_care,>=5_years,high,4,1
V187,cma,40.4,1,2,130.21,36.25,38.07,12.32,38.16,67.71,38.85,22.4,2,critical_care,>=5_years,low,0,1
V188,cma,22.37,1,1,135.49,31.82,26.54,18.5,27.1,78.03,23.72,17.02,4,internal_medicine,>=5_years,low,0,1
V189,cma,40.69,1,2,173.99,34.07,38.96,12.4,31.3,66.09,35.21,20.47,2,internal_medicine,<5_years,low,0,1
V190,cma,54.65,1,3,138.77,41.04,51.36,9.29,38.63,75.58,44.0,27.35,4,critical_care,>=5_years,low,0,1
V191,cma,60.27,1,3,155.9,41.27,54.43,8.27,43.71,68.72,45.44,27.04,2,critical_care,<5_years,low,0,1
V192,cma,40.72,1,2,126.75,38.64,45.21,12.45,38.3,80.8,33.76,21.32,4,critical_care,<5_years,low,0,1
V193,cma,74.69,1,4,152.38,44.02,59.9,16.83,50.29,60.82,47.45,28.83,4,critical_care,<5_years,high,0,1
V194,cma,18.71,1,1,135.18,30.65,27.63,9.32,24.13,78.01,26.46,18.36,3,hospital_medicine,>=5_years,low,0,1
V195,cma,104.2,1,5,151.48,50.75,68.63,22.52,60.83,53.65,66.91,31.99,4,critical_care,>=5_years,high,0,1
V196,cma,18.77,1,1,136.04,28.99,30.26,5.05,33.92,73.75,14.81,16.15,3,emergency,<5_years,low,0,1
V197,cma,16.53,1,1,160.87,32.52,22.79,15.27,27.05,85.23,27.15,17.62,1,hospital_medicine,<5_years,low,0,1
V198,cma,21.92,1,1,165.93,27.79,22.81,2.79,22.35,75.4,28.18,15.21,2,hospital_medicine,>=5_years,low,0,1
V199,cma,61.69,1,3,153.68,39.54,47.82,8.24,42.56,68.7,40.07,29.83,1,internal_medicine,<5_years,low,0,1
V200,cma,21.31,1,1,153.3,29.19,24.26,8.23,25.34,78.22,23.86,15.24,1,critical_care,<5_years,low,0,1
V201,cma,61.07,1,3,143.76,39.44,47.09,12.58,45.49,70.93,41.21,19.33,1,internal_medicine,<5_years,low,0,1
V202,cma,59.75,1,3,147.93,40.73,50.09,7.14,41.44,74.15,46.32,25.26,1,hospital_medicine,<5_years,low,0,1
V203,cma,59.71,1,3,146.25,39.38,42.14,11.29,43.42,74.46,38.97,25.97,4,emergency,>=5_years,low,0,1
V204,cma,55.57,1,3,153.13,38.76,49.84,9.56,41.51,70.87,46.86,13.91,3,hospital_medicine,>=5_years,low,0,1
V205,cma,39.6,1,2,164.01,38.33,38.07,13.1,37.33,75.43,39.64,26.39,3,internal_medicine,<5_years,low,0,1
V206,cma,34.96,1,2,148.74,33.68,33.86,9.15,36.55,72.68,29.34,20.49,3,hospital_medicine,>=5_years,low,0,1
V207,cma,19.51,1,1,147.74,31.2,27.55,7.99,26.43,81.09,28.67,15.49,4,emergency,<5_years,low,0,1
V208,cma,97.34,1,5,151.72,49.62,58.94,18.85,62.51,57.48,64.62,35.31,2,critical_care,>=5_years,high,0,1
V209,cma,19.72,1,1,147.83,29.85,23.54,7.44,25.05,79.26,22.84,20.95,3,hospital_medicine,>=5_years,low,0,1
V210,cma,92.98,1,5,151.44,51.34,63.84,17.32,60.27,63.09,71.25,32.3,1,hospital_medicine,<5_years,high,2,1
V211,cma,21.51,1,1,142.75,32.72,26.38,12.41,31.2,80.94,29.66,15.72,3,emergency,<5_years,low,0,1
V212,cma,18.03,1,1,143.19,32.24,30.22,10.88,33.06,80.77,27.42,11.11,2,emergency,>=5_years,low,0,1
V213,cma,78.55,1,4,140.35,41.58,51.82,7.47,51.12,60.14,54.24,24.67,1,critical_care,>=5_years,high,0,1
V214,cma,79.86,1,4,149.37,46.05,59.08,12.11,50.54,61.51,52.72,40.36,4,internal_medicine,>=5_years,high,0,1
V215,cma,21.93,1,1,121.1,32.96,31.42,15.89,28.63,81.3,23.75,16.76,4,internal_medicine,>=5_years,low,0,1
V216,cma,84.57,1,4,138.23,44.05,60.86,12.59,53.81,54.28,57.05,25.68,4,hospital_medicine,>=5_years,high,0,1
V217,cma,78.39,1,4,153.34,45.65,61.93,9.57,46.05,65.81,53.07,37.44,2,critical_care,>=5_years,high,0,1
V218,cma,40.79,1,2,125.42,37.11,34.92,16.03,37.76,76.07,36.78,21.08,4,internal_medicine,<5_years,low,0,1
V219,cma,107.02,1,5,165.26,50.57,65.79,26.54,54.31,53.78,66.22,36.8,2,critical_care,>=5_years,high,3,1
V220,cma,83.92,1,4,167.64,47.12,54.26,17.13,53.42,66.16,58.55,33.2,1,internal_medicine,<5_years,high,0,1
V221,cma,38.49,1,2,136.74,34.85,37.28,9.64,34.36,75.87,34.93,16.99,3,hospital_medicine,>=5_years,low,0,1
V222,cma,101.19,1,5,145.8,50.21,60.38,17.42,57.17,61.63,67.34,37.31,4,emergency,<5_years,high,1,1
V223,cma,86.24,1,4,140.95,47.45,59.64,20.96,55.78,62.48,56.16,29.69,3,emergency,<5_years,high,2,1
V224,cma,54.44,1,3,148.07,41.44,46.49,16.91,46.28,73.27,46.18,19.53,2,internal_medicine,>=5_years,low,0,1
V225,cma,93.86,1,5,150.29,46.54,68.2,16.0,51.34,56.31,58.72,28.69,1,hospital_medicine,>=5_years,high,2,1
V226,cma,95.4,1,5,150.57,49.28,61.86,16.58,56.97,54.86,68.8,36.6,2,emergency,<5_years,high,0,1
V227,cma,19.59,1,1,138.46,30.08,28.66,6.61,28.41,76.26,27.29,13.24,1,emergency,>=5_years,low,0,1
V228,cma,101.4,1,5,144.4,49.77,67.3,24.12,56.75,54.73,64.55,31.17,4,emergency,<5_years,high,0,1
V229,cma,180.81,0,4,157.44,62.81,88.32,24.86,74.51,51.21,86.02,51.95,4,hospital_medicine,<5_years,high,2,1
V230,cma,43.84,1,2,139.22,37.47,39.84,12.93,38.23,69.51,39.92,24.39,4,hospital_medicine,>=5_years,low,0,1
V231,cma,42.57,1,2,164.0,36.21,43.25,8.4,26.38,73.05,41.14,25.02,4,hospital_medicine,>=5_years,low,0,1
V232,cma,23.16,1,1,147.0,32.69,31.73,5.49,22.85,80.81,32.59,22.69,4,internal_medicine,<5_years,low,0,1
V233,cma,17.52,1,1,143.03,28.89,26.36,3.15,21.86,79.51,27.75,14.7,2,emergency,<5_years,low,0,1
V234,cma,57.45,1,3,153.46,37.92,47.42,7.8,38.26,68.16,42.95,22.95,4,critical_care,>=5_years,low,0,1
V235,cma,41.23,1,2,142.19,37.15,40.4,13.72,37.44,75.44,36.01,19.93,3,emergency,<5_years,low,0,1
V236,cma,39.66,1,2,138.58,36.09,42.87,13.74,37.55,69.62,31.68,21.1,1,critical_care,>=5_years,low,0,1
V237,cma,86.24,1,4,169.33,46.2,61.64,18.38,52.83,63.72,49.53,31.08,3,internal_medicine,<5_years,high,0,1
V238,cma,99.84,1,5,156.81,51.27,70.58,21.62,62.21,58.63,60.71,33.88,4,internal_medicine,>=5_years,high,1,1
V239,cma,78.51,1,4,161.66,44.18,50.11,13.36,56.61,61.86,56.14,26.97,3,critical_care,>=5_years,high,0,1
V240,cma,41.48,1,2,144.35,34.13,35.23,11.32,26.76,73.51,41.23,16.71,3,emergency,<5_years,low,0,1
V241,cma,165.66,0,3,137.54,58.59,84.15,26.73,76.22,43.57,77.2,43.64,2,internal_medicine,<5_years,low,0,1
V242,cma,22.77,1,1,159.28,29.89,30.18,10.16,20.1,74.52,26.15,18.21,4,emergency,<5_years,low,0,1
V243,cma,23.82,1,1,147.11,32.45,40.73,4.26,24.73,84.12,25.6,15.24,2,internal_medicine,<5_years,low,0,1
V244,cma,38.52,1,2,144.42,37.66,39.49,13.23,39.58,74.24,41.08,18.36,3,critical_care,<5_years,low,0,1
V245,cma,98.24,1,5,147.33,50.19,73.46,15.22,58.35,54.08,63.93,36.12,3,critical_care,<5_years,high,0,1
V246,cma,106.79,1,5,145.74,50.01,66.14,18.04,61.86,57.03,63.02,33.96,2,critical_care,>=5_years,high,0,1
V247,cma,100.27,1,5,153.05,49.31,68.16,16.77,59.78,59.5,55.83,35.81,2,internal_medicine,>=5_years,high,0,1
V248,cma,81.68,1,4,144.0,43.14,57.41,17.73,50.64,54.21,49.21,29.63,2,emergency,>=5_years,high,0,1
V249,cma,45.16,1,2,141.29,37.43,38.88,3.33,40.91,76.19,46.22,19.04,3,emergency,>=5_years,low,0,1
V250,cma,101.69,1,5,145.35,48.96,67.28,18.56,51.37,52.98,67.68,35.9,1,emergency,>=5_years,high,0,1
V251,cma,81.22,1,4,142.94,45.35,55.34,16.29,49.52,58.99,59.52,32.47,4,emergency,<5_years,high,0,1
V252,cma,58.24,1,3,141.97,40.63,50.36,12.01,41.38,71.11,45.03,23.87,4,internal_medicine,<5_years,low,0,1
V253,cma,19.31,1,1,154.0,32.71,30.25,11.04,22.94,81.86,31.42,18.74,4,hospital_medicine,>=5_years,low,0,1
V254,cma,39.02,1,2,124.97,37.13,42.99,6.86,36.38,72.83,43.96,19.78,4,emergency,>=5_years,low,0,1
V255,cma,20.06,1,1,142.16,33.01,37.71,2.81,24.91,84.24,30.05,18.33,2,emergency,>=5_years,low,0,1
V256,cma,19.63,1,1,155.76,31.3,27.24,8.62,28.29,78.19,30.04,15.44,3,internal_medicine,>=5_years,low,0,1
V257,cma,42.5,1,2,150.51,35.16,34.11,10.16,37.19,66.93,38.14,24.42,1,hospital_medicine,>=5_years,low,0,1
V258,cma,65.01,1,3,140.39,43.41,46.89,16.43,47.01,68.6,52.13,29.42,3,critical_care,>=5_years,low,0,1
V259,cma,18.62,1,1,149.16,31.16,30.54,9.35,28.35,72.12,34.15,12.43,1,internal_medicine,>=5_years,low,0,1
V260,cma,76.95,1,4,143.82,44.05,58.99,12.87,50.17,62.41,49.18,30.69,1,internal_medicine,>=5_years,high,0,1
V261,cma,56.57,1,3,147.54,38.71,42.33,14.04,36.81,73.79,45.57,19.71,1,critical_care,>=5_years,low,0,1
V262,cma,18.22,1,1,140.14,32.54,32.24,8.72,24.48,83.95,30.09,15.78,3,internal_medicine,<5_years,low,0,1
V263,cma,38.39,1,2,140.81,35.86,33.82,12.61,28.49,74.97,37.82,27.42,4,internal_medicine,>=5_years,low,0,1
V264,cma,57.61,1,3,150.78,41.86,47.93,15.53,46.23,70.48,44.29,26.73,3,internal_medicine,<5_years,low,1,1
V265,cma,80.74,1,4,138.05,43.73,53.23,14.11,55.06,52.03,59.14,28.81,3,hospital_medicine,<5_years,high,1,1
V266,cma,81.25,1,4,138.91,44.96,49.44,18.58,47.3,63.93,61.08,29.41,4,hospital_medicine,>=5_years,high,0,1
V267,cma,19.58,1,1,160.41,30.81,29.62,3.92,25.87,81.44,27.82,16.19,3,emergency,>=5_years,low,0,1
V268,cma,100.67,1,5,142.62,51.68,64.83,19.33,65.74,50.94,69.98,39.27,4,emergency,<5_years,high,1,1
V269,cma,78.62,1,4,148.63,43.88,55.99,18.35,51.14,58.71,53.19,25.87,3,internal_medicine,>=5_years,high,1,1
V270,cma,62.86,1,3,160.71,40.58,52.38,5.84,38.79,69.03,51.09,26.37,3,internal_medicine,<5_years,low,0,1
V271,cma,41.21,1,2,141.8,37.65,48.9,10.86,33.81,73.78,38.87,19.71,2,internal_medicine,<5_years,low,0,1
V272,cma,64.26,1,3,146.92,40.15,42.19,6.86,45.88,65.52,50.57,29.86,1,hospital_medicine,<5_years,low,0,1
V273,cma,84.3,1,4,147.92,46.63,57.55,19.84,51.85,65.03,56.14,29.39,2,internal_medicine,<5_years,high,0,1
V274,cma,101.66,1,5,135.31,49.36,62.42,14.35,60.03,59.77,65.72,33.83,3,critical_care,<5_years,high,0,1
V275,cma,81.14,1,4,140.64,46.0,54.32,10.36,56.76,66.05,53.42,35.06,3,internal_medicine,<5_years,high,2,1
V276,cma,57.23,1,3,160.06,39.42,41.68,12.1,42.12,71.54,42.54,26.52,3,internal_medicine,<5_years,low,0,1
V277,cma,98.72,1,5,145.39,51.21,63.49,19.53,58.42,62.12,60.04,43.63,3,internal_medicine,<5_years,high,0,1
V278,cma,98.23,1,5,146.77,50.39,66.7,18.28,59.33,59.51,67.21,31.29,1,critical_care,<5_years,high,3,1
V279,cma,21.46,1,1,150.65,30.83,28.42,7.29,27.1,79.13,31.02,12.05,3,emergency,<5_years,low,0,1
V280,cma,86.59,1,4,150.77,45.46,55.58,13.15,55.98,64.08,58.57,25.41,3,critical_care,<5_years,high,0,1
V281,cma,64.71,1,3,154.67,42.98,47.18,11.27,47.47,71.88,43.64,36.41,2,hospital_medicine,<5_years,low,0,1
V282,cma,95.43,1,5,144.93,50.41,65.42,18.82,63.07,60.79,62.33,32.0,1,emergency,<5_years,high,0,1
V283,cma,60.81,1,3,141.06,39.45,44.52,14.52,44.33,64.69,47.5,21.14,3,critical_care,<5_years,low,0,1
V284,cma,57.09,1,3,140.83,39.76,47.86,11.66,41.42,65.13,41.5,31.02,1,emergency,<5_years,low,1,1
V285,cma,40.07,1,2,164.43,34.71,32.9,8.32,35.51,72.56,38.64,20.31,2,emergency,>=5_years,low,0,1
V286,cma,92.54,1,5,138.24,48.05,61.3,20.37,62.2,58.48,56.15,29.77,1,emergency,<5_years,high,2,1
V287,cma,43.68,1,2,135.44,36.57,43.39,15.75,28.17,70.89,40.11,21.07,2,critical_care,<5_years,low,0,1
V288,cma,98.18,1,5,142.96,51.24,62.4,21.71,58.43,63.77,68.82,32.31,2,emergency,<5_years,high,1,1
V289,cma,76.83,1,4,137.41,44.53,59.54,16.89,49.49,63.24,55.57,22.43,2,critical_care,<5_years,high,0,1
V290,cma,39.59,1,2,148.0,36.46,34.95,14.16,37.49,77.11,35.75,19.3,1,internal_medicine,<5_years,low,0,1
V291,cma,22.57,1,1,144.3,31.6,37.21,6.43,21.45,78.41,31.9,14.23,2,critical_care,>=5_years,low,0,1
V292,cma,38.07,1,2,152.66,36.05,40.59,12.13,35.57,74.13,31.52,22.35,1,emergency,<5_years,low,0,1
V293,cma,82.61,1,4,137.43,47.25,57.73,14.51,52.27,71.26,53.65,34.08,1,emergency,<5_years,high,1,1
V294,cma,36.33,1,2,150.51,32.31,29.91,7.22,34.72,72.17,32.33,17.51,1,critical_care,<5_years,low,0,1
V295,cma,57.43,1,3,151.73,40.11,51.04,5.42,37.87,70.57,47.37,28.4,3,critical_care,>=5_years,low,0,1
V296,cma,88.46,1,4,155.36,45.75,58.59,20.79,52.13,58.49,54.19,30.31,1,critical_care,>=5_years,high,0,1
V297,cma,43.55,1,2,142.4,34.4,35.24,15.96,30.8,67.06,35.62,21.72,3,critical_care,<5_years,low,0,1
V298,cma,99.6,1,5,137.87,48.24,63.96,12.2,67.43,53.39,58.3,34.19,4,emergency,<5_years,high,0,1
V299,cma,18.53,1,1,140.86,32.16,26.86,11.04,29.3,80.56,27.59,17.65,1,internal_medicine,<5_years,low,0,1
V300,cma,20.19,1,1,137.57,31.38,28.92,13.56,28.59,78.55,28.17,10.52,3,emergency,<5_years,low,0,1
V001,gdt,36.75,1,2,123.24,32.24,33.73,7.12,30.37,79.85,28.37,14.03,2,emergency,<5_years,low,1,1
V002,gdt,76.45,1,4,120.61,41.9,49.56,13.51,43.6,68.54,44.01,32.18,1,internal_medicine,<5_years,high,2,1
V003,gdt,59.84,1,3,138.29,39.16,47.63,8.34,35.07,74.27,46.56,23.1,4,emergency,<5_years,low,1,1
V004,gdt,60.49,1,3,125.38,37.17,43.45,15.91,37.14,65.34,37.29,23.92,2,emergency,>=5_years,low,0,1
V005,gdt,23.41,1,1,137.26,30.14,20.74,10.31,20.62,85.07,32.99,11.09,4,emergency,<5_years,low,0,1
V006,gdt,76.39,1,4,130.19,40.29,52.32,11.0,42.81,63.74,45.52,26.34,1,internal_medicine,<5_years,high,0,1
V007,gdt,19.73,1,1,131.74,28.7,29.27,11.88,21.47,81.74,18.15,9.71,2,internal_medicine,<5_years,low,0,1
V008,gdt,93.17,1,5,129.54,44.96,59.3,10.28,50.36,58.49,57.65,33.66,3,internal_medicine,<5_years,high,1,1
V009,gdt,103.39,1,5,140.55,48.84,58.85,16.51,63.46,66.12,59.48,28.61,1,critical_care,<5_years,high,0,1
V010,gdt,75.76,1,4,116.77,41.09,46.24,13.47,44.1,68.56,42.09,32.06,1,hospital_medicine,>=5_years,high,1,1
V011,gdt,39.84,1,2,115.81,33.62,31.52,14.82,32.69,70.66,36.06,15.95,3,internal_medicine,>=5_years,low,1,1
V012,gdt,18.57,1,1,137.78,31.22,26.44,10.24,24.27,84.97,29.92,11.47,1,hospital_medicine,<5_years,low,0,1
V013,gdt,52.23,1,3,126.68,37.78,48.6,16.94,35.73,71.05,34.39,19.95,4,internal_medicine,<5_years,low,1,1
V014,gdt,39.9,1,2,124.92,33.35,29.13,10.94,28.47,73.13,36.51,21.91,4,internal_medicine,<5_years,low,0,1
V015,gdt,37.48,1,2,131.62,31.15,33.15,6.46,26.97,68.96,34.71,16.66,2,critical_care,<5_years,low,0,1
V016,gdt,20.05,1,1,133.35,31.1,27.66,9.5,23.66,86.84,28.7,10.23,4,emergency,>=5_years,low,0,1
V017,gdt,39.05,1,2,125.32,33.17,35.29,4.2,27.95,75.08,34.27,22.21,2,hospital_medicine,>=5_years,low,0,1
V018,gdt,58.96,1,3,125.04,38.21,45.49,7.14,33.19,74.53,50.05,18.88,1,internal_medicine,<5_years,low,0,1
V019,gdt,21.83,1,1,125.95,28.83,27.95,6.44,21.86,83.71,26.31,6.71,3,internal_medicine,<5_years,low,0,1
V020,gdt,17.85,1,1,119.93,29.72,30.15,8.43,22.97,85.52,19.29,11.95,1,critical_care,<5_years,low,0,1
V021,gdt,58.11,1,3,122.81,37.11,41.03,13.26,40.78,67.65,35.29,24.63,3,hospital_medicine,>=5_years,low,0,1
V022,gdt,92.14,1,5,130.23,46.3,64.78,12.0,52.1,65.75,55.01,28.18,4,critical_care,>=5_years,high,0,1
V023,gdt,37.21,1,2,143.74,33.44,36.1,21.67,25.32,75.57,25.0,16.99,3,hospital_medicine,<5_years,low,0,1
V024,gdt,86.47,1,5,132.47,46.46,58.33,15.25,52.65,60.59,59.7,32.25,3,hospital_medicine,>=5_years,high,0,1
V025,gdt,24.2,1,1,124.87,30.21,28.21,13.87,27.33,72.62,24.67,14.55,4,internal_medicine,>=5_years,low,0,1
V026,gdt,56.27,1,3,128.84,37.49,44.74,15.14,37.72,71.73,38.63,16.99,3,emergency,>=5_years,low,0,1
V027,gdt,96.17,1,5,127.13,46.25,59.07,10.54,55.14,65.8,53.43,33.55,1,emergency,>=5_years,high,0,1
V028,gdt,75.87,1,4,122.68,42.6,48.08,12.77,43.74,70.08,55.02,25.89,4,hospital_medicine,>=5_years,high,2,1
V029,gdt,70.82,1,4,128.14,37.37,45.13,15.55,36.82,61.79,40.74,24.22,4,emergency,>=5_years,high,0,1
V030,gdt,18.68,1,1,122.59,28.66,25.56,10.48,25.11,80.44,26.55,3.8,4,emergency,<5_years,low,0,1
V031,gdt,53.95,1,3,122.67,37.26,43.04,16.36,33.66,68.25,40.94,21.29,1,emergency,>=5_years,low,0,1
V032,gdt,74.26,1,4,118.45,41.7,51.77,22.31,35.55,64.96,44.21,31.42,4,internal_medicine,>=5_years,high,0,1
V033,gdt,38.51,1,2,134.15,34.99,38.93,7.74,34.33,75.58,33.46,19.93,4,emergency,>=5_years,low,0,1
V034,gdt,104.47,1,5,133.76,47.84,62.94,22.85,48.39,59.35,61.29,32.21,1,hospital_medicine,<5_years,high,3,1
V035,gdt,20.18,1,1,114.79,29.14,32.25,10.41,18.53,77.73,24.02,11.9,4,internal_medicine,<5_years,low,0,1
V036,gdt,39.17,1,2,117.78,34.24,32.19,12.53,29.98,72.22,38.06,20.45,2,hospital_medicine,>=5_years,low,0,1
V037,gdt,94.7,1,5,132.05,46.12,48.98,22.02,53.16,62.65,58.63,31.27,1,internal_medicine,<5_years,high,0,1
V038,gdt,96.65,1,5,116.45,47.35,56.56,19.88,53.83,56.64,62.34,34.82,4,internal_medicine,>=5_years,high,0,1
V039,gdt,103.4,1,5,123.63,48.17,63.72,21.1,56.5,61.17,59.11,27.43,4,hospital_medicine,<5_years,high,2,1
V040,gdt,38.17,1,2,123.66,32.04,40.45,7.42,31.56,79.69,22.23,10.89,4,internal_medicine,<5_years,low,0,1
V041,gdt,40.92,1,2,121.14,34.88,35.02,10.51,37.9,74.53,34.22,17.12,2,critical_care,<5_years,low,0,1
V042,gdt,59.19,1,3,142.55,38.63,46.98,18.93,34.76,72.24,40.35,18.55,1,internal_medicine,<5_years,low,0,1
V043,gdt,96.82,1,5,129.94,48.94,61.72,15.9,59.14,59.63,63.7,33.53,1,critical_care,<5_years,high,0,1
V044,gdt,95.97,1,5,127.86,48.54,57.23,25.03,54.86,58.08,60.29,35.77,4,critical_care,<5_years,high,0,1
V045,gdt,18.57,1,1,110.79,26.92,25.34,5.29,20.68,79.0,14.73,16.5,3,emergency,>=5_years,low,0,1
V046,gdt,40.39,1,2,134.93,35.49,40.11,11.31,26.69,83.48,29.54,21.8,3,emergency,<5_years,low,0,1
V047,gdt,84.2,1,5,128.84,42.96,57.89,8.19,47.28,60.69,53.85,29.83,2,hospital_medicine,<5_years,high,0,1
V048,gdt,18.0,1,1,143.88,25.04,20.76,0.0,16.44,80.63,22.36,10.08,3,emergency,>=5_years,low,0,1
V049,gdt,20.09,1,1,124.73,27.05,23.56,2.69,21.65,78.88,30.32,5.22,1,critical_care,<5_years,low,0,1
V050,gdt,78.97,1,4,135.37,43.54,50.76,24.69,49.09,57.51,54.37,24.81,3,internal_medicine,<5_years,high,0,1
V051,gdt,38.74,1,2,133.11,33.78,43.52,9.67,32.75,73.44,24.83,18.44,1,internal_medicine,>=5_years,low,0,1
V052,gdt,93.41,1,5,134.21,47.8,57.52,14.34,55.32,70.19,58.53,30.92,4,emergency,<5_years,high,0,1
V053,gdt,79.09,1,4,132.58,44.01,55.07,15.89,50.83,62.06,49.36,30.86,3,hospital_medicine,>=5_years,high,0,1
V054,gdt,36.98,1,2,122.93,34.08,29.51,10.82,30.71,80.29,35.07,18.07,1,critical_care,>=5_years,low,0,1
V055,gdt,39.04,1,2,130.46,36.05,39.58,11.3,37.47,77.53,30.1,20.29,4,hospital_medicine,>=5_years,low,0,1
V056,gdt,54.7,1,3,134.44,36.04,41.53,14.79,33.96,76.96,35.05,13.97,1,internal_medicine,>=5_years,low,1,1
V057,gdt,36.39,1,2,130.5,30.0,32.17,3.16,33.88,73.46,24.19,13.15,2,hospital_medicine,>=5_years,low,0,1
V058,gdt,60.13,1,3,117.49,38.44,42.97,9.99,41.87,70.88,36.76,28.18,3,internal_medicine,<5_years,low,1,1
V059,gdt,84.03,1,4,122.21,42.66,53.33,10.29,44.04,61.43,53.09,33.77,1,emergency,<5_years,high,1,1
V060,gdt,194.07,0,5,133.21,61.93,89.96,20.45,79.64,41.49,92.9,47.17,4,hospital_medicine,<5_years,high,0,1
V061,gdt,76.75,1,4,128.62,38.94,51.73,6.69,41.72,61.1,47.59,24.84,3,hospital_medicine,>=5_years,high,0,1
V062,gdt,55.46,1,3,127.63,38.64,41.68,14.81,33.6,75.43,41.24,25.05,3,internal_medicine,>=5_years,low,0,1
V063,gdt,17.74,1,1,153.57,26.99,23.09,4.36,23.73,85.58,22.38,2.8,2,internal_medicine,<5_years,low,0,1
V064,gdt,21.17,1,1,111.61,28.53,29.46,9.33,23.24,83.42,23.8,1.94,1,hospital_medicine,<5_years,low,0,1
V065,gdt,101.25,1,5,134.27,47.16,62.14,19.35,50.17,56.65,61.74,32.88,4,critical_care,<5_years,high,0,1
V066,gdt,17.78,1,1,119.05,28.18,28.71,0.88,19.75,82.95,29.29,7.51,4,critical_care,<5_years,low,0,1
V067,gdt,18.21,1,1,115.97,30.65,28.83,6.08,28.37,84.29,26.89,9.44,3,critical_care,<5_years,low,0,1
V068,gdt,54.93,1,3,125.65,36.93,41.65,11.65,33.51,73.55,35.14,26.06,2,emergency,<5_years,low,0,1
V069,gdt,56.53,1,3,137.38,36.61,44.49,10.63,38.21,73.67,34.47,18.19,3,hospital_medicine,<5_years,low,0,1
V070,gdt,19.88,1,1,118.73,28.78,29.96,9.53,21.29,79.07,21.76,11.04,2,emergency,>=5_years,low,0,1
V071,gdt,55.66,1,3,133.09,36.69,44.55,11.01,39.93,72.98,37.65,14.04,1,internal_medicine,>=5_years,low,0,1
V072,gdt,72.68,1,4,128.85,42.01,49.82,13.52,44.39,70.38,51.19,22.77,3,internal_medicine,<5_years,high,1,1
V073,gdt,57.87,1,3,126.18,40.8,39.26,24.17,40.01,76.15,46.71,18.49,2,critical_care,<5_years,low,0,1
V074,gdt,91.4,1,5,124.13,44.29,58.55,12.71,56.14,56.59,51.25,30.48,2,emergency,<5_years,high,0,1
V075,gdt,37.78,1,2,137.81,31.76,25.4,6.66,21.58,87.93,27.16,21.81,4,hospital_medicine,<5_years,low,0,1
V076,gdt,96.81,1,5,139.28,45.26,60.82,19.41,59.71,54.81,50.03,26.76,3,emergency,<5_years,high,0,1
V077,gdt,15.65,1,1,122.01,26.4,24.31,0.81,23.49,79.18,21.26,9.33,4,hospital_medicine,<5_years,low,0,1
V078,gdt,55.83,1,3,134.66,36.09,45.61,7.86,34.24,74.75,38.05,16.02,1,internal_medicine,<5_years,low,0,1
V079,gdt,19.19,1,1,127.7,30.0,30.17,5.21,20.73,85.88,22.0,16.01,2,hospital_medicine,<5_years,low,0,1
V080,gdt,41.78,1,2,126.46,34.06,39.97,12.1,27.77,72.83,31.75,19.94,4,hospital_medicine,>=5_years,low,0,1
V081,gdt,34.75,1,2,122.12,31.1,29.64,8.91,30.07,77.47,25.31,15.2,3,internal_medicine,>=5_years,low,1,1
V082,gdt,84.26,1,4,129.01,43.14,55.09,19.37,46.97,61.57,50.45,25.36,2,critical_care,<5_years,high,0,1
V083,gdt,79.96,1,4,132.53,42.03,50.4,12.23,49.41,67.71,48.93,23.51,3,hospital_medicine,<5_years,high,0,1
V084,gdt,55.69,1,3,133.47,38.02,45.02,13.64,45.73,62.53,40.52,20.66,3,hospital_medicine,<5_years,high,2,1
V085,gdt,78.08,1,4,134.57,43.67,55.61,15.52,50.27,66.89,46.59,27.14,3,emergency,<5_years,high,1,1
V086,gdt,20.38,1,1,130.5,28.44,27.02,2.89,21.67,80.71,24.31,14.03,2,hospital_medicine,>=5_years,low,0,1
V087,gdt,17.48,1,1,116.75,28.65,25.08,8.46,17.34,83.59,19.29,18.15,2,critical_care,<5_years,low,0,1
V088,gdt,96.65,1,5,133.64,44.93,55.49,16.28,54.17,58.62,58.06,26.95,1,internal_medicine,>=5_years,high,0,1
V089,gdt,19.88,1,1,129.99,26.55,23.88,5.06,24.67,79.82,24.42,1.42,4,hospital_medicine,>=5_years,low,0,1
V090,gdt,53.31,1,3,132.95,35.37,36.13,9.01,36.5,76.51,40.71,13.35,4,emergency,>=5_years,low,0,1
V091,gdt,57.55,1,3,130.75,37.86,42.63,6.71,38.86,74.22,46.6,18.13,3,emergency,>=5_years,low,0,1
V092,gdt,18.65,1,1,106.52,27.67,22.52,11.43,23.73,77.74,28.08,2.53,2,critical_care,<5_years,low,0,1
V093,gdt,94.32,1,5,133.56,48.0,56.49,21.63,53.59,66.59,55.74,33.92,1,hospital_medicine,>=5_years,high,0,1
V094,gdt,70.56,1,4,117.78,39.9,46.68,17.64,43.18,65.12,41.45,25.33,2,internal_medicine,<5_years,high,0,1
V095,gdt,20.51,1,1,125.46,30.34,25.22,14.85,21.45,82.48,21.41,16.61,4,internal_medicine,>=5_years,low,0,1
V096,gdt,40.21,1,2,117.9,34.72,38.53,9.64,31.35,74.77,32.36,21.7,2,critical_care,>=5_years,low,0,1
V097,gdt,21.32,1,1,119.97,28.4,23.48,0.19,28.14,80.19,26.64,11.76,4,internal_medicine,>=5_years,low,0,1
V098,gdt,75.95,1,4,127.75,41.37,55.84,10.25,40.17,68.62,46.71,26.63,2,internal_medicine,<5_years,high,0,1
V099,gdt,36.75,1,2,122.43,33.72,30.86,7.94,32.83,74.9,37.23,18.58,3,internal_medicine,<5_years,low,0,1
V100,gdt,57.4,1,3,120.05,37.26,43.3,13.81,41.9,69.04,30.3,25.18,4,emergency,<5_years,low,0,1
V101,gdt,78.24,1,4,142.57,42.55,53.03,13.94,48.89,64.94,50.73,23.79,3,internal_medicine,<5_years,high,0,1
V102,gdt,20.67,1,1,125.19,28.64,22.86,2.73,22.54,81.91,29.11,12.68,3,internal_medicine,<5_years,low,0,1
V103,gdt,195.38,0,5,136.62,63.97,90.82,24.31,86.64,39.59,90.42,52.04,2,internal_medicine,<5_years,high,0,1
V104,gdt,17.73,1,1,133.61,27.04,21.71,4.41,21.47,85.05,20.95,8.65,4,internal_medicine,>=5_years,low,0,1
V105,gdt,37.62,1,2,149.1,35.8,33.27,15.55,30.88,83.03,29.56,22.5,3,emergency,>=5_years,low,0,1
V106,gdt,74.73,1,4,144.33,42.61,52.45,17.1,50.01,60.77,46.16,29.16,2,internal_medicine,<5_years,high,0,1
V107,gdt,20.9,1,1,137.56,31.57,25.41,13.26,23.61,84.78,28.56,13.79,1,emergency,>=5_years,low,0,1
V108,gdt,57.43,1,3,132.55,38.93,38.38,22.37,35.25,71.82,42.54,23.24,2,critical_care,>=5_years,low,0,1
V109,gdt,57.33,1,3,128.97,37.07,43.9,12.04,39.84,67.63,42.18,16.82,2,emergency,>=5_years,low,0,1
V110,gdt,55.36,1,3,122.2,38.3,45.5,6.89,44.4,72.94,35.62,24.44,2,internal_medicine,>=5_years,low,0,1
V111,gdt,41.56,1,2,118.72,32.49,31.44,3.72,26.78,74.4,40.58,18.02,3,internal_medicine,<5_years,low,0,1
V112,gdt,79.84,1,4,123.35,43.83,51.26,13.05,55.71,67.87,51.59,23.51,3,internal_medicine,>=5_years,high,0,1
V113,gdt,34.67,1,2,126.6,33.08,35.77,7.14,32.38,79.67,25.76,17.77,3,critical_care,>=5_years,low,0,1
V114,gdt,80.38,1,4,128.03,43.54,55.63,9.43,45.8,66.83,52.2,31.35,4,hospital_medicine,>=5_years,high,0,1
V115,gdt,94.32,1,5,129.25,47.84,65.32,16.45,51.75,58.55,60.05,34.91,3,internal_medicine,<5_years,high,2,1
V116,gdt,36.94,1,2,112.91,32.48,35.62,12.5,26.05,74.02,32.53,14.17,4,hospital_medicine,<5_years,low,0,1
V117,gdt,95.06,1,5,143.99,45.99,55.22,13.12,61.03,62.76,56.97,26.8,1,hospital_medicine,>=5_years,high,3,1
V118,gdt,81.85,1,4,120.65,38.86,47.91,6.41,46.9,59.1,46.47,26.39,4,critical_care,>=5_years,high,1,1
V119,gdt,56.12,1,3,121.91,34.33,37.13,8.59,31.68,63.0,46.03,19.55,4,critical_care,>=5_years,low,0,1
V120,gdt,60.3,1,3,126.24,39.58,49.28,22.71,33.8,73.72,40.99,16.98,3,critical_care,<5_years,low,0,1
V121,gdt,60.18,1,3,128.99,35.02,31.37,14.92,39.86,64.67,39.88,19.43,1,critical_care,>=5_years,low,0,1
V122,gdt,91.3,1,5,127.51,44.51,56.49,7.44,53.72,60.4,56.26,32.75,1,internal_medicine,>=5_years,high,0,1
V123,gdt,96.54,1,5,122.65,45.89,60.75,9.75,47.95,58.73,60.06,38.07,4,emergency,>=5_years,high,0,1
V124,gdt,78.26,1,4,132.37,41.59,46.24,10.22,47.33,63.34,52.77,29.65,1,internal_medicine,<5_years,high,0,1
V125,gdt,63.54,1,3,128.44,35.37,40.11,10.82,38.06,65.25,40.52,17.48,1,hospital_medicine,<5_years,low,0,1
V126,gdt,60.18,1,3,129.72,37.35,47.33,10.83,33.65,75.81,31.28,25.16,3,internal_medicine,>=5_years,low,1,1
V127,gdt,17.19,1,1,112.53,29.53,26.9,6.37,25.22,82.2,24.37,12.12,3,emergency,>=5_years,low,0,1
V128,gdt,57.97,1,3,113.97,37.29,43.35,9.43,36.9,69.36,38.03,26.65,3,emergency,<5_years,low,0,1
V129,gdt,35.62,1,2,119.4,33.06,33.75,12.5,31.81,78.32,26.65,15.32,4,emergency,<5_years,low,0,1
V130,gdt,18.41,1,1,156.76,28.69,29.28,6.29,18.48,79.9,24.57,13.64,2,emergency,>=5_years,low,0,1
V131,gdt,18.24,1,1,140.26,27.19,23.38,3.02,17.19,83.33,27.14,9.08,2,internal_medicine,<5_years,low,0,1
V132,gdt,97.83,1,5,134.66,47.7,62.79,19.32,45.4,58.97,62.69,37.06,4,emergency,<5_years,high,0,1
V133,gdt,74.63,1,4,126.33,39.33,47.26,13.8,42.74,63.03,46.14,22.98,2,critical_care,<5_years,high,2,1
V134,gdt,19.49,1,1,141.0,30.63,26.73,5.62,21.38,83.79,30.63,15.6,1,critical_care,>=5_years,low,0,1
V135,gdt,97.71,1,5,133.74,44.11,56.85,12.18,53.89,60.49,53.1,28.13,3,emergency,<5_years,high,0,1
V136,gdt,57.24,1,3,129.72,36.66,43.99,7.33,38.95,74.91,34.96,19.8,2,internal_medicine,<5_years,low,0,1
V137,gdt,39.15,1,2,137.33,33.87,37.95,1.23,32.9,72.82,35.37,22.96,3,emergency,<5_years,low,0,1
V138,gdt,18.82,1,1,102.32,28.68,25.88,9.41,26.02,79.31,21.07,10.43,4,emergency,<5_years,low,0,1
V139,gdt,93.14,1,5,133.66,47.34,63.93,14.47,58.19,60.87,59.25,27.35,2,emergency,<5_years,high,0,1
V140,gdt,16.55,1,1,123.16,29.76,27.19,7.29,21.83,82.87,23.7,15.66,1,critical_care,>=5_years,low,0,1
V141,gdt,76.97,1,4,119.49,42.29,56.42,10.28,46.01,62.5,50.19,28.35,3,internal_medicine,<5_years,high,0,1
V142,gdt,22.83,1,1,140.46,27.73,27.39,0.0,22.49,74.41,32.89,9.18,3,hospital_medicine,>=5_years,low,0,1
V143,gdt,19.12,1,1,132.35,28.21,24.43,7.65,21.95,85.07,20.57,9.62,4,internal_medicine,>=5_years,low,0,1
V144,gdt,35.22,1,2,121.79,28.9,25.62,1.73,22.67,77.89,33.97,11.55,4,hospital_medicine,<5_years,low,0,1
V145,gdt,18.91,1,1,153.26,32.5,30.41,14.4,24.26,91.7,25.06,9.19,2,emergency,<5_years,low,0,1
V146,gdt,20.39,1,1,131.88,30.63,30.27,16.36,16.67,82.17,23.5,14.79,4,hospital_medicine,>=5_years,low,0,1
V147,gdt,73.51,1,4,131.75,42.05,51.71,12.59,39.63,61.65,51.52,35.21,4,internal_medicine,<5_years,high,0,1
V148,gdt,21.67,1,1,127.59,28.77,25.79,3.34,24.7,78.81,28.41,11.56,3,internal_medicine,<5_years,low,0,1
V149,gdt,18.57,1,1,113.15,28.12,23.89,11.06,24.23,84.02,22.38,3.16,1,critical_care,<5_years,low,0,1
V150,gdt,58.94,1,3,126.49,38.27,47.53,11.74,31.78,70.39,41.3,26.92,3,hospital_medicine,<5_years,low,1,1
V151,gdt,99.05,1,5,113.53,48.75,63.27,19.6,58.73,61.15,56.72,33.02,1,emergency,<5_years,high,1,1
V152,gdt,42.7,1,2,132.19,32.68,32.55,10.61,26.79,75.63,31.23,19.28,3,internal_medicine,<5_years,low,0,1
V153,gdt,105.18,1,5,133.66,47.2,58.67,15.97,57.44,56.03,57.92,37.2,1,hospital_medicine,>=5_years,high,0,1
V154,gdt,89.53,1,5,141.74,48.94,59.07,17.23,56.72,65.3,59.77,35.58,3,critical_care,<5_years,high,0,1
V155,gdt,59.89,1,3,136.59,41.59,46.87,14.25,33.86,78.31,43.39,32.85,1,internal_medicine,>=5_years,high,2,1
V156,gdt,38.13,1,2,147.51,32.31,36.07,12.31,27.48,77.45,22.94,17.59,2,critical_care,<5_years,low,0,1
V157,gdt,73.95,1,4,139.12,38.35,51.04,6.75,42.84,63.3,37.14,29.06,1,hospital_medicine,>=5_years,high,0,1
V158,gdt,38.66,1,2,116.43,32.43,32.23,8.07,33.54,76.28,31.14,13.29,4,critical_care,>=5_years,low,0,1
V159,gdt,105.7,1,5,128.14,48.63,67.31,15.46,59.11,58.31,58.01,33.58,3,critical_care,>=5_years,high,0,1
V160,gdt,52.6,1,3,143.67,34.56,41.56,16.8,30.04,63.7,37.58,17.7,1,hospital_medicine,<5_years,low,0,1
V161,gdt,93.73,1,5,140.12,47.12,57.12,17.23,53.83,69.14,55.12,30.29,3,internal_medicine,<5_years,high,2,1
V162,gdt,100.88,1,5,129.04,46.74,61.37,23.16,56.31,50.65,58.55,30.39,4,emergency,>=5_years,high,0,1
V163,gdt,58.6,1,3,131.16,36.38,48.17,7.9,33.46,65.81,42.09,20.83,4,emergency,>=5_years,high,2,1
V164,gdt,99.48,1,5,124.91,47.88,60.08,18.04,53.83,59.28,62.91,33.16,1,critical_care,<5_years,high,2,1
V165,gdt,18.52,1,1,116.37,28.5,28.26,1.73,22.03,80.18,27.26,11.52,4,emergency,<5_years,low,0,1
V166,gdt,79.64,1,4,134.88,40.68,40.36,12.94,50.77,64.74,50.11,25.16,1,internal_medicine,<5_years,high,2,1
V167,gdt,53.64,1,3,134.2,37.65,44.79,6.17,40.11,78.35,36.0,20.47,1,critical_care,<5_years,low,0,1
V168,gdt,39.09,1,2,137.37,32.68,34.91,7.83,29.45,72.85,33.97,17.07,1,emergency,>=5_years,low,0,1
V169,gdt,20.55,1,1,129.18,29.11,26.01,12.83,23.78,75.13,27.25,9.65,4,critical_care,>=5_years,low,0,1
V170,gdt,17.63,1,1,130.4,30.45,22.06,5.89,26.82,89.57,25.52,12.82,3,critical_care,<5_years,low,0,1
V171,gdt,38.81,1,2,123.13,31.3,36.45,3.8,29.48,70.14,33.58,14.37,4,internal_medicine,<5_years,low,0,1
V172,gdt,84.87,1,5,133.98,46.79,55.02,13.45,51.88,64.58,55.72,40.07,1,critical_care,>=5_years,high,4,1
V173,gdt,95.92,1,5,127.27,48.19,63.04,16.39,59.18,60.66,56.94,32.96,2,internal_medicine,<5_years,high,3,1
V174,gdt,98.5,1,5,138.28,46.9,62.52,16.57,55.41,58.78,59.85,28.26,2,emergency,<5_years,high,0,1
V175,gdt,38.17,1,2,134.44,35.05,37.62,8.52,31.43,75.57,40.1,17.04,3,emergency,>=5_years,low,0,1
V176,gdt,74.66,1,4,120.2,41.27,49.55,13.22,47.6,69.59,41.09,26.56,1,internal_medicine,>=5_years,high,3,1
V177,gdt,92.73,1,5,132.57,47.61,64.63,19.5,53.63,60.89,59.96,27.02,3,critical_care,>=5_years,high,1,1
V178,gdt,72.69,1,4,124.61,41.01,49.35,16.47,43.89,67.31,38.84,30.19,4,hospital_medicine,>=5_years,high,0,1
V179,gdt,40.18,1,2,129.54,33.43,29.35,13.9,35.51,73.66,35.82,12.34,3,internal_medicine,>=5_years,low,0,1
V180,gdt,17.6,1,1,138.15,29.75,23.85,8.32,23.73,85.81,26.12,10.63,4,critical_care,<5_years,low,0,1
V181,gdt,21.64,1,1,137.84,28.42,28.08,14.42,16.58,79.52,19.44,12.49,2,emergency,<5_years,low,0,1
V182,gdt,75.74,1,4,138.86,43.11,50.06,11.88,45.61,69.86,53.18,28.05,2,critical_care,<5_years,high,0,1
V183,gdt,57.52,1,3,123.41,35.39,30.96,12.95,40.08,68.44,42.02,17.87,4,critical_care,<5_years,low,0,1
V184,gdt,73.16,1,4,137.88,42.5,53.94,14.08,48.37,69.23,41.59,27.8,1,hospital_medicine,>=5_years,high,2,1
V185,gdt,99.71,1,5,128.9,49.84,61.63,22.22,55.5,64.25,57.14,38.29,4,emergency,<5_years,high,2,1
V186,gdt,91.45,1,5,137.43,45.44,55.44,18.8,53.58,59.48,50.33,35.04,1,critical_care,>=5_years,high,4,1
V187,gdt,36.29,1,2,132.35,34.54,29.51,10.88,41.58,77.99,29.56,17.7,4,critical_care,>=5_years,low,0,1
V188,gdt,19.03,1,1,111.19,29.42,27.56,7.11,19.99,87.02,23.35,11.5,1,internal_medicine,>=5_years,low,0,1
V189,gdt,39.95,1,2,136.79,33.75,36.83,13.5,29.06,73.73,31.09,18.27,1,internal_medicine,<5_years,low,0,1
V190,gdt,58.44,1,3,133.56,36.94,44.49,9.6,38.12,67.19,38.9,23.33,1,critical_care,>=5_years,low,0,1
V191,gdt,55.44,1,3,124.1,36.28,42.83,12.01,35.13,62.54,40.4,24.75,3,critical_care,<5_years,low,0,1
V192,gdt,39.59,1,2,129.0,30.0,29.88,6.83,20.83,76.87,30.64,14.96,2,critical_care,<5_years,low,0,1
V193,gdt,76.58,1,4,122.36,40.09,49.21,9.98,42.17,64.38,46.31,28.5,2,critical_care,<5_years,high,0,1
V194,gdt,18.74,1,1,131.6,27.68,26.16,9.47,17.71,77.52,22.93,12.3,2,hospital_medicine,>=5_years,low,0,1
V195,gdt,93.27,1,5,125.99,45.76,64.94,8.24,46.48,62.31,55.0,37.59,2,critical_care,>=5_years,high,0,1
V196,gdt,17.92,1,1,119.18,30.19,30.3,10.8,21.97,86.71,23.62,7.73,1,emergency,<5_years,low,0,1
V197,gdt,16.89,1,1,105.72,28.6,32.02,5.58,19.12,78.71,19.25,16.94,3,hospital_medicine,<5_years,low,0,1
V198,gdt,18.3,1,1,128.67,29.12,25.01,6.71,26.49,81.34,18.4,16.77,1,hospital_medicine,>=5_years,low,0,1
V199,gdt,63.5,1,3,122.29,37.11,41.55,13.89,32.35,73.61,42.57,18.68,4,internal_medicine,<5_years,low,0,1
V200,gdt,23.59,1,1,148.09,31.52,32.43,8.66,25.27,75.72,32.41,14.65,2,critical_care,<5_years,low,0,1
V201,gdt,59.73,1,3,125.34,37.56,40.48,8.34,35.98,73.34,43.79,23.41,2,internal_medicine,<5_years,low,0,1
V202,gdt,60.8,1,3,133.06,38.31,50.82,12.66,31.21,71.58,37.53,26.04,2,hospital_medicine,<5_years,low,0,1
V203,gdt,59.13,1,3,128.35,36.54,39.81,13.93,41.39,63.33,41.96,18.79,3,emergency,>=5_years,low,0,1
V204,gdt,53.75,1,3,116.88,37.22,43.58,9.99,38.25,71.2,39.24,21.09,1,hospital_medicine,>=5_years,low,0,1
V205,gdt,42.44,1,2,127.28,33.76,37.05,11.62,36.67,76.16,30.05,11.03,2,internal_medicine,<5_years,low,0,1
V206,gdt,37.13,1,2,129.62,33.24,29.56,9.24,38.35,79.33,30.45,12.52,2,hospital_medicine,>=5_years,low,0,1
V207,gdt,21.99,1,1,138.79,30.47,25.14,4.51,25.6,83.86,28.97,14.74,3,emergency,<5_years,low,0,1
V208,gdt,104.87,1,5,120.75,46.48,53.45,14.75,61.37,61.53,57.65,30.12,3,critical_care,>=5_years,high,0,1
V209,gdt,18.75,1,1,124.28,30.85,28.75,7.04,21.76,87.02,22.22,18.3,2,hospital_medicine,>=5_years,low,0,1
V210,gdt,93.59,1,5,126.43,47.76,64.05,22.46,47.92,59.63,59.8,32.67,4,hospital_medicine,<5_years,high,2,1
V211,gdt,23.32,1,1,115.74,28.34,20.51,9.63,24.43,83.78,21.92,9.78,2,emergency,<5_years,low,0,1
V212,gdt,22.82,1,1,137.04,28.64,29.66,12.94,14.1,81.97,24.32,8.84,3,emergency,>=5_years,low,0,1
V213,gdt,73.29,1,4,123.22,39.63,47.95,16.3,38.36,67.01,46.7,21.43,2,critical_care,>=5_years,high,0,1
V214,gdt,80.95,1,4,126.8,42.88,58.09,19.1,44.6,64.04,55.16,16.3,2,internal_medicine,>=5_years,high,0,1
V215,gdt,17.82,1,1,126.01,31.24,31.1,7.08,25.99,89.69,22.85,10.71,1,internal_medicine,>=5_years,low,0,1
V216,gdt,77.08,1,4,125.92,44.39,49.99,11.7,48.07,72.13,53.41,31.04,2,hospital_medicine,>=5_years,high,0,1
V217,gdt,78.72,1,4,129.0,42.84,47.21,19.16,49.68,64.29,50.66,26.05,4,critical_care,>=5_years,high,0,1
V218,gdt,36.75,1,2,117.71,33.27,30.78,8.66,30.57,74.81,32.82,21.99,2,internal_medicine,<5_years,low,0,1
V219,gdt,100.96,1,5,125.48,46.39,59.24,20.02,50.15,51.76,59.35,37.81,4,critical_care,>=5_years,high,3,1
V220,gdt,82.3,1,4,133.31,43.72,55.14,14.95,44.72,69.96,45.09,32.43,2,internal_medicine,<5_years,high,0,1
V221,gdt,35.02,1,2,126.5,31.66,37.63,11.44,24.21,72.36,33.98,10.35,2,hospital_medicine,>=5_years,low,0,1
V222,gdt,95.82,1,5,116.84,46.11,65.07,13.76,57.34,56.36,53.63,30.52,3,emergency,<5_years,high,1,1
V223,gdt,75.44,1,4,133.03,42.95,53.61,20.76,41.35,63.92,51.56,26.49,4,emergency,<5_years,high,2,1
V224,gdt,62.7,1,3,129.61,39.54,48.89,14.42,38.15,73.07,40.94,21.8,3,internal_medicine,>=5_years,low,0,1
V225,gdt,94.72,1,5,124.0,49.28,55.69,22.22,56.08,67.52,57.69,36.47,2,hospital_medicine,>=5_years,high,2,1
V226,gdt,91.5,1,5,121.28,46.89,55.68,21.27,56.64,56.96,59.89,30.87,3,emergency,<5_years,high,0,1
V227,gdt,19.54,1,1,121.53,27.46,22.61,7.12,18.6,80.83,25.88,9.69,4,emergency,>=5_years,low,0,1
V228,gdt,98.55,1,5,126.7,47.78,64.71,13.79,63.27,57.35,58.68,28.91,2,emergency,<5_years,high,0,1
V229,gdt,78.94,1,4,129.45,41.86,54.63,11.95,43.02,69.29,48.11,24.15,1,hospital_medicine,<5_years,high,2,1
V230,gdt,36.59,1,2,133.36,32.42,35.97,4.71,31.91,74.04,30.93,16.97,1,hospital_medicine,>=5_years,low,0,1
V231,gdt,39.19,1,2,117.31,33.9,37.52,14.58,33.18,74.3,30.46,13.34,2,hospital_medicine,>=5_years,low,0,1
V232,gdt,18.73,1,1,125.87,26.95,23.46,5.84,20.15,82.68,18.27,11.32,3,internal_medicine,<5_years,low,0,1
V233,gdt,21.18,1,1,103.07,30.4,19.29,13.74,25.3,86.03,23.6,14.45,3,emergency,<5_years,low,0,1
V234,gdt,62.57,1,3,132.74,38.76,44.17,12.24,36.21,81.24,39.22,19.5,3,critical_care,>=5_years,low,0,1
V235,gdt,38.8,1,2,132.17,33.12,35.71,10.95,34.43,78.13,26.96,12.57,1,emergency,<5_years,low,0,1
V236,gdt,34.23,1,2,121.04,29.11,29.29,4.76,25.66,72.37,29.1,13.47,2,critical_care,>=5_years,low,0,1
V237,gdt,75.13,1,4,135.28,41.37,49.57,16.32,49.68,60.53,46.39,25.69,2,internal_medicine,<5_years,high,0,1
V238,gdt,105.13,1,5,124.55,47.6,57.12,16.7,56.85,63.79,55.74,35.43,3,internal_medicine,>=5_years,high,1,1
V239,gdt,75.18,1,4,132.63,39.67,44.25,9.92,48.59,62.78,51.74,20.72,4,critical_care,>=5_years,high,0,1
V240,gdt,40.78,1,2,119.03,33.17,37.7,6.07,21.75,75.6,38.3,19.64,1,emergency,<5_years,low,0,1
V241,gdt,57.23,1,3,118.3,37.43,43.79,7.05,35.27,71.12,44.17,23.2,4,internal_medicine,<5_years,low,0,1
V242,gdt,17.41,1,1,126.87,28.6,19.02,10.59,18.56,80.35,27.39,15.68,3,emergency,<5_years,low,0,1
V243,gdt,20.24,1,1,130.63,28.93,27.54,8.97,21.53,80.51,25.78,9.24,3,internal_medicine,<5_years,low,0,1
V244,gdt,39.69,1,2,133.17,32.34,35.67,11.53,29.5,71.74,26.55,19.03,1,critical_care,<5_years,low,0,1
V245,gdt,96.55,1,5,128.94,49.34,64.96,18.99,55.22,61.67,62.43,32.77,2,critical_care,<5_years,high,0,1
V246,gdt,93.51,1,5,137.08,45.27,51.26,20.57,56.03,64.09,50.0,29.69,4,critical_care,>=5_years,high,0,1
V247,gdt,93.15,1,5,128.59,45.58,59.26,21.6,47.69,61.61,56.3,27.02,3,internal_medicine,>=5_years,high,0,1
V248,gdt,73.59,1,4,139.35,39.38,48.03,13.86,43.37,60.37,44.96,25.7,4,emergency,>=5_years,high,0,1
V249,gdt,39.78,1,2,135.79,33.86,36.05,14.59,29.94,78.88,32.96,10.76,1,emergency,>=5_years,low,0,1
V250,gdt,94.9,1,5,126.26,45.89,57.47,12.27,55.8,61.96,59.22,28.61,2,emergency,>=5_years,high,0,1
V251,gdt,80.93,1,4,123.55,40.43,48.41,15.61,46.88,66.97,41.42,23.31,1,emergency,<5_years,high,0,1
V252,gdt,53.17,1,3,122.52,38.21,40.35,16.62,36.71,71.1,44.46,20.04,1,internal_medicine,<5_years,low,0,1
V253,gdt,20.88,1,1,116.74,30.79,24.68,21.47,21.28,77.52,27.81,12.0,1,hospital_medicine,>=5_years,low,0,1
V254,gdt,39.42,1,2,121.92,30.21,29.91,2.65,28.4,70.91,31.45,17.96,2,emergency,>=5_years,low,0,1
V255,gdt,16.3,1,1,127.93,28.78,32.72,5.42,20.89,81.88,24.67,7.11,4,emergency,>=5_years,low,0,1
V256,gdt,17.8,1,1,117.3,30.35,25.48,1.86,27.89,87.73,31.82,7.33,1,internal_medicine,>=5_years,low,0,1
V257,gdt,33.22,1,2,138.16,32.74,37.46,1.46,27.73,74.33,35.18,20.31,3,hospital_medicine,>=5_years,low,0,1
V258,gdt,57.98,1,3,124.51,36.31,32.37,9.62,38.26,66.57,46.58,24.47,1,critical_care,>=5_years,low,0,1
V259,gdt,21.99,1,1,111.77,29.44,24.25,8.69,17.32,83.81,28.88,13.69,2,internal_medicine,>=5_years,low,0,1
V260,gdt,69.92,1,4,134.45,41.8,45.4,17.13,41.66,71.5,51.88,23.25,3,internal_medicine,>=5_years,high,0,1
V261,gdt,57.14,1,3,120.6,36.34,38.63,9.34,38.46,69.93,38.68,22.99,4,critical_care,>=5_years,low,0,1
V262,gdt,22.48,1,1,150.81,32.85,30.68,8.92,27.47,81.74,28.19,20.11,4,internal_medicine,<5_years,low,0,1
V263,gdt,38.03,1,2,122.36,33.0,33.7,17.22,27.15,75.45,29.2,15.3,1,internal_medicine,>=5_years,low,0,1
V264,gdt,60.5,1,3,118.72,37.51,39.53,7.98,34.6,79.13,43.37,20.47,1,internal_medicine,<5_years,low,1,1
V265,gdt,83.76,1,4,127.86,40.84,52.72,13.68,44.41,67.34,40.67,26.23,2,hospital_medicine,<5_years,high,1,1
V266,gdt,75.34,1,4,125.47,43.45,50.09,16.91,52.4,63.75,47.91,29.61,3,hospital_medicine,>=5_years,high,0,1
V267,gdt,18.2,1,1,135.85,28.98,20.71,5.77,22.92,83.45,28.39,12.64,2,emergency,>=5_years,low,0,1
V268,gdt,92.51,1,5,121.41,46.15,55.35,18.63,49.94,65.82,52.55,34.61,1,emergency,<5_years,high,1,1
V269,gdt,80.98,1,4,127.64,41.9,51.5,10.9,43.99,59.08,49.84,36.12,2,internal_medicine,>=5_years,high,1,1
V270,gdt,61.13,1,3,123.82,34.57,45.0,6.11,37.24,64.25,36.18,18.63,1,internal_medicine,<5_years,low,0,1
V271,gdt,36.42,1,2,128.26,30.58,25.64,12.76,26.36,76.22,34.03,8.47,1,internal_medicine,<5_years,low,0,1
V272,gdt,52.2,1,3,117.88,37.0,42.63,13.47,34.64,76.34,36.81,18.12,2,hospital_medicine,<5_years,low,0,1
V273,gdt,79.72,1,4,127.33,42.53,55.26,8.81,49.58,64.47,50.42,26.65,1,internal_medicine,<5_years,high,0,1
V274,gdt,93.07,1,5,133.19,48.97,66.67,15.17,58.47,64.08,56.85,32.61,1,critical_care,<5_years,high,0,1
V275,gdt,71.2,1,4,117.96,42.54,52.19,15.7,47.88,69.8,45.83,23.84,2,internal_medicine,<5_years,high,2,1
V276,gdt,57.51,1,3,130.21,38.77,37.18,15.75,36.35,81.75,38.54,23.08,4,internal_medicine,<5_years,low,0,1
V277,gdt,102.04,1,5,126.31,48.0,59.35,20.71,57.74,58.68,57.77,33.78,4,internal_medicine,<5_years,high,0,1
V278,gdt,92.74,1,5,132.02,46.44,65.27,18.22,56.23,57.09,49.77,32.06,4,critical_care,<5_years,high,3,1
V279,gdt,19.11,1,1,134.1,28.87,24.57,8.27,22.06,79.05,30.23,9.02,4,emergency,<5_years,low,0,1
V280,gdt,77.36,1,4,143.16,42.88,45.76,11.43,50.75,68.35,49.41,31.56,2,critical_care,<5_years,high,0,1
V281,gdt,60.24,1,3,126.57,38.22,44.62,13.51,41.18,68.45,39.98,21.57,4,hospital_medicine,<5_years,low,0,1
V282,gdt,100.74,1,5,128.11,46.9,57.78,18.59,49.08,58.6,63.28,34.1,2,emergency,<5_years,high,0,1
V283,gdt,54.75,1,3,133.48,37.44,35.94,17.99,39.76,72.69,35.81,22.46,1,critical_care,<5_years,low,0,1
V284,gdt,60.32,1,3,134.55,38.25,47.01,6.13,42.91,72.17,39.28,21.98,2,emergency,<5_years,low,1,1
V285,gdt,42.96,1,2,132.19,32.9,31.82,7.3,33.34,74.62,35.94,14.41,4,emergency,>=5_years,low,0,1
V286,gdt,196.89,0,5,128.61,65.75,96.63,27.16,85.07,43.5,89.56,52.55,3,emergency,<5_years,high,2,1
V287,gdt,39.37,1,2,135.66,32.86,32.7,10.67,27.86,79.74,30.8,15.41,1,critical_care,<5_years,low,0,1
V288,gdt,98.35,1,5,142.71,47.34,58.33,18.12,52.64,66.3,57.8,30.88,4,emergency,<5_years,high,1,1
V289,gdt,70.84,1,4,127.45,40.74,45.57,12.46,46.95,70.33,42.21,26.89,3,critical_care,<5_years,high,0,1
V290,gdt,36.41,1,2,137.11,31.18,34.15,4.24,31.52,77.36,28.3,11.53,2,internal_medicine,<5_years,low,0,1
V291,gdt,16.72,1,1,125.12,27.56,26.06,0.0,20.39,80.45,27.4,11.08,3,critical_care,>=5_years,low,0,1
V292,gdt,37.78,1,2,127.5,31.8,32.19,10.27,28.38,79.73,28.87,11.37,3,emergency,<5_years,low,0,1
V293,gdt,76.88,1,4,112.38,41.79,44.68,15.18,49.89,66.58,50.82,23.58,3,emergency,<5_years,high,1,1
V294,gdt,38.42,1,2,121.58,33.21,32.43,11.21,32.48,71.09,32.03,20.01,2,critical_care,<5_years,low,0,1
V295,gdt,54.81,1,3,132.75,35.04,41.87,4.77,33.76,73.2,40.3,16.34,1,critical_care,>=5_years,low,0,1
V296,gdt,80.88,1,4,125.93,43.52,51.52,19.22,45.5,66.47,46.5,31.92,3,critical_care,>=5_years,high,0,1
V297,gdt,37.44,1,2,124.13,35.3,36.43,11.92,35.8,79.47,27.96,20.21,2,critical_care,<5_years,low,0,1
V298,gdt,97.99,1,5,131.05,45.5,66.29,15.08,52.09,55.41,54.18,29.96,3,emergency,<5_years,high,0,1
V299,gdt,23.71,1,1,127.6,30.45,24.04,10.98,28.07,80.11,30.03,9.47,4,internal_medicine,<5_years,low,0,1
V300,gdt,19.88,1,1,127.3,27.77,22.2,4.46,20.62,84.89,25.4,9.08,4,emergency,<5_years,low,0,1
