vignette_id,condition,time_to_info,accuracy,n_queries_issued,latency_ms,cognitive_load,tlx_mental,tlx_physical,tlx_temporal,tlx_performance,tlx_effort,tlx_frustration,period,specialty,experience_group,complexity,n_pivots,condition_code,ablation_variant
V001,control,49.73,1,2,187.77,45.5,60.58,17.17,60.61,59.34,43.55,31.75,1,emergency,<5_years,low,1,0,Full GDT
V001,cma,38.02,1,2,130.04,36.7,40.66,15.8,40.54,72.34,39.36,11.5,2,emergency,<5_years,low,1,1,Full GDT
V001,gdt,34.07,1,2,125.76,31.54,30.3,8.04,25.78,79.34,33.06,12.75,3,emergency,<5_years,low,1,1,Full GDT
V001,bm25,50.98,1,2,187.54,44.89,54.38,13.01,56.15,65.42,51.62,28.73,4,emergency,<5_years,low,1,0,Full GDT
V002,cma,74.96,1,4,143.21,44.04,55.06,14.17,50.76,66.77,47.33,30.18,1,internal_medicine,<5_years,high,2,1,Full GDT
V002,control,98.13,1,4,185.68,57.56,81.03,28.14,72.45,49.15,76.5,38.07,2,internal_medicine,<5_years,high,2,0,Full GDT
V002,gdt,83.62,1,4,123.9,42.37,48.97,10.45,55.62,65.85,47.74,25.57,3,internal_medicine,<5_years,high,2,1,Full GDT
V002,bm25,96.64,1,4,181.2,57.08,77.28,19.68,70.0,55.12,78.84,41.54,4,internal_medicine,<5_years,high,2,0,Full GDT
V003,cma,59.09,1,3,149.34,43.09,47.83,23.77,46.89,65.93,46.62,27.52,1,emergency,<5_years,low,1,1,Full GDT
V003,control,80.17,1,3,189.93,50.96,63.25,20.06,52.84,61.0,66.34,42.24,2,emergency,<5_years,low,1,0,Full GDT
V003,gdt,59.55,1,3,122.9,34.96,36.05,6.39,37.31,69.22,41.06,19.74,3,emergency,<5_years,low,1,1,Full GDT
V003,bm25,63.34,1,3,196.78,46.86,58.17,13.14,63.08,54.6,54.15,38.04,4,emergency,<5_years,low,1,0,Full GDT
V004,bm25,69.5,1,3,204.12,50.3,66.85,22.73,62.07,57.14,60.64,32.39,1,emergency,>=5_years,low,0,0,Full GDT
V004,gdt,57.65,1,3,119.12,37.14,44.88,18.77,32.89,70.44,38.45,17.43,2,emergency,>=5_years,low,0,1,Full GDT
V004,control,73.61,1,3,188.77,50.4,66.17,16.13,52.51,68.02,65.45,34.14,3,emergency,>=5_years,low,0,0,Full GDT
V004,cma,67.38,1,3,142.73,43.03,49.51,14.99,47.28,65.85,53.97,26.61,4,emergency,>=5_years,low,0,1,Full GDT
V005,cma,20.04,1,1,126.39,30.97,27.38,4.46,32.84,81.98,25.17,14.0,1,emergency,<5_years,low,0,1,Full GDT
V005,control,21.9,1,1,184.01,38.9,37.76,11.9,33.75,79.41,42.81,27.79,2,emergency,<5_years,low,0,0,Full GDT
V005,bm25,24.82,1,1,185.59,36.77,42.25,0.87,43.44,66.08,44.9,23.05,3,emergency,<5_years,low,0,0,Full GDT
V005,gdt,19.72,1,1,120.53,25.84,18.88,12.0,23.17,69.82,20.06,11.09,4,emergency,<5_years,low,0,1,Full GDT
V006,cma,81.66,1,4,152.39,45.02,56.98,14.27,50.81,66.36,53.11,28.56,1,internal_medicine,<5_years,high,0,1,Full GDT
V006,bm25,300.0,0,4,174.3,71.22,100.0,39.28,100.0,9.79,100.0,78.24,2,internal_medicine,<5_years,high,0,0,Full GDT
V006,gdt,78.46,1,4,127.37,43.06,53.01,12.3,42.79,68.24,53.25,28.77,3,internal_medicine,<5_years,high,0,1,Full GDT
V006,control,96.38,1,4,174.65,54.1,69.94,19.68,67.61,55.16,67.04,45.16,4,internal_medicine,<5_years,high,0,0,Full GDT
V007,control,25.03,1,1,201.74,39.2,43.76,14.52,41.45,68.47,42.03,24.99,1,internal_medicine,<5_years,low,0,0,Full GDT
V007,bm25,23.77,1,1,213.0,39.12,46.07,13.41,44.06,65.97,44.44,20.75,2,internal_medicine,<5_years,low,0,0,Full GDT
V007,gdt,19.32,1,1,151.67,26.94,26.63,3.67,21.88,77.15,25.62,6.71,3,internal_medicine,<5_years,low,0,1,Full GDT
V007,cma,19.87,1,1,151.79,30.75,31.52,9.51,27.86,74.93,26.65,14.04,4,internal_medicine,<5_years,low,0,1,Full GDT
V008,gdt,94.83,1,5,139.28,48.39,61.11,23.11,52.66,59.91,60.66,32.88,1,internal_medicine,<5_years,high,1,1,Full GDT
V008,bm25,115.04,1,5,190.29,58.11,80.37,16.12,81.45,45.44,76.77,48.53,2,internal_medicine,<5_years,high,1,0,Full GDT
V008,control,112.73,1,5,183.87,59.17,80.67,21.84,75.62,56.25,74.24,46.37,3,internal_medicine,<5_years,high,1,0,Full GDT
V008,cma,96.3,1,5,140.13,49.64,68.91,18.93,56.45,53.83,61.43,38.27,4,internal_medicine,<5_years,high,1,1,Full GDT
V009,bm25,107.9,1,5,192.57,56.92,74.41,15.71,73.68,49.78,77.22,50.73,1,critical_care,<5_years,high,0,0,Full GDT
V009,cma,93.47,1,5,137.69,49.38,69.12,14.36,63.65,54.7,56.3,38.16,2,critical_care,<5_years,high,0,1,Full GDT
V009,gdt,100.65,1,5,128.8,46.4,61.3,22.89,50.74,52.83,58.73,31.94,3,critical_care,<5_years,high,0,1,Full GDT
V009,control,117.0,1,5,191.79,59.96,81.81,24.61,78.01,45.68,78.39,51.26,4,critical_care,<5_years,high,0,0,Full GDT
V010,control,92.43,1,4,187.22,57.1,81.86,21.32,70.48,57.32,69.45,42.19,1,hospital_medicine,>=5_years,high,1,0,Full GDT
V010,gdt,78.3,1,4,130.43,42.68,54.71,11.21,44.65,69.7,54.02,21.79,2,hospital_medicine,>=5_years,high,1,1,Full GDT
V010,bm25,94.02,1,4,186.68,55.37,69.89,22.32,72.34,59.76,69.27,38.66,3,hospital_medicine,>=5_years,high,1,0,Full GDT
V010,cma,73.98,1,4,147.15,44.13,52.05,16.97,53.91,62.15,49.18,30.51,4,hospital_medicine,>=5_years,high,1,1,Full GDT
V011,cma,39.23,1,2,130.4,37.41,43.34,9.09,37.88,67.43,42.27,24.48,1,internal_medicine,>=5_years,low,1,1,Full GDT
V011,control,45.17,1,2,176.81,46.7,55.85,12.46,54.08,69.03,52.74,36.04,2,internal_medicine,>=5_years,low,1,0,Full GDT
V011,bm25,49.71,1,2,199.4,44.08,55.43,11.04,44.97,69.55,51.17,32.32,3,internal_medicine,>=5_years,low,1,0,Full GDT
V011,gdt,42.36,1,2,130.12,36.97,34.9,12.66,38.5,80.9,36.07,18.78,4,internal_medicine,>=5_years,low,1,1,Full GDT
V012,gdt,18.52,1,1,130.19,31.21,28.21,10.0,31.73,88.96,19.97,8.38,1,hospital_medicine,<5_years,low,0,1,Full GDT
V012,bm25,22.36,1,1,206.93,38.39,46.02,7.34,47.57,72.88,37.85,18.7,2,hospital_medicine,<5_years,low,0,0,Full GDT
V012,cma,19.9,1,1,139.69,33.58,36.06,12.69,27.77,78.05,32.07,14.83,3,hospital_medicine,<5_years,low,0,1,Full GDT
V012,control,25.14,1,1,187.77,41.37,49.72,4.05,42.91,74.92,45.07,31.54,4,hospital_medicine,<5_years,low,0,0,Full GDT
V013,gdt,58.92,1,3,131.13,37.77,38.71,17.23,39.86,62.93,46.41,21.51,1,internal_medicine,<5_years,low,1,1,Full GDT
V013,bm25,69.9,1,3,189.77,49.37,64.87,21.95,58.51,56.57,57.39,36.94,2,internal_medicine,<5_years,low,1,0,Full GDT
V013,cma,65.16,1,3,143.59,39.62,45.17,17.94,44.12,64.34,47.67,18.49,3,internal_medicine,<5_years,low,1,1,Full GDT
V013,control,70.48,1,3,197.97,49.86,69.84,16.4,63.27,53.98,59.42,36.24,4,internal_medicine,<5_years,low,1,0,Full GDT
V014,control,50.87,1,2,183.04,47.18,55.17,16.86,47.6,68.67,59.57,35.19,1,internal_medicine,<5_years,low,0,0,Full GDT
V014,cma,43.39,1,2,151.41,35.18,45.48,12.77,35.65,62.49,31.72,22.94,2,internal_medicine,<5_years,low,0,1,Full GDT
V014,gdt,40.11,1,2,111.9,31.45,37.26,5.67,27.25,74.55,30.86,13.09,3,internal_medicine,<5_years,low,0,1,Full GDT
V014,bm25,48.35,1,2,149.18,42.01,48.02,10.23,48.41,67.31,49.89,28.22,4,internal_medicine,<5_years,low,0,0,Full GDT
V015,bm25,47.18,1,2,185.04,45.66,50.73,7.95,52.84,69.83,59.02,33.59,1,critical_care,<5_years,low,0,0,Full GDT
V015,control,41.13,1,2,203.16,46.08,45.41,17.58,57.84,75.04,49.51,31.07,2,critical_care,<5_years,low,0,0,Full GDT
V015,cma,41.24,1,2,158.93,36.98,35.72,14.91,37.65,73.74,42.32,17.52,3,critical_care,<5_years,low,0,1,Full GDT
V015,gdt,35.93,1,2,123.29,31.53,38.14,6.46,23.46,74.79,31.97,14.34,4,critical_care,<5_years,low,0,1,Full GDT
V016,control,19.37,1,1,159.73,38.69,47.96,5.87,44.32,76.09,40.82,17.07,1,emergency,>=5_years,low,0,0,Full GDT
V016,gdt,19.22,1,1,118.19,26.88,27.6,8.69,18.25,76.45,20.96,9.34,2,emergency,>=5_years,low,0,1,Full GDT
V016,cma,22.25,1,1,134.49,31.13,34.2,6.0,28.07,75.42,25.94,17.18,3,emergency,>=5_years,low,0,1,Full GDT
V016,bm25,23.64,1,1,175.66,40.64,40.95,16.75,47.58,73.12,42.62,22.81,4,emergency,>=5_years,low,0,0,Full GDT
V017,bm25,47.54,1,2,184.66,43.15,51.36,13.86,51.47,67.28,43.26,31.65,1,hospital_medicine,>=5_years,low,0,0,Full GDT
V017,cma,45.46,1,2,153.4,35.16,32.63,10.57,32.81,78.71,36.07,20.15,2,hospital_medicine,>=5_years,low,0,1,Full GDT
V017,gdt,41.25,1,2,105.95,33.63,33.11,9.04,23.83,75.35,42.2,18.23,3,hospital_medicine,>=5_years,low,0,1,Full GDT
V017,control,52.92,1,2,161.87,45.59,59.22,16.73,52.26,58.98,54.49,31.85,4,hospital_medicine,>=5_years,low,0,0,Full GDT
V018,bm25,70.45,1,3,183.31,50.84,64.33,24.57,58.89,57.12,67.51,32.64,1,internal_medicine,<5_years,low,0,0,Full GDT
V018,gdt,56.94,1,3,127.75,37.05,35.3,21.11,42.21,64.67,44.97,14.06,2,internal_medicine,<5_years,low,0,1,Full GDT
V018,cma,58.89,1,3,136.63,40.68,52.49,11.03,48.65,65.67,38.42,27.82,3,internal_medicine,<5_years,low,0,1,Full GDT
V018,control,73.47,1,3,193.52,51.04,71.43,14.76,57.81,58.67,67.56,36.03,4,internal_medicine,<5_years,low,0,0,Full GDT
V019,control,22.18,1,1,200.32,39.36,40.92,12.94,39.33,67.82,44.03,31.11,1,internal_medicine,<5_years,low,0,0,Full GDT
V019,gdt,19.23,1,1,137.38,29.53,33.08,10.5,20.48,82.58,20.28,10.26,2,internal_medicine,<5_years,low,0,1,Full GDT
V019,bm25,19.13,1,1,147.18,36.3,39.92,5.13,42.83,69.51,35.99,24.42,3,internal_medicine,<5_years,low,0,0,Full GDT
V019,cma,20.24,1,1,155.79,34.47,29.6,9.62,34.52,81.66,29.15,22.29,4,internal_medicine,<5_years,low,0,1,Full GDT
V020,gdt,20.76,1,1,127.69,27.57,26.52,4.95,19.17,83.39,20.4,10.98,1,critical_care,<5_years,low,0,1,Full GDT
V020,cma,21.55,1,1,137.81,28.26,29.03,12.76,16.67,78.19,32.06,0.86,2,critical_care,<5_years,low,0,1,Full GDT
V020,bm25,21.2,1,1,199.14,37.86,44.26,8.63,37.27,68.32,42.68,25.99,3,critical_care,<5_years,low,0,0,Full GDT
V020,control,21.99,1,1,189.43,41.68,44.61,16.49,43.49,75.0,44.22,26.26,4,critical_care,<5_years,low,0,0,Full GDT
V021,gdt,56.25,1,3,123.99,36.45,38.45,16.61,42.33,66.09,38.38,16.82,1,hospital_medicine,>=5_years,low,0,1,Full GDT
V021,control,70.06,1,3,161.83,48.19,55.9,12.91,60.21,54.76,65.18,40.16,2,hospital_medicine,>=5_years,low,0,0,Full GDT
V021,bm25,67.48,1,3,192.79,49.78,60.87,18.07,53.62,64.2,60.18,41.72,3,hospital_medicine,>=5_years,low,0,0,Full GDT
V021,cma,60.3,1,3,128.01,42.09,52.48,14.52,42.54,68.34,49.06,25.6,4,hospital_medicine,>=5_years,low,0,1,Full GDT
V022,bm25,122.61,1,5,191.09,61.97,80.47,19.8,81.53,50.38,87.98,51.69,1,critical_care,>=5_years,high,0,0,Full GDT
V022,control,122.07,1,5,182.97,61.69,81.32,26.5,74.28,50.22,87.74,50.08,2,critical_care,>=5_years,high,0,0,Full GDT
V022,cma,94.74,1,5,151.94,49.48,62.85,16.69,58.93,65.41,61.73,31.26,3,critical_care,>=5_years,high,0,1,Full GDT
V022,gdt,98.26,1,5,123.24,47.53,60.89,11.85,53.05,59.49,59.69,40.19,4,critical_care,>=5_years,high,0,1,Full GDT
V023,bm25,144.67,0,2,179.17,60.46,91.49,13.46,82.43,48.47,81.79,45.11,1,hospital_medicine,<5_years,low,0,0,Full GDT
V023,cma,40.71,1,2,131.44,35.24,42.48,7.98,30.95,69.97,38.57,21.5,2,hospital_medicine,<5_years,low,0,1,Full GDT
V023,control,45.18,1,2,185.93,41.63,46.92,14.87,45.78,62.73,46.16,33.28,3,hospital_medicine,<5_years,low,0,0,Full GDT
V023,gdt,37.93,1,2,132.58,33.3,27.88,11.15,24.59,82.47,35.1,18.62,4,hospital_medicine,<5_years,low,0,1,Full GDT
V024,bm25,220.59,0,5,202.43,69.63,100.0,33.06,100.0,21.78,100.0,62.96,1,hospital_medicine,>=5_years,high,0,0,Full GDT
V024,gdt,97.37,1,5,136.7,44.43,61.13,15.45,51.84,50.36,55.02,32.81,2,hospital_medicine,>=5_years,high,0,1,Full GDT
V024,control,115.2,1,5,173.36,60.46,84.51,18.95,78.43,56.84,74.23,49.82,3,hospital_medicine,>=5_years,high,0,0,Full GDT
V024,cma,109.14,1,5,135.54,47.96,64.0,16.7,60.02,52.52,60.78,33.74,4,hospital_medicine,>=5_years,high,0,1,Full GDT
V025,control,22.61,1,1,194.16,38.1,38.87,9.34,41.28,67.72,43.4,28.02,1,internal_medicine,>=5_years,low,0,0,Full GDT
V025,gdt,18.56,1,1,128.15,28.64,27.29,10.41,26.94,76.06,29.36,1.77,2,internal_medicine,>=5_years,low,0,1,Full GDT
V025,bm25,26.59,1,1,205.33,38.19,42.12,4.68,36.82,70.88,46.24,28.43,3,internal_medicine,>=5_years,low,0,0,Full GDT
V025,cma,17.39,1,1,143.9,30.26,27.98,9.17,22.1,76.13,30.07,16.13,4,internal_medicine,>=5_years,low,0,1,Full GDT
V026,cma,62.71,1,3,153.64,39.02,46.64,13.52,44.7,68.03,40.51,20.71,1,emergency,>=5_years,low,0,1,Full GDT
V026,control,66.04,1,3,193.79,49.45,67.62,19.23,57.42,59.95,54.05,38.41,2,emergency,>=5_years,low,0,0,Full GDT
V026,bm25,71.42,1,3,206.55,52.67,70.9,21.6,58.99,66.28,59.89,38.33,3,emergency,>=5_years,low,0,0,Full GDT
V026,gdt,61.29,1,3,122.79,41.99,44.07,11.01,42.59,77.1,51.68,25.46,4,emergency,>=5_years,low,0,1,Full GDT
V027,control,115.45,1,5,191.49,57.1,80.7,22.04,73.22,48.48,79.67,38.52,1,emergency,>=5_years,high,0,0,Full GDT
V027,cma,99.44,1,5,151.03,50.34,65.41,19.1,54.13,61.66,62.61,39.13,2,emergency,>=5_years,high,0,1,Full GDT
V027,gdt,105.85,1,5,123.73,45.86,63.71,14.18,50.2,61.32,57.35,28.43,3,emergency,>=5_years,high,0,1,Full GDT
V027,bm25,111.03,1,5,198.3,56.4,86.67,18.17,71.74,46.0,73.29,42.52,4,emergency,>=5_years,high,0,0,Full GDT
V028,cma,76.01,1,4,151.48,43.29,48.54,15.59,51.96,62.35,49.9,31.38,1,hospital_medicine,>=5_years,high,2,1,Full GDT
V028,bm25,92.96,1,4,196.53,56.42,72.75,14.62,73.6,60.16,70.04,47.33,2,hospital_medicine,>=5_years,high,2,0,Full GDT
V028,gdt,70.56,1,4,124.35,39.94,47.41,8.96,48.42,61.66,46.37,26.82,3,hospital_medicine,>=5_years,high,2,1,Full GDT
V028,control,92.72,1,4,177.04,55.56,71.47,18.72,74.88,54.36,70.6,43.36,4,hospital_medicine,>=5_years,high,2,0,Full GDT
V029,bm25,99.48,1,4,196.9,55.1,74.64,18.17,65.37,59.16,65.88,47.39,1,emergency,>=5_years,high,0,0,Full GDT
V029,cma,77.12,1,4,141.49,41.77,51.96,7.91,49.04,66.35,43.28,32.06,2,emergency,>=5_years,high,0,1,Full GDT
V029,control,91.79,1,4,182.9,54.43,73.15,18.62,63.4,55.63,74.71,41.1,3,emergency,>=5_years,high,0,0,Full GDT
V029,gdt,71.57,1,4,131.73,45.31,50.64,24.16,46.36,73.23,54.18,23.3,4,emergency,>=5_years,high,0,1,Full GDT
V030,control,25.07,1,1,188.0,36.6,42.12,13.3,35.88,70.92,37.15,20.22,1,emergency,<5_years,low,0,0,Full GDT
V030,cma,22.36,1,1,135.27,30.87,33.94,5.37,21.53,77.02,33.38,13.97,2,emergency,<5_years,low,0,1,Full GDT
V030,gdt,18.8,1,1,124.38,28.83,25.16,8.22,19.78,85.51,26.14,8.15,3,emergency,<5_years,low,0,1,Full GDT
V030,bm25,19.22,1,1,187.27,37.79,39.75,16.81,35.12,69.4,39.34,26.31,4,emergency,<5_years,low,0,0,Full GDT
V031,bm25,73.22,1,3,191.9,49.3,64.33,14.68,55.92,58.43,61.89,40.53,1,emergency,>=5_years,low,0,0,Full GDT
V031,cma,61.26,1,3,158.93,39.53,46.96,14.68,37.93,63.31,45.86,28.45,2,emergency,>=5_years,low,0,1,Full GDT
V031,gdt,60.23,1,3,124.32,37.31,40.96,10.65,37.15,70.94,39.89,24.27,3,emergency,>=5_years,low,0,1,Full GDT
V031,control,68.76,1,3,182.05,49.75,59.65,19.81,62.92,58.78,59.97,37.37,4,emergency,>=5_years,low,0,0,Full GDT
V032,control,89.36,1,4,200.1,52.86,69.28,14.16,63.35,55.64,70.97,43.76,1,internal_medicine,>=5_years,high,0,0,Full GDT
V032,cma,82.89,1,4,153.28,46.11,58.81,15.63,55.78,64.39,52.24,29.84,2,internal_medicine,>=5_years,high,0,1,Full GDT
V032,bm25,94.87,1,4,194.7,54.29,76.09,13.82,68.78,55.16,66.7,45.19,3,internal_medicine,>=5_years,high,0,0,Full GDT
V032,gdt,75.56,1,4,132.58,42.8,50.98,12.29,42.79,70.65,53.03,27.08,4,internal_medicine,>=5_years,high,0,1,Full GDT
V033,gdt,45.13,1,2,135.79,35.6,34.93,14.38,34.85,80.11,36.92,12.41,1,emergency,>=5_years,low,0,1,Full GDT
V033,control,42.44,1,2,190.59,41.6,44.64,8.3,54.44,69.99,47.37,24.87,2,emergency,>=5_years,low,0,0,Full GDT
V033,cma,39.41,1,2,143.45,36.16,33.63,6.13,40.3,74.11,42.71,20.07,3,emergency,>=5_years,low,0,1,Full GDT
V033,bm25,44.41,1,2,179.95,44.62,54.52,18.25,58.21,60.18,50.92,25.64,4,emergency,>=5_years,low,0,0,Full GDT
V034,gdt,97.44,1,5,129.52,43.67,63.24,13.58,49.16,59.91,50.16,26.0,1,hospital_medicine,<5_years,high,3,1,Full GDT
V034,bm25,119.84,1,5,187.65,62.49,80.6,21.5,84.61,50.1,86.24,51.9,2,hospital_medicine,<5_years,high,3,0,Full GDT
V034,control,117.39,1,5,196.54,62.92,83.61,21.21,83.88,51.74,81.07,56.03,3,hospital_medicine,<5_years,high,3,0,Full GDT
V034,cma,90.69,1,5,148.95,46.35,57.65,14.56,55.51,60.73,62.09,27.54,4,hospital_medicine,<5_years,high,3,1,Full GDT
V035,gdt,19.61,1,1,118.82,29.19,26.59,9.24,24.11,76.34,30.09,8.78,1,internal_medicine,<5_years,low,0,1,Full GDT
V035,cma,19.04,1,1,157.4,28.5,32.22,2.76,17.05,75.11,28.96,14.92,2,internal_medicine,<5_years,low,0,1,Full GDT
V035,bm25,19.61,1,1,219.36,39.34,37.11,12.81,45.78,76.11,39.76,24.45,3,internal_medicine,<5_years,low,0,0,Full GDT
V035,control,24.68,1,1,226.52,36.01,40.62,8.94,35.66,67.57,37.83,25.41,4,internal_medicine,<5_years,low,0,0,Full GDT
V036,bm25,49.44,1,2,202.86,46.7,52.55,16.13,51.17,69.13,56.39,34.8,1,hospital_medicine,>=5_years,low,0,0,Full GDT
V036,control,44.08,1,2,177.32,46.02,49.68,15.68,47.1,77.85,52.13,33.65,2,hospital_medicine,>=5_years,low,0,0,Full GDT
V036,gdt,37.84,1,2,127.95,33.55,33.78,13.37,29.84,80.57,27.52,16.24,3,hospital_medicine,>=5_years,low,0,1,Full GDT
V036,cma,40.39,1,2,139.36,35.43,41.21,10.78,28.23,76.58,37.81,17.96,4,hospital_medicine,>=5_years,low,0,1,Full GDT
V037,gdt,93.68,1,5,131.07,47.58,59.1,20.47,53.07,61.16,60.36,31.32,1,internal_medicine,<5_years,high,0,1,Full GDT
V037,control,118.21,1,5,205.53,60.49,85.44,21.72,80.29,44.23,78.28,52.94,2,internal_medicine,<5_years,high,0,0,Full GDT
V037,cma,101.12,1,5,145.85,50.39,69.35,22.72,58.98,54.99,62.32,34.0,3,internal_medicine,<5_years,high,0,1,Full GDT
V037,bm25,118.43,1,5,207.7,59.92,78.72,20.78,79.25,50.93,84.49,45.37,4,internal_medicine,<5_years,high,0,0,Full GDT
V038,cma,106.78,1,5,139.47,52.13,66.88,18.55,56.65,54.07,70.01,46.61,1,internal_medicine,>=5_years,high,0,1,Full GDT
V038,bm25,109.99,1,5,172.09,59.12,79.31,23.74,77.21,52.78,76.3,45.38,2,internal_medicine,>=5_years,high,0,0,Full GDT
V038,gdt,96.62,1,5,135.49,45.42,58.99,10.68,53.22,60.84,55.6,33.2,3,internal_medicine,>=5_years,high,0,1,Full GDT
V038,control,112.43,1,5,174.63,60.82,85.59,23.6,84.56,45.12,75.02,51.02,4,internal_medicine,>=5_years,high,0,0,Full GDT
V039,cma,90.85,1,5,141.49,48.56,65.22,15.48,60.19,56.86,62.84,30.75,1,hospital_medicine,<5_years,high,2,1,Full GDT
V039,bm25,110.27,1,5,186.43,58.88,79.23,19.95,76.89,47.58,85.79,43.85,2,hospital_medicine,<5_years,high,2,0,Full GDT
V039,control,104.29,1,5,203.0,55.76,77.35,21.44,74.1,49.28,70.41,42.0,3,hospital_medicine,<5_years,high,2,0,Full GDT
V039,gdt,97.14,1,5,132.03,45.37,61.52,13.22,60.2,55.16,50.99,31.11,4,hospital_medicine,<5_years,high,2,1,Full GDT
V040,cma,40.92,1,2,130.74,35.9,39.7,10.17,35.64,70.57,37.25,22.06,1,internal_medicine,<5_years,low,0,1,Full GDT
V040,control,53.2,1,2,170.59,45.11,50.21,20.37,47.14,66.8,56.18,29.98,2,internal_medicine,<5_years,low,0,0,Full GDT
V040,bm25,49.12,1,2,197.67,44.17,58.28,11.44,46.12,63.36,52.08,33.76,3,internal_medicine,<5_years,low,0,0,Full GDT
V040,gdt,38.41,1,2,125.62,34.17,36.92,13.4,30.67,75.84,35.17,13.04,4,internal_medicine,<5_years,low,0,1,Full GDT
V041,bm25,42.67,1,2,201.76,45.56,54.45,17.41,56.59,69.04,45.87,30.02,1,critical_care,<5_years,low,0,0,Full GDT
V041,gdt,40.68,1,2,131.7,35.04,40.12,10.53,33.17,73.18,38.33,14.94,2,critical_care,<5_years,low,0,1,Full GDT
V041,cma,40.05,1,2,142.99,34.4,37.73,13.93,35.23,70.04,38.98,10.48,3,critical_care,<5_years,low,0,1,Full GDT
V041,control,48.16,1,2,197.66,42.9,50.62,17.86,45.94,64.66,52.47,25.85,4,critical_care,<5_years,low,0,0,Full GDT
V042,cma,61.95,1,3,137.52,39.51,48.54,14.36,42.09,68.31,44.12,19.66,1,internal_medicine,<5_years,low,0,1,Full GDT
V042,control,69.24,1,3,193.2,48.03,60.14,22.72,55.94,57.43,58.68,33.25,2,internal_medicine,<5_years,low,0,0,Full GDT
V042,bm25,66.37,1,3,207.75,45.23,48.09,16.15,58.11,61.66,49.58,37.81,3,internal_medicine,<5_years,low,0,0,Full GDT
V042,gdt,58.31,1,3,138.79,40.11,44.17,17.84,41.73,74.03,35.03,27.87,4,internal_medicine,<5_years,low,0,1,Full GDT
V043,cma,99.36,1,5,144.71,51.73,63.42,23.93,64.68,57.93,63.79,36.6,1,critical_care,<5_years,high,0,1,Full GDT
V043,control,108.28,1,5,190.84,58.96,82.29,22.65,77.71,53.3,74.23,43.57,2,critical_care,<5_years,high,0,0,Full GDT
V043,gdt,92.54,1,5,132.42,47.64,62.5,15.72,53.33,68.48,59.91,25.88,3,critical_care,<5_years,high,0,1,Full GDT
V043,bm25,215.72,0,5,199.37,70.5,100.0,30.28,100.0,24.7,100.0,68.0,4,critical_care,<5_years,high,0,0,Full GDT
V044,cma,107.63,1,5,141.51,51.41,65.88,18.62,67.63,56.44,60.69,39.2,1,critical_care,<5_years,high,0,1,Full GDT
V044,gdt,95.4,1,5,124.19,46.07,61.24,26.1,52.53,60.68,58.9,16.95,2,critical_care,<5_years,high,0,1,Full GDT
V044,bm25,120.8,1,5,188.91,58.61,84.36,19.59,76.51,47.79,77.68,45.72,3,critical_care,<5_years,high,0,0,Full GDT
V044,control,131.49,1,5,190.33,64.24,88.86,26.24,76.97,45.62,91.24,56.52,4,critical_care,<5_years,high,0,0,Full GDT
V045,cma,20.71,1,1,135.23,31.27,35.55,3.46,26.63,76.81,26.0,19.13,1,emergency,>=5_years,low,0,1,Full GDT
V045,control,23.52,1,1,171.98,38.56,36.87,7.71,40.24,79.53,44.33,22.7,2,emergency,>=5_years,low,0,0,Full GDT
V045,gdt,19.67,1,1,121.82,31.26,38.31,12.5,14.75,86.8,26.65,8.55,3,emergency,>=5_years,low,0,1,Full GDT
V045,bm25,22.32,1,1,188.56,36.37,38.33,5.61,39.12,72.14,41.36,21.65,4,emergency,>=5_years,low,0,0,Full GDT
V046,cma,36.9,1,2,157.9,36.51,35.89,10.79,36.9,78.67,36.77,20.02,1,emergency,<5_years,low,0,1,Full GDT
V046,bm25,52.29,1,2,169.28,45.78,52.74,13.07,54.77,66.01,49.28,38.82,2,emergency,<5_years,low,0,0,Full GDT
V046,control,46.3,1,2,191.14,45.39,51.23,11.91,52.18,70.06,51.43,35.5,3,emergency,<5_years,low,0,0,Full GDT
V046,gdt,41.23,1,2,134.71,33.74,32.17,5.33,35.32,78.62,32.63,18.35,4,emergency,<5_years,low,0,1,Full GDT
V047,gdt,90.52,1,5,132.8,45.15,57.8,18.25,46.54,63.25,60.9,24.16,1,hospital_medicine,<5_years,high,0,1,Full GDT
V047,cma,107.68,1,5,151.21,52.9,68.2,26.22,63.39,57.37,66.78,35.43,2,hospital_medicine,<5_years,high,0,1,Full GDT
V047,bm25,119.55,1,5,190.09,57.82,77.22,19.24,72.54,47.34,84.5,46.07,3,hospital_medicine,<5_years,high,0,0,Full GDT
V047,control,106.18,1,5,190.7,55.62,78.53,17.16,73.31,48.08,76.4,40.21,4,hospital_medicine,<5_years,high,0,0,Full GDT
V048,control,20.67,1,1,173.32,36.31,41.08,11.05,39.85,65.28,37.04,23.57,1,emergency,>=5_years,low,0,0,Full GDT
V048,gdt,18.03,1,1,115.66,26.75,21.03,6.53,29.55,86.41,14.24,2.76,2,emergency,>=5_years,low,0,1,Full GDT
V048,cma,23.2,1,1,149.44,31.02,23.15,9.82,23.42,87.64,26.83,15.25,3,emergency,>=5_years,low,0,1,Full GDT
V048,bm25,21.36,1,1,181.55,35.72,46.23,7.22,34.58,68.06,39.03,19.24,4,emergency,>=5_years,low,0,0,Full GDT
V049,gdt,20.39,1,1,127.5,26.66,24.99,4.56,20.95,77.38,17.94,14.11,1,critical_care,<5_years,low,0,1,Full GDT
V049,control,25.76,1,1,222.91,40.88,48.72,14.34,41.41,72.81,39.13,28.85,2,critical_care,<5_years,low,0,0,Full GDT
V049,cma,21.87,1,1,159.39,35.19,35.06,18.07,28.67,78.43,36.01,14.9,3,critical_care,<5_years,low,0,1,Full GDT
V049,bm25,28.07,1,1,188.18,39.63,39.63,10.39,43.41,68.0,45.73,30.61,4,critical_care,<5_years,low,0,0,Full GDT
V050,gdt,77.2,1,4,133.29,39.24,45.73,10.54,44.56,61.82,49.21,23.58,1,internal_medicine,<5_years,high,0,1,Full GDT
V050,cma,86.25,1,4,137.76,43.79,54.94,18.75,49.67,60.52,48.69,30.2,2,internal_medicine,<5_years,high,0,1,Full GDT
V050,control,91.42,1,4,181.32,54.41,72.53,14.62,69.04,60.08,67.35,42.82,3,internal_medicine,<5_years,high,0,0,Full GDT
V050,bm25,89.14,1,4,185.53,53.43,73.1,21.68,61.55,46.76,68.52,48.97,4,internal_medicine,<5_years,high,0,0,Full GDT
V051,bm25,48.32,1,2,200.52,46.97,56.41,11.68,55.87,69.06,53.36,35.47,1,internal_medicine,>=5_years,low,0,0,Full GDT
V051,control,46.43,1,2,200.58,43.44,52.94,12.45,51.13,69.07,47.92,27.12,2,internal_medicine,>=5_years,low,0,0,Full GDT
V051,cma,40.67,1,2,150.07,38.58,43.5,11.2,35.97,78.61,39.34,22.88,3,internal_medicine,>=5_years,low,0,1,Full GDT
V051,gdt,38.37,1,2,127.4,31.97,34.79,9.28,23.44,73.66,31.78,18.85,4,internal_medicine,>=5_years,low,0,1,Full GDT
V052,bm25,112.67,1,5,181.32,60.6,81.19,29.95,79.89,48.44,75.38,48.78,1,emergency,<5_years,high,0,0,Full GDT
V052,gdt,92.82,1,5,127.77,45.89,59.04,17.98,57.95,54.05,50.54,35.76,2,emergency,<5_years,high,0,1,Full GDT
V052,cma,109.11,1,5,131.9,50.97,72.65,12.57,67.65,56.45,64.74,31.75,3,emergency,<5_years,high,0,1,Full GDT
V052,control,123.71,1,5,181.83,60.18,81.42,15.38,83.5,47.24,82.29,51.23,4,emergency,<5_years,high,0,0,Full GDT
V053,cma,78.27,1,4,133.89,40.83,51.33,13.28,43.81,60.91,52.9,22.71,1,hospital_medicine,>=5_years,high,0,1,Full GDT
V053,control,89.75,1,4,198.4,55.5,70.87,19.03,70.24,56.91,72.87,43.09,2,hospital_medicine,>=5_years,high,0,0,Full GDT
V053,gdt,73.79,1,4,127.08,39.8,53.51,12.05,44.72,67.08,42.43,19.0,3,hospital_medicine,>=5_years,high,0,1,Full GDT
V053,bm25,87.58,1,4,180.87,54.0,76.13,16.42,71.34,54.32,70.05,35.75,4,hospital_medicine,>=5_years,high,0,0,Full GDT
V054,bm25,46.62,1,2,185.9,41.24,54.14,8.35,56.04,58.64,45.43,24.83,1,critical_care,>=5_years,low,0,0,Full GDT
V054,cma,39.92,1,2,150.42,37.27,38.63,16.4,27.97,77.88,38.57,24.18,2,critical_care,>=5_years,low,0,1,Full GDT
V054,control,56.14,1,2,189.67,43.9,53.33,14.03,48.83,63.92,56.33,26.96,3,critical_care,>=5_years,low,0,0,Full GDT
V054,gdt,36.44,1,2,125.69,32.88,35.93,8.27,33.57,72.1,34.47,12.93,4,critical_care,>=5_years,low,0,1,Full GDT
V055,control,49.75,1,2,181.79,43.11,51.33,13.82,55.42,67.63,50.41,20.07,1,hospital_medicine,>=5_years,low,0,0,Full GDT
V055,cma,35.29,1,2,141.14,31.85,35.24,6.69,28.63,69.9,32.73,17.9,2,hospital_medicine,>=5_years,low,0,1,Full GDT
V055,gdt,38.41,1,2,124.52,33.82,28.43,17.3,30.68,78.7,29.16,18.67,3,hospital_medicine,>=5_years,low,0,1,Full GDT
V055,bm25,154.48,0,2,194.79,65.81,95.06,30.54,83.33,46.36,87.08,52.46,4,hospital_medicine,>=5_years,low,0,0,Full GDT
V056,control,76.94,1,3,185.66,49.02,65.07,18.91,56.25,57.2,62.58,34.11,1,internal_medicine,>=5_years,low,1,0,Full GDT
V056,bm25,68.14,1,3,199.74,48.27,61.69,17.79,55.51,52.97,63.1,38.57,2,internal_medicine,>=5_years,low,1,0,Full GDT
V056,cma,56.87,1,3,132.0,39.48,45.12,14.97,44.69,70.23,42.58,19.29,3,internal_medicine,>=5_years,low,1,1,Full GDT
V056,gdt,55.54,1,3,127.9,34.79,39.11,9.16,36.96,73.13,38.42,11.98,4,internal_medicine,>=5_years,low,1,1,Full GDT
V057,gdt,41.13,1,2,133.37,36.28,40.24,12.63,25.71,84.56,38.92,15.58,1,hospital_medicine,>=5_years,low,0,1,Full GDT
V057,cma,39.76,1,2,146.25,34.23,34.97,6.31,34.99,72.18,37.61,19.3,2,hospital_medicine,>=5_years,low,0,1,Full GDT
V057,bm25,48.0,1,2,189.3,45.36,51.03,17.86,57.47,70.16,53.4,22.25,3,hospital_medicine,>=5_years,low,0,0,Full GDT
V057,control,54.2,1,2,204.14,47.6,57.79,19.91,57.07,64.43,58.44,27.99,4,hospital_medicine,>=5_years,low,0,0,Full GDT
V058,bm25,74.76,1,3,189.72,49.36,56.89,26.14,55.99,60.14,60.49,36.52,1,internal_medicine,<5_years,low,1,0,Full GDT
V058,gdt,59.93,1,3,141.25,36.45,37.42,9.26,39.58,71.57,38.11,22.76,2,internal_medicine,<5_years,low,1,1,Full GDT
V058,cma,61.02,1,3,142.32,40.27,45.89,9.13,46.4,73.5,41.11,25.58,3,internal_medicine,<5_years,low,1,1,Full GDT
V058,control,62.05,1,3,191.07,45.15,54.24,6.26,59.17,57.35,56.95,36.91,4,internal_medicine,<5_years,low,1,0,Full GDT
V059,cma,83.22,1,4,149.53,47.88,57.81,22.25,56.46,59.68,57.22,33.84,1,emergency,<5_years,high,1,1,Full GDT
V059,control,91.06,1,4,194.9,53.32,69.17,16.67,64.37,53.31,68.98,47.43,2,emergency,<5_years,high,1,0,Full GDT
V059,gdt,70.46,1,4,137.44,39.95,48.73,9.29,47.5,63.94,46.93,23.34,3,emergency,<5_years,high,1,1,Full GDT
V059,bm25,93.08,1,4,196.33,54.78,71.61,22.13,66.54,49.61,75.45,43.35,4,emergency,<5_years,high,1,0,Full GDT
V060,gdt,191.36,0,5,134.83,62.35,83.94,22.94,88.18,35.52,85.1,58.4,1,hospital_medicine,<5_years,high,0,1,Full GDT
V060,cma,209.54,0,5,146.89,68.81,99.19,19.13,91.74,43.29,96.71,62.82,2,hospital_medicine,<5_years,high,0,1,Full GDT
V060,control,227.09,0,5,185.56,70.42,100.0,29.53,100.0,23.46,100.0,69.53,3,hospital_medicine,<5_years,high,0,0,Full GDT
V060,bm25,116.92,1,5,172.58,57.23,79.86,21.31,75.43,43.0,75.22,48.55,4,hospital_medicine,<5_years,high,0,0,Full GDT
V061,gdt,79.38,1,4,121.33,41.27,47.58,12.52,43.66,65.71,50.52,27.6,1,hospital_medicine,>=5_years,high,0,1,Full GDT
V061,bm25,85.09,1,4,181.03,50.61,67.5,10.6,62.71,57.12,68.75,36.99,2,hospital_medicine,>=5_years,high,0,0,Full GDT
V061,control,98.47,1,4,191.43,56.52,81.47,26.24,67.77,52.24,73.26,38.14,3,hospital_medicine,>=5_years,high,0,0,Full GDT
V061,cma,75.92,1,4,142.55,42.3,56.85,10.94,46.87,61.33,51.12,26.7,4,hospital_medicine,>=5_years,high,0,1,Full GDT
V062,cma,66.54,1,3,157.99,42.44,51.57,17.22,48.01,68.25,43.97,25.63,1,internal_medicine,>=5_years,low,0,1,Full GDT
V062,gdt,55.88,1,3,127.24,33.07,31.37,0.89,32.37,73.71,34.88,25.18,2,internal_medicine,>=5_years,low,0,1,Full GDT
V062,control,74.21,1,3,201.31,50.87,70.56,8.95,65.54,58.09,59.42,42.66,3,internal_medicine,>=5_years,low,0,0,Full GDT
V062,bm25,72.83,1,3,208.15,50.09,65.56,22.19,62.93,53.51,60.78,35.55,4,internal_medicine,>=5_years,low,0,0,Full GDT
V063,gdt,18.91,1,1,122.13,27.19,20.62,8.75,20.69,77.7,26.9,8.45,1,internal_medicine,<5_years,low,0,1,Full GDT
V063,cma,18.35,1,1,174.06,32.64,36.87,9.18,27.41,80.96,28.61,12.82,2,internal_medicine,<5_years,low,0,1,Full GDT
V063,control,20.15,1,1,189.56,38.07,45.08,2.39,40.02,74.99,42.29,23.64,3,internal_medicine,<5_years,low,0,0,Full GDT
V063,bm25,19.11,1,1,217.68,39.49,42.54,15.13,40.38,76.78,44.8,17.29,4,internal_medicine,<5_years,low,0,0,Full GDT
V064,gdt,21.42,1,1,159.02,27.29,28.87,7.83,20.13,81.07,17.55,8.29,1,hospital_medicine,<5_years,low,0,1,Full GDT
V064,bm25,24.37,1,1,158.84,37.5,38.21,13.23,39.87,70.76,41.69,21.23,2,hospital_medicine,<5_years,low,0,0,Full GDT
V064,cma,19.8,1,1,144.09,32.82,32.99,14.97,23.44,80.18,25.64,19.72,3,hospital_medicine,<5_years,low,0,1,Full GDT
V064,control,20.14,1,1,205.92,39.27,44.47,6.79,42.6,76.96,41.33,23.44,4,hospital_medicine,<5_years,low,0,0,Full GDT
V065,control,118.78,1,5,198.58,58.17,84.46,22.1,69.03,44.55,80.86,48.05,1,critical_care,<5_years,high,0,0,Full GDT
V065,bm25,118.6,1,5,202.64,61.74,86.84,23.11,83.92,52.47,79.67,44.43,2,critical_care,<5_years,high,0,0,Full GDT
V065,gdt,92.74,1,5,130.76,43.83,57.24,15.84,52.34,53.03,53.35,31.17,3,critical_care,<5_years,high,0,1,Full GDT
V065,cma,100.24,1,5,144.07,48.82,63.42,16.87,57.18,57.62,57.54,40.26,4,critical_care,<5_years,high,0,1,Full GDT
V066,gdt,18.64,1,1,135.79,25.72,24.48,5.28,22.17,80.57,15.89,5.94,1,critical_care,<5_years,low,0,1,Full GDT
V066,cma,22.86,1,1,139.24,32.38,34.7,8.44,24.7,81.91,28.59,15.97,2,critical_care,<5_years,low,0,1,Full GDT
V066,bm25,25.29,1,1,203.35,40.51,42.38,14.44,37.61,74.5,44.96,29.16,3,critical_care,<5_years,low,0,0,Full GDT
V066,control,27.79,1,1,180.71,39.85,41.97,11.94,42.94,69.45,42.37,30.42,4,critical_care,<5_years,low,0,0,Full GDT
V067,control,27.36,1,1,198.65,39.9,52.09,7.05,38.32,72.99,43.35,25.62,1,critical_care,<5_years,low,0,0,Full GDT
V067,cma,20.4,1,1,182.37,34.21,28.55,11.48,30.92,82.62,36.31,15.39,2,critical_care,<5_years,low,0,1,Full GDT
V067,gdt,18.63,1,1,147.59,29.55,27.42,9.72,19.76,83.34,27.45,9.6,3,critical_care,<5_years,low,0,1,Full GDT
V067,bm25,26.59,1,1,183.8,40.54,52.4,6.98,43.8,72.65,43.45,23.98,4,critical_care,<5_years,low,0,0,Full GDT
V068,control,63.52,1,3,200.98,49.14,57.21,14.96,59.92,64.92,62.24,35.62,1,emergency,<5_years,low,0,0,Full GDT
V068,gdt,62.81,1,3,131.87,40.14,46.15,23.15,35.62,70.15,43.59,22.17,2,emergency,<5_years,low,0,1,Full GDT
V068,bm25,173.33,0,3,193.93,66.54,99.69,27.65,94.12,33.75,87.62,56.41,3,emergency,<5_years,low,0,0,Full GDT
V068,cma,58.21,1,3,128.82,40.8,42.08,20.59,43.24,76.02,40.27,22.61,4,emergency,<5_years,low,0,1,Full GDT
V069,gdt,55.53,1,3,138.08,37.94,46.19,13.35,35.86,75.14,33.48,23.61,1,hospital_medicine,<5_years,low,0,1,Full GDT
V069,cma,62.88,1,3,155.12,40.4,45.35,21.29,34.86,64.9,47.75,28.23,2,hospital_medicine,<5_years,low,0,1,Full GDT
V069,bm25,65.8,1,3,188.4,48.16,61.16,15.99,55.81,61.67,61.92,32.41,3,hospital_medicine,<5_years,low,0,0,Full GDT
V069,control,67.79,1,3,181.5,51.71,61.76,11.07,66.92,64.94,62.8,42.79,4,hospital_medicine,<5_years,low,0,0,Full GDT
V070,gdt,17.08,1,1,138.7,27.96,26.22,4.08,21.95,81.52,22.3,11.7,1,emergency,>=5_years,low,0,1,Full GDT
V070,bm25,25.94,1,1,194.24,39.91,45.11,13.11,41.0,72.17,42.8,25.27,2,emergency,>=5_years,low,0,0,Full GDT
V070,control,23.74,1,1,180.58,38.52,40.11,10.54,42.32,67.91,39.93,30.3,3,emergency,>=5_years,low,0,0,Full GDT
V070,cma,19.38,1,1,130.55,30.76,28.68,5.19,32.99,80.98,30.01,6.7,4,emergency,>=5_years,low,0,1,Full GDT
V071,control,164.83,0,3,195.96,62.77,92.16,25.44,90.65,41.04,81.13,46.22,1,internal_medicine,>=5_years,low,0,0,Full GDT
V071,gdt,56.12,1,3,123.5,37.45,42.35,9.6,32.55,72.42,40.52,27.28,2,internal_medicine,>=5_years,low,0,1,Full GDT
V071,cma,164.82,0,3,143.95,58.32,80.37,29.59,72.07,42.04,82.29,43.54,3,internal_medicine,>=5_years,low,0,1,Full GDT
V071,bm25,170.29,0,3,187.04,66.45,98.24,28.39,89.54,32.51,91.56,58.47,4,internal_medicine,>=5_years,low,0,0,Full GDT
V072,control,88.26,1,4,177.28,54.06,66.82,16.94,74.51,51.36,74.76,39.99,1,internal_medicine,<5_years,high,1,0,Full GDT
V072,bm25,90.71,1,4,184.37,53.35,76.85,17.15,69.05,47.09,67.64,42.32,2,internal_medicine,<5_years,high,1,0,Full GDT
V072,cma,80.48,1,4,150.1,44.39,54.46,18.18,52.04,60.91,45.47,35.26,3,internal_medicine,<5_years,high,1,1,Full GDT
V072,gdt,74.21,1,4,137.35,41.21,51.77,19.78,38.7,63.21,52.89,20.88,4,internal_medicine,<5_years,high,1,1,Full GDT
V073,bm25,70.22,1,3,183.68,47.38,64.11,23.58,56.93,54.85,50.98,33.84,1,critical_care,<5_years,low,0,0,Full GDT
V073,gdt,56.84,1,3,136.23,36.51,41.03,16.6,37.32,67.71,40.08,16.3,2,critical_care,<5_years,low,0,1,Full GDT
V073,cma,61.92,1,3,156.19,39.1,39.17,13.31,44.62,65.99,44.7,26.83,3,critical_care,<5_years,low,0,1,Full GDT
V073,control,69.28,1,3,199.45,51.63,64.09,19.23,69.94,60.16,55.36,41.01,4,critical_care,<5_years,low,0,0,Full GDT
V074,control,119.75,1,5,205.92,62.48,84.79,19.99,76.8,56.89,85.77,50.6,1,emergency,<5_years,high,0,0,Full GDT
V074,cma,101.23,1,5,141.48,53.05,62.67,16.29,66.36,68.62,64.68,39.69,2,emergency,<5_years,high,0,1,Full GDT
V074,bm25,112.98,1,5,191.21,57.68,77.16,20.83,76.22,48.03,80.23,43.62,3,emergency,<5_years,high,0,0,Full GDT
V074,gdt,94.81,1,5,122.23,46.98,66.04,14.86,55.76,62.99,52.88,29.37,4,emergency,<5_years,high,0,1,Full GDT
V075,cma,36.37,1,2,144.6,34.25,36.97,11.5,31.36,71.96,39.67,14.03,1,hospital_medicine,<5_years,low,0,1,Full GDT
V075,bm25,40.64,1,2,211.53,42.93,57.38,19.18,40.55,69.26,35.59,35.63,2,hospital_medicine,<5_years,low,0,0,Full GDT
V075,gdt,33.38,1,2,138.55,32.58,31.66,9.55,31.14,72.3,29.73,21.11,3,hospital_medicine,<5_years,low,0,1,Full GDT
V075,control,44.59,1,2,180.47,45.25,59.07,13.53,46.53,64.83,59.89,27.68,4,hospital_medicine,<5_years,low,0,0,Full GDT
V076,bm25,120.46,1,5,197.31,63.26,86.47,25.04,86.49,49.26,82.07,50.26,1,emergency,<5_years,high,0,0,Full GDT
V076,cma,104.3,1,5,143.42,49.42,67.07,16.58,60.09,54.83,66.66,31.3,2,emergency,<5_years,high,0,1,Full GDT
V076,control,112.74,1,5,190.11,58.35,81.1,20.75,77.2,46.53,82.43,42.05,3,emergency,<5_years,high,0,0,Full GDT
V076,gdt,103.97,1,5,123.99,47.22,60.82,12.71,54.21,56.57,67.05,31.95,4,emergency,<5_years,high,0,1,Full GDT
V077,cma,18.19,1,1,151.2,29.62,28.65,7.86,24.73,78.02,26.27,12.17,1,hospital_medicine,<5_years,low,0,1,Full GDT
V077,control,21.86,1,1,179.19,34.14,38.65,6.45,32.3,70.87,39.86,16.71,2,hospital_medicine,<5_years,low,0,0,Full GDT
V077,gdt,19.22,1,1,121.38,29.74,26.54,10.43,20.49,90.66,23.73,6.59,3,hospital_medicine,<5_years,low,0,1,Full GDT
V077,bm25,22.82,1,1,184.39,39.07,42.43,13.03,37.87,68.05,45.93,27.15,4,hospital_medicine,<5_years,low,0,0,Full GDT
V078,gdt,54.24,1,3,118.19,37.65,44.34,13.81,40.26,68.77,45.27,13.45,1,internal_medicine,<5_years,low,0,1,Full GDT
V078,cma,63.67,1,3,139.05,40.98,44.93,18.24,42.53,65.91,48.21,26.08,2,internal_medicine,<5_years,low,0,1,Full GDT
V078,bm25,75.14,1,3,198.31,49.36,59.63,17.83,59.0,60.68,64.19,34.79,3,internal_medicine,<5_years,low,0,0,Full GDT
V078,control,66.17,1,3,190.03,48.87,55.95,17.88,54.94,63.55,64.88,36.01,4,internal_medicine,<5_years,low,0,0,Full GDT
V079,cma,19.84,1,1,161.12,31.7,24.77,8.77,33.11,78.64,32.02,12.9,1,hospital_medicine,<5_years,low,0,1,Full GDT
V079,control,24.71,1,1,207.13,43.32,47.77,20.04,42.61,77.73,45.34,26.43,2,hospital_medicine,<5_years,low,0,0,Full GDT
V079,bm25,22.7,1,1,188.13,40.4,46.4,12.45,41.81,72.64,43.99,25.11,3,hospital_medicine,<5_years,low,0,0,Full GDT
V079,gdt,24.51,1,1,121.34,30.92,32.07,7.49,20.67,82.88,29.18,13.23,4,hospital_medicine,<5_years,low,0,1,Full GDT
V080,control,40.6,1,2,193.82,44.24,48.84,15.9,55.55,67.58,48.92,28.64,1,hospital_medicine,>=5_years,low,0,0,Full GDT
V080,bm25,153.5,0,2,184.04,61.56,96.67,20.04,77.83,45.11,82.03,47.7,2,hospital_medicine,>=5_years,low,0,0,Full GDT
V080,gdt,37.42,1,2,145.31,34.63,38.86,13.54,30.51,75.69,36.0,13.15,3,hospital_medicine,>=5_years,low,0,1,Full GDT
V080,cma,44.32,1,2,143.14,35.48,40.0,0.0,35.31,70.64,42.42,24.49,4,hospital_medicine,>=5_years,low,0,1,Full GDT
V081,control,40.17,1,2,198.19,42.06,50.11,13.18,44.35,71.1,43.48,30.16,1,internal_medicine,>=5_years,low,1,0,Full GDT
V081,gdt,39.25,1,2,115.57,33.51,36.61,7.49,29.41,75.04,37.32,15.21,2,internal_medicine,>=5_years,low,1,1,Full GDT
V081,bm25,46.74,1,2,198.39,44.48,52.91,8.04,60.27,63.26,53.28,29.15,3,internal_medicine,>=5_years,low,1,0,Full GDT
V081,cma,46.15,1,2,132.25,35.25,37.82,8.54,33.95,74.28,36.07,20.83,4,internal_medicine,>=5_years,low,1,1,Full GDT
V082,control,94.39,1,4,190.79,53.16,75.51,15.41,69.84,51.09,69.89,37.2,1,critical_care,<5_years,high,0,0,Full GDT
V082,cma,76.56,1,4,145.13,46.65,58.25,21.38,52.14,63.06,56.27,28.82,2,critical_care,<5_years,high,0,1,Full GDT
V082,gdt,73.81,1,4,123.25,40.06,53.7,12.34,38.59,64.64,47.47,23.61,3,critical_care,<5_years,high,0,1,Full GDT
V082,bm25,93.19,1,4,186.22,53.95,76.35,17.63,66.06,52.43,66.17,45.06,4,critical_care,<5_years,high,0,0,Full GDT
V083,control,101.91,1,4,186.17,56.51,74.76,23.41,71.39,55.81,68.15,45.55,1,hospital_medicine,<5_years,high,0,0,Full GDT
V083,cma,81.77,1,4,152.01,44.22,61.54,10.5,55.71,54.66,54.24,28.69,2,hospital_medicine,<5_years,high,0,1,Full GDT
V083,bm25,101.44,1,4,207.38,56.59,74.53,20.99,72.15,53.92,74.62,43.31,3,hospital_medicine,<5_years,high,0,0,Full GDT
V083,gdt,77.12,1,4,120.42,42.57,59.07,9.13,53.44,69.81,44.18,19.79,4,hospital_medicine,<5_years,high,0,1,Full GDT
V084,cma,62.81,1,3,133.46,42.3,50.45,12.72,44.8,74.33,44.16,27.35,1,hospital_medicine,<5_years,high,2,1,Full GDT
V084,gdt,58.76,1,3,134.36,34.82,42.04,10.74,36.38,66.87,33.56,19.32,2,hospital_medicine,<5_years,high,2,1,Full GDT
V084,control,73.51,1,3,182.9,48.17,62.9,16.19,61.92,58.9,53.81,35.3,3,hospital_medicine,<5_years,high,2,0,Full GDT
V084,bm25,83.55,1,3,203.86,49.3,66.41,11.69,64.63,54.2,63.96,34.93,4,hospital_medicine,<5_years,high,2,0,Full GDT
V085,cma,79.83,1,4,150.85,48.13,56.77,18.31,56.47,69.24,54.56,33.45,1,emergency,<5_years,high,1,1,Full GDT
V085,gdt,79.84,1,4,123.29,45.85,55.6,14.32,48.0,68.37,60.29,28.55,2,emergency,<5_years,high,1,1,Full GDT
V085,bm25,90.7,1,4,171.22,54.29,72.04,14.14,65.05,55.65,72.01,46.85,3,emergency,<5_years,high,1,0,Full GDT
V085,control,87.38,1,4,192.59,53.1,67.69,15.87,71.58,57.32,64.81,41.33,4,emergency,<5_years,high,1,0,Full GDT
V086,cma,18.47,1,1,143.64,29.77,27.02,3.07,28.93,74.66,23.71,21.21,1,hospital_medicine,>=5_years,low,0,1,Full GDT
V086,control,21.86,1,1,234.7,37.63,32.92,13.68,43.03,73.59,35.94,26.6,2,hospital_medicine,>=5_years,low,0,0,Full GDT
V086,bm25,19.76,1,1,234.27,34.37,44.64,3.88,30.88,74.69,37.63,14.47,3,hospital_medicine,>=5_years,low,0,0,Full GDT
V086,gdt,21.26,1,1,102.21,27.98,27.06,8.32,26.98,81.25,16.48,7.78,4,hospital_medicine,>=5_years,low,0,1,Full GDT
V087,bm25,20.38,1,1,172.81,35.95,37.94,12.08,35.69,68.02,39.25,22.71,1,critical_care,<5_years,low,0,0,Full GDT
V087,control,21.76,1,1,217.59,39.71,45.89,9.75,42.3,66.39,49.15,24.78,2,critical_care,<5_years,low,0,0,Full GDT
V087,gdt,19.08,1,1,125.31,30.89,22.52,13.64,33.85,79.4,24.11,11.8,3,critical_care,<5_years,low,0,1,Full GDT
V087,cma,19.47,1,1,147.82,33.02,36.71,8.76,26.93,79.48,28.98,17.24,4,critical_care,<5_years,low,0,1,Full GDT
V088,gdt,96.56,1,5,117.92,48.95,62.77,15.67,50.98,67.68,56.52,40.1,1,internal_medicine,>=5_years,high,0,1,Full GDT
V088,control,115.16,1,5,170.86,56.43,72.74,21.5,81.86,45.1,72.71,44.67,2,internal_medicine,>=5_years,high,0,0,Full GDT
V088,cma,104.97,1,5,156.01,53.31,74.55,22.63,62.6,62.38,59.2,38.5,3,internal_medicine,>=5_years,high,0,1,Full GDT
V088,bm25,118.58,1,5,201.15,64.17,88.7,23.4,81.26,57.69,79.74,54.26,4,internal_medicine,>=5_years,high,0,0,Full GDT
V089,cma,17.1,1,1,152.31,31.29,27.85,8.83,27.41,86.04,23.09,14.52,1,hospital_medicine,>=5_years,low,0,1,Full GDT
V089,gdt,19.42,1,1,120.86,26.95,25.33,6.94,20.63,75.14,20.55,13.11,2,hospital_medicine,>=5_years,low,0,1,Full GDT
V089,bm25,21.46,1,1,198.78,37.94,39.17,11.83,39.21,77.89,35.02,24.53,3,hospital_medicine,>=5_years,low,0,0,Full GDT
V089,control,23.36,1,1,190.02,38.3,41.1,9.5,45.61,67.76,40.56,25.25,4,hospital_medicine,>=5_years,low,0,0,Full GDT
V090,bm25,69.51,1,3,197.56,49.77,61.64,17.25,60.72,59.63,64.83,34.58,1,emergency,>=5_years,low,0,0,Full GDT
V090,control,73.45,1,3,186.42,47.98,60.26,14.65,57.73,64.3,61.21,29.73,2,emergency,>=5_years,low,0,0,Full GDT
V090,gdt,54.2,1,3,115.36,35.46,39.34,11.05,34.03,74.54,34.73,19.09,3,emergency,>=5_years,low,0,1,Full GDT
V090,cma,59.82,1,3,153.44,41.29,51.98,20.05,41.6,66.25,46.19,21.67,4,emergency,>=5_years,low,0,1,Full GDT
V091,bm25,69.37,1,3,185.66,49.56,63.36,18.34,54.8,61.88,60.35,38.63,1,emergency,>=5_years,low,0,0,Full GDT
V091,control,69.83,1,3,170.09,50.0,56.42,17.11,57.11,65.9,62.24,41.21,2,emergency,>=5_years,low,0,0,Full GDT
V091,cma,64.78,1,3,140.34,43.03,48.26,15.92,46.62,68.4,51.25,27.76,3,emergency,>=5_years,low,0,1,Full GDT
V091,gdt,54.81,1,3,130.45,35.75,41.5,6.78,37.27,63.71,41.94,23.32,4,emergency,>=5_years,low,0,1,Full GDT
V092,bm25,25.27,1,1,204.25,37.4,38.6,4.8,43.45,72.57,40.3,24.66,1,critical_care,<5_years,low,0,0,Full GDT
V092,control,25.36,1,1,196.51,41.14,45.78,10.39,41.04,77.9,44.31,27.43,2,critical_care,<5_years,low,0,0,Full GDT
V092,gdt,17.91,1,1,139.09,28.23,21.48,5.77,20.4,81.97,22.51,17.25,3,critical_care,<5_years,low,0,1,Full GDT
V092,cma,22.11,1,1,143.98,31.74,30.77,10.76,25.28,80.28,36.06,7.27,4,critical_care,<5_years,low,0,1,Full GDT
V093,gdt,95.97,1,5,133.97,48.85,61.59,17.55,53.87,66.81,60.47,32.78,1,hospital_medicine,>=5_years,high,0,1,Full GDT
V093,bm25,110.83,1,5,193.65,59.21,81.21,20.95,77.97,50.84,78.82,45.45,2,hospital_medicine,>=5_years,high,0,0,Full GDT
V093,control,108.24,1,5,200.57,57.43,81.4,18.24,78.08,46.24,78.63,41.99,3,hospital_medicine,>=5_years,high,0,0,Full GDT
V093,cma,104.65,1,5,144.4,49.73,68.01,9.95,61.02,60.03,62.69,36.66,4,hospital_medicine,>=5_years,high,0,1,Full GDT
V094,bm25,90.46,1,4,194.62,55.79,76.28,18.06,67.45,52.93,78.19,41.84,1,internal_medicine,<5_years,high,0,0,Full GDT
V094,control,87.26,1,4,193.94,56.7,71.72,24.35,69.82,59.35,68.74,46.25,2,internal_medicine,<5_years,high,0,0,Full GDT
V094,gdt,76.63,1,4,132.41,40.76,50.28,15.07,43.01,63.31,44.04,28.84,3,internal_medicine,<5_years,high,0,1,Full GDT
V094,cma,80.53,1,4,135.97,42.83,55.32,9.87,48.13,61.86,54.25,27.57,4,internal_medicine,<5_years,high,0,1,Full GDT
V095,bm25,23.75,1,1,207.28,39.67,44.62,8.41,40.29,74.18,44.01,26.49,1,internal_medicine,>=5_years,low,0,0,Full GDT
V095,control,22.29,1,1,172.64,38.68,40.27,10.98,36.83,72.94,45.19,25.86,2,internal_medicine,>=5_years,low,0,0,Full GDT
V095,cma,17.43,1,1,120.53,31.48,26.72,14.08,27.15,76.73,27.13,17.05,3,internal_medicine,>=5_years,low,0,1,Full GDT
V095,gdt,19.89,1,1,143.23,29.85,24.88,4.64,23.76,80.2,32.38,13.27,4,internal_medicine,>=5_years,low,0,1,Full GDT
V096,cma,40.78,1,2,149.55,32.66,32.55,14.67,37.18,71.82,26.22,13.51,1,critical_care,>=5_years,low,0,1,Full GDT
V096,gdt,35.56,1,2,109.37,32.14,36.08,6.78,30.29,73.51,32.71,13.47,2,critical_care,>=5_years,low,0,1,Full GDT
V096,control,44.26,1,2,189.19,43.95,55.85,8.71,49.6,63.15,58.69,27.71,3,critical_care,>=5_years,low,0,0,Full GDT
V096,bm25,46.94,1,2,187.87,45.72,55.99,11.47,53.05,70.48,52.1,31.23,4,critical_care,>=5_years,low,0,0,Full GDT
V097,bm25,22.39,1,1,166.26,38.71,41.42,12.9,42.09,72.97,39.81,23.06,1,internal_medicine,>=5_years,low,0,0,Full GDT
V097,gdt,19.02,1,1,125.75,29.21,20.79,10.44,25.17,80.16,22.59,16.13,2,internal_medicine,>=5_years,low,0,1,Full GDT
V097,control,23.04,1,1,177.74,41.55,43.47,14.46,43.66,77.95,43.53,26.24,3,internal_medicine,>=5_years,low,0,0,Full GDT
V097,cma,18.76,1,1,131.65,32.84,28.29,9.19,26.76,90.92,24.6,17.26,4,internal_medicine,>=5_years,low,0,1,Full GDT
V098,cma,79.58,1,4,148.25,45.49,51.25,19.64,53.73,64.45,51.15,32.75,1,internal_medicine,<5_years,high,0,1,Full GDT
V098,gdt,77.46,1,4,125.96,39.78,50.31,16.28,43.03,59.06,44.46,25.51,2,internal_medicine,<5_years,high,0,1,Full GDT
V098,bm25,92.76,1,4,189.26,52.77,70.02,13.85,75.96,55.94,67.2,33.65,3,internal_medicine,<5_years,high,0,0,Full GDT
V098,control,92.42,1,4,177.93,53.35,67.22,22.08,65.68,52.37,68.25,44.53,4,internal_medicine,<5_years,high,0,0,Full GDT
V099,gdt,35.67,1,2,121.08,34.68,34.88,8.4,28.57,82.15,34.74,19.35,1,internal_medicine,<5_years,low,0,1,Full GDT
V099,control,41.02,1,2,173.99,45.58,48.18,16.25,50.83,74.95,47.79,35.5,2,internal_medicine,<5_years,low,0,0,Full GDT
V099,cma,40.91,1,2,133.05,38.14,38.78,14.31,36.32,73.63,38.8,27.01,3,internal_medicine,<5_years,low,0,1,Full GDT
V099,bm25,42.02,1,2,190.54,42.7,53.53,14.95,48.68,66.98,46.29,25.75,4,internal_medicine,<5_years,low,0,0,Full GDT
V100,control,68.18,1,3,174.18,49.68,64.67,21.75,53.85,60.87,60.39,36.55,1,emergency,<5_years,low,0,0,Full GDT
V100,cma,60.45,1,3,152.59,40.24,50.62,15.27,43.46,64.55,43.84,23.71,2,emergency,<5_years,low,0,1,Full GDT
V100,bm25,70.0,1,3,182.9,48.84,58.96,17.66,55.3,62.25,63.76,35.12,3,emergency,<5_years,low,0,0,Full GDT
V100,gdt,57.28,1,3,131.0,36.43,44.04,8.84,41.62,64.54,39.3,20.22,4,emergency,<5_years,low,0,1,Full GDT
V101,control,98.54,1,4,182.68,55.12,68.55,21.91,73.05,55.19,74.26,37.75,1,internal_medicine,<5_years,high,0,0,Full GDT
V101,cma,82.05,1,4,139.3,45.35,57.44,23.09,52.32,60.54,52.35,26.34,2,internal_medicine,<5_years,high,0,1,Full GDT
V101,bm25,93.47,1,4,193.19,54.95,71.03,24.92,71.84,51.64,63.78,46.48,3,internal_medicine,<5_years,high,0,0,Full GDT
V101,gdt,79.83,1,4,125.13,40.53,43.22,13.91,48.84,65.78,45.0,26.41,4,internal_medicine,<5_years,high,0,1,Full GDT
V102,control,23.74,1,1,186.92,38.04,43.33,9.36,42.23,66.99,42.95,23.36,1,internal_medicine,<5_years,low,0,0,Full GDT
V102,bm25,131.01,0,1,204.64,56.95,77.02,17.71,73.07,49.58,76.24,48.06,2,internal_medicine,<5_years,low,0,0,Full GDT
V102,gdt,18.06,1,1,134.04,29.94,24.36,12.8,23.64,83.6,23.23,12.03,3,internal_medicine,<5_years,low,0,1,Full GDT
V102,cma,18.34,1,1,156.45,28.69,26.95,9.05,19.74,69.59,27.74,19.09,4,internal_medicine,<5_years,low,0,1,Full GDT
V103,gdt,196.32,0,5,128.38,65.03,90.01,26.78,91.0,38.75,84.28,59.38,1,internal_medicine,<5_years,high,0,1,Full GDT
V103,control,300.0,0,5,185.66,70.95,100.0,32.8,100.0,8.11,100.0,84.81,2,internal_medicine,<5_years,high,0,0,Full GDT
V103,cma,300.0,0,5,137.97,71.58,100.0,35.25,100.0,16.92,100.0,77.3,3,internal_medicine,<5_years,high,0,1,Full GDT
V103,bm25,300.0,0,5,188.84,71.99,100.0,35.26,100.0,11.45,100.0,85.27,4,internal_medicine,<5_years,high,0,0,Full GDT
V104,bm25,19.26,1,1,208.87,42.78,43.98,15.72,39.02,87.66,41.77,28.52,1,internal_medicine,>=5_years,low,0,0,Full GDT
V104,control,22.24,1,1,199.9,39.66,40.08,16.07,38.32,70.32,41.52,31.63,2,internal_medicine,>=5_years,low,0,0,Full GDT
V104,cma,20.78,1,1,147.33,31.9,26.3,1.28,27.87,83.11,39.37,13.46,3,internal_medicine,>=5_years,low,0,1,Full GDT
V104,gdt,16.15,1,1,164.25,29.58,24.72,13.05,22.86,85.52,26.45,4.91,4,internal_medicine,>=5_years,low,0,1,Full GDT
V105,gdt,36.88,1,2,137.71,30.68,30.97,4.41,20.55,81.97,30.83,15.38,1,emergency,>=5_years,low,0,1,Full GDT
V105,bm25,45.06,1,2,192.16,43.98,56.99,13.95,46.46,64.21,54.81,27.48,2,emergency,>=5_years,low,0,0,Full GDT
V105,cma,39.73,1,2,137.85,34.86,38.33,7.0,23.86,76.25,38.77,24.96,3,emergency,>=5_years,low,0,1,Full GDT
V105,control,55.48,1,2,191.73,46.54,60.3,17.31,50.03,66.65,50.4,34.55,4,emergency,>=5_years,low,0,0,Full GDT
V106,cma,171.12,0,4,140.32,62.16,84.0,23.52,89.52,41.49,91.21,43.22,1,internal_medicine,<5_years,high,0,1,Full GDT
V106,bm25,190.47,0,4,175.4,69.25,100.0,21.36,100.0,31.96,100.0,62.2,2,internal_medicine,<5_years,high,0,0,Full GDT
V106,control,192.53,0,4,177.55,69.91,100.0,29.64,96.69,31.34,100.0,61.78,3,internal_medicine,<5_years,high,0,0,Full GDT
V106,gdt,71.21,1,4,121.82,41.52,50.43,11.7,46.06,67.03,50.46,23.42,4,internal_medicine,<5_years,high,0,1,Full GDT
V107,bm25,19.89,1,1,169.22,38.38,40.59,16.21,36.36,76.08,39.2,21.84,1,emergency,>=5_years,low,0,0,Full GDT
V107,cma,19.06,1,1,135.0,30.84,22.77,10.44,31.53,80.05,25.89,14.38,2,emergency,>=5_years,low,0,1,Full GDT
V107,control,23.58,1,1,202.82,40.22,48.38,18.87,37.44,72.14,45.83,18.64,3,emergency,>=5_years,low,0,0,Full GDT
V107,gdt,18.57,1,1,144.82,28.62,25.61,5.62,21.26,81.23,25.56,12.45,4,emergency,>=5_years,low,0,1,Full GDT
V108,bm25,72.8,1,3,184.79,51.88,69.1,18.09,66.27,53.41,64.48,39.96,1,critical_care,>=5_years,low,0,0,Full GDT
V108,cma,62.82,1,3,153.67,38.73,47.53,15.22,44.8,58.75,38.96,27.13,2,critical_care,>=5_years,low,0,1,Full GDT
V108,gdt,60.57,1,3,142.01,35.98,36.27,13.01,33.84,69.87,35.67,27.23,3,critical_care,>=5_years,low,0,1,Full GDT
V108,control,66.94,1,3,218.62,49.78,63.87,12.76,57.32,64.97,61.54,38.2,4,critical_care,>=5_years,low,0,0,Full GDT
V109,cma,65.99,1,3,146.14,39.49,48.04,14.23,40.78,63.72,44.65,25.49,1,emergency,>=5_years,low,0,1,Full GDT
V109,bm25,69.74,1,3,180.29,48.47,64.07,14.49,57.18,58.31,64.65,32.09,2,emergency,>=5_years,low,0,0,Full GDT
V109,gdt,59.05,1,3,116.51,34.09,43.25,7.29,36.53,66.74,40.3,10.46,3,emergency,>=5_years,low,0,1,Full GDT
V109,control,61.51,1,3,183.52,48.69,63.32,17.46,52.99,58.81,65.78,33.77,4,emergency,>=5_years,low,0,0,Full GDT
V110,bm25,72.63,1,3,169.78,50.83,64.25,24.05,59.74,53.57,62.82,40.56,1,internal_medicine,>=5_years,low,0,0,Full GDT
V110,cma,60.67,1,3,148.92,41.76,53.04,12.42,43.39,67.99,49.36,24.37,2,internal_medicine,>=5_years,low,0,1,Full GDT
V110,gdt,56.33,1,3,140.25,35.43,43.58,10.75,34.56,70.21,35.84,17.62,3,internal_medicine,>=5_years,low,0,1,Full GDT
V110,control,69.04,1,3,183.24,48.76,64.67,11.71,57.97,59.62,58.6,39.99,4,internal_medicine,>=5_years,low,0,0,Full GDT
V111,bm25,53.45,1,2,185.7,43.82,58.68,5.53,52.09,58.68,54.69,33.26,1,internal_medicine,<5_years,low,0,0,Full GDT
V111,control,44.67,1,2,190.93,44.86,55.02,15.55,48.02,75.32,52.6,22.65,2,internal_medicine,<5_years,low,0,0,Full GDT
V111,gdt,35.55,1,2,120.98,32.55,29.75,6.88,32.05,75.87,30.01,20.71,3,internal_medicine,<5_years,low,0,1,Full GDT
V111,cma,43.03,1,2,150.69,38.14,37.86,12.03,35.77,77.7,38.96,26.53,4,internal_medicine,<5_years,low,0,1,Full GDT
V112,gdt,74.93,1,4,132.8,39.86,43.87,12.18,42.95,64.36,45.27,30.51,1,internal_medicine,>=5_years,high,0,1,Full GDT
V112,control,91.11,1,4,177.06,51.9,71.95,19.21,60.09,52.8,67.09,40.26,2,internal_medicine,>=5_years,high,0,0,Full GDT
V112,bm25,96.24,1,4,205.6,55.73,72.74,15.71,66.16,59.46,71.94,48.4,3,internal_medicine,>=5_years,high,0,0,Full GDT
V112,cma,80.81,1,4,145.65,45.34,64.15,17.67,47.79,59.9,50.3,32.22,4,internal_medicine,>=5_years,high,0,1,Full GDT
V113,bm25,53.3,1,2,189.11,45.52,58.41,24.56,52.32,64.07,52.14,21.61,1,critical_care,>=5_years,low,0,0,Full GDT
V113,control,45.07,1,2,213.18,41.25,54.6,11.23,47.88,62.7,48.25,22.82,2,critical_care,>=5_years,low,0,0,Full GDT
V113,cma,42.04,1,2,142.1,38.03,34.37,18.21,37.47,72.99,38.57,26.58,3,critical_care,>=5_years,low,0,1,Full GDT
V113,gdt,36.93,1,2,110.27,35.78,33.95,16.74,31.75,77.35,31.73,23.17,4,critical_care,>=5_years,low,0,1,Full GDT
V114,control,91.53,1,4,188.04,53.58,66.22,23.91,63.91,54.86,73.74,38.88,1,hospital_medicine,>=5_years,high,0,0,Full GDT
V114,bm25,88.82,1,4,178.87,54.32,75.16,11.6,67.92,59.03,68.83,43.41,2,hospital_medicine,>=5_years,high,0,0,Full GDT
V114,cma,83.77,1,4,130.74,45.25,57.73,11.19,51.89,66.4,53.94,30.38,3,hospital_medicine,>=5_years,high,0,1,Full GDT
V114,gdt,75.0,1,4,128.39,40.72,51.0,16.16,44.12,62.54,49.57,20.94,4,hospital_medicine,>=5_years,high,0,1,Full GDT
V115,cma,97.62,1,5,138.12,51.33,68.06,16.19,61.53,61.72,67.83,32.67,1,internal_medicine,<5_years,high,2,1,Full GDT
V115,bm25,121.97,1,5,187.57,60.52,82.29,24.61,81.08,41.98,82.29,50.85,2,internal_medicine,<5_years,high,2,0,Full GDT
V115,control,116.91,1,5,179.33,60.35,82.16,20.68,81.25,40.68,85.0,52.31,3,internal_medicine,<5_years,high,2,0,Full GDT
V115,gdt,95.08,1,5,129.42,46.7,56.8,14.39,55.45,60.12,60.73,32.69,4,internal_medicine,<5_years,high,2,1,Full GDT
V116,gdt,42.99,1,2,126.8,33.63,33.3,11.92,34.03,73.97,34.66,13.91,1,hospital_medicine,<5_years,low,0,1,Full GDT
V116,cma,43.13,1,2,150.35,36.88,47.97,12.4,43.47,67.15,35.36,14.95,2,hospital_medicine,<5_years,low,0,1,Full GDT
V116,control,52.71,1,2,183.57,45.92,60.37,15.8,54.09,60.63,52.89,31.75,3,hospital_medicine,<5_years,low,0,0,Full GDT
V116,bm25,48.59,1,2,192.87,46.97,61.59,14.6,47.16,70.51,51.55,36.41,4,hospital_medicine,<5_years,low,0,0,Full GDT
V117,cma,108.53,1,5,148.14,49.79,66.88,18.44,61.23,51.39,68.51,32.29,1,hospital_medicine,>=5_years,high,3,1,Full GDT
V117,bm25,115.26,1,5,183.28,57.45,81.93,18.21,77.1,48.98,80.49,38.02,2,hospital_medicine,>=5_years,high,3,0,Full GDT
V117,gdt,101.4,1,5,128.51,45.48,59.52,20.51,51.14,60.04,52.89,28.81,3,hospital_medicine,>=5_years,high,3,1,Full GDT
V117,control,109.85,1,5,197.02,57.94,83.19,24.1,67.4,55.84,76.03,41.11,4,hospital_medicine,>=5_years,high,3,0,Full GDT
V118,control,91.45,1,4,194.4,56.07,75.9,22.51,67.53,52.29,72.96,45.22,1,critical_care,>=5_years,high,1,0,Full GDT
V118,cma,83.69,1,4,157.77,47.79,59.28,22.19,51.01,66.35,60.19,27.73,2,critical_care,>=5_years,high,1,1,Full GDT
V118,gdt,76.17,1,4,129.93,39.62,44.51,10.14,38.98,69.82,47.01,27.29,3,critical_care,>=5_years,high,1,1,Full GDT
V118,bm25,92.84,1,4,188.9,55.13,78.35,14.17,71.56,51.04,73.13,42.56,4,critical_care,>=5_years,high,1,0,Full GDT
V119,control,71.38,1,3,183.2,46.43,59.94,9.8,55.93,55.37,58.3,39.23,1,critical_care,>=5_years,low,0,0,Full GDT
V119,gdt,53.76,1,3,127.36,36.54,46.46,8.88,31.87,69.8,42.14,20.07,2,critical_care,>=5_years,low,0,1,Full GDT
V119,cma,57.03,1,3,151.61,40.37,43.41,12.96,42.41,66.66,44.27,32.52,3,critical_care,>=5_years,low,0,1,Full GDT
V119,bm25,69.65,1,3,194.93,50.92,61.1,13.36,58.98,62.73,69.25,40.08,4,critical_care,>=5_years,low,0,0,Full GDT
V120,gdt,57.25,1,3,143.61,38.0,45.53,2.64,35.23,73.44,45.65,25.49,1,critical_care,<5_years,low,0,1,Full GDT
V120,cma,62.36,1,3,138.5,43.22,48.54,19.27,46.94,64.76,51.77,28.01,2,critical_care,<5_years,low,0,1,Full GDT
V120,bm25,67.32,1,3,170.68,48.98,62.64,19.23,58.25,58.78,60.53,34.45,3,critical_care,<5_years,low,0,0,Full GDT
V120,control,70.09,1,3,182.98,47.64,66.53,16.92,60.81,47.56,58.94,35.08,4,critical_care,<5_years,low,0,0,Full GDT
V121,bm25,71.45,1,3,196.02,46.88,57.72,14.87,61.89,59.07,58.2,29.53,1,critical_care,>=5_years,low,0,0,Full GDT
V121,gdt,59.71,1,3,128.34,36.11,39.02,13.09,43.2,68.49,37.69,15.16,2,critical_care,>=5_years,low,0,1,Full GDT
V121,control,66.83,1,3,180.19,46.88,57.16,18.01,59.1,55.15,58.29,33.55,3,critical_care,>=5_years,low,0,0,Full GDT
V121,cma,65.34,1,3,152.79,42.72,48.49,14.88,41.84,72.87,50.14,28.1,4,critical_care,>=5_years,low,0,1,Full GDT
V122,gdt,90.42,1,5,116.53,46.84,59.53,17.74,51.79,64.71,52.97,34.27,1,internal_medicine,>=5_years,high,0,1,Full GDT
V122,control,115.4,1,5,195.99,58.82,80.92,21.7,80.84,53.18,70.94,45.34,2,internal_medicine,>=5_years,high,0,0,Full GDT
V122,bm25,120.04,1,5,192.24,60.53,86.83,22.58,77.6,52.2,77.0,46.95,3,internal_medicine,>=5_years,high,0,0,Full GDT
V122,cma,95.58,1,5,151.28,51.39,65.68,22.57,59.14,65.92,59.64,35.38,4,internal_medicine,>=5_years,high,0,1,Full GDT
V123,cma,103.6,1,5,152.05,47.37,60.35,13.62,59.32,53.92,65.38,31.6,1,emergency,>=5_years,high,0,1,Full GDT
V123,gdt,95.97,1,5,131.68,45.89,58.55,14.86,49.91,60.85,56.61,34.58,2,emergency,>=5_years,high,0,1,Full GDT
V123,bm25,119.41,1,5,195.21,60.11,79.64,20.93,80.38,47.55,79.85,52.33,3,emergency,>=5_years,high,0,0,Full GDT
V123,control,125.27,1,5,196.96,60.86,89.81,24.49,78.52,44.7,83.75,43.91,4,emergency,>=5_years,high,0,0,Full GDT
V124,bm25,93.53,1,4,182.23,55.28,73.56,14.19,67.49,54.48,75.81,46.13,1,internal_medicine,<5_years,high,0,0,Full GDT
V124,control,96.36,1,4,205.73,56.32,76.23,23.36,65.51,57.13,70.19,45.5,2,internal_medicine,<5_years,high,0,0,Full GDT
V124,cma,76.99,1,4,145.81,46.52,60.6,18.85,57.56,62.25,51.24,28.63,3,internal_medicine,<5_years,high,0,1,Full GDT
V124,gdt,75.34,1,4,127.47,43.13,52.53,11.62,48.18,66.12,48.4,31.9,4,internal_medicine,<5_years,high,0,1,Full GDT
V125,bm25,71.29,1,3,199.78,48.85,66.05,21.28,62.32,55.37,62.37,25.68,1,hospital_medicine,<5_years,low,0,0,Full GDT
V125,cma,66.16,1,3,137.73,42.29,53.97,9.81,52.51,72.81,47.59,17.07,2,hospital_medicine,<5_years,low,0,1,Full GDT
V125,gdt,69.08,1,3,134.01,37.81,44.78,9.75,40.37,66.14,45.22,20.61,3,hospital_medicine,<5_years,low,0,1,Full GDT
V125,control,73.84,1,3,216.72,50.0,61.01,19.24,54.42,58.17,60.12,47.03,4,hospital_medicine,<5_years,low,0,0,Full GDT
V126,control,69.27,1,3,195.31,50.86,63.43,17.39,62.57,54.91,71.39,35.44,1,internal_medicine,>=5_years,low,1,0,Full GDT
V126,cma,61.82,1,3,137.99,40.52,49.32,11.34,39.52,68.67,50.07,24.2,2,internal_medicine,>=5_years,low,1,1,Full GDT
V126,bm25,68.83,1,3,203.1,49.76,64.22,16.23,62.47,60.61,58.59,36.45,3,internal_medicine,>=5_years,low,1,0,Full GDT
V126,gdt,65.01,1,3,133.36,39.66,47.93,16.49,46.81,64.71,36.07,25.97,4,internal_medicine,>=5_years,low,1,1,Full GDT
V127,bm25,24.72,1,1,214.74,39.89,51.38,7.25,44.71,70.34,36.53,29.14,1,emergency,>=5_years,low,0,0,Full GDT
V127,cma,18.29,1,1,138.74,32.65,32.49,18.73,29.29,78.88,27.27,9.24,2,emergency,>=5_years,low,0,1,Full GDT
V127,control,20.43,1,1,169.93,38.74,40.47,11.1,43.31,73.79,44.32,19.45,3,emergency,>=5_years,low,0,0,Full GDT
V127,gdt,23.53,1,1,126.59,29.25,31.17,14.06,25.46,73.8,22.96,8.05,4,emergency,>=5_years,low,0,1,Full GDT
V128,cma,59.3,1,3,146.38,39.15,50.05,10.35,39.84,66.47,45.65,22.54,1,emergency,<5_years,low,0,1,Full GDT
V128,bm25,72.57,1,3,197.36,49.45,63.12,15.27,58.24,59.38,60.03,40.67,2,emergency,<5_years,low,0,0,Full GDT
V128,gdt,52.92,1,3,131.43,38.11,49.25,7.13,35.29,75.65,35.56,25.77,3,emergency,<5_years,low,0,1,Full GDT
V128,control,63.39,1,3,193.84,48.25,61.85,10.83,56.53,61.12,62.77,36.39,4,emergency,<5_years,low,0,0,Full GDT
V129,gdt,42.26,1,2,135.93,32.23,30.65,10.82,26.94,75.19,31.88,17.88,1,emergency,<5_years,low,0,1,Full GDT
V129,bm25,46.11,1,2,213.0,44.42,50.46,10.38,51.14,64.58,53.1,36.84,2,emergency,<5_years,low,0,0,Full GDT
V129,cma,38.98,1,2,153.41,35.39,35.11,4.83,44.22,73.74,37.9,16.56,3,emergency,<5_years,low,0,1,Full GDT
V129,control,48.91,1,2,194.47,45.02,53.92,9.98,53.44,69.76,47.06,35.97,4,emergency,<5_years,low,0,0,Full GDT
V130,bm25,21.43,1,1,249.52,36.03,40.83,6.69,33.96,72.43,34.79,27.49,1,emergency,>=5_years,low,0,0,Full GDT
V130,gdt,21.35,1,1,123.54,31.28,28.77,8.13,30.55,81.85,30.06,8.35,2,emergency,>=5_years,low,0,1,Full GDT
V130,control,21.33,1,1,160.79,40.43,50.87,8.63,42.98,71.8,41.19,27.12,3,emergency,>=5_years,low,0,0,Full GDT
V130,cma,22.56,1,1,161.4,30.69,26.31,4.78,33.01,79.06,29.59,11.41,4,emergency,>=5_years,low,0,1,Full GDT
V131,control,21.12,1,1,224.75,39.0,43.18,9.79,41.02,75.48,41.96,22.57,1,internal_medicine,<5_years,low,0,0,Full GDT
V131,cma,19.9,1,1,156.48,31.78,28.85,15.71,32.31,81.66,22.95,9.18,2,internal_medicine,<5_years,low,0,1,Full GDT
V131,bm25,22.13,1,1,201.15,40.59,42.31,11.24,48.14,70.78,47.55,23.53,3,internal_medicine,<5_years,low,0,0,Full GDT
V131,gdt,18.01,1,1,153.61,26.32,26.44,10.63,17.38,84.72,16.82,1.91,4,internal_medicine,<5_years,low,0,1,Full GDT
V132,bm25,123.3,1,5,176.43,61.51,87.45,27.64,79.06,46.91,82.09,45.89,1,emergency,<5_years,high,0,0,Full GDT
V132,cma,104.49,1,5,144.61,50.14,62.52,19.03,61.49,49.0,63.91,44.88,2,emergency,<5_years,high,0,1,Full GDT
V132,gdt,101.37,1,5,135.94,49.31,69.71,16.53,57.6,60.3,61.24,30.48,3,emergency,<5_years,high,0,1,Full GDT
V132,control,125.45,1,5,208.16,61.91,88.75,25.97,87.93,44.34,76.17,48.3,4,emergency,<5_years,high,0,0,Full GDT
V133,cma,81.82,1,4,141.1,45.02,64.5,11.44,45.39,69.69,50.17,28.92,1,critical_care,<5_years,high,2,1,Full GDT
V133,bm25,95.95,1,4,182.82,54.55,75.61,18.93,72.11,56.87,64.05,39.74,2,critical_care,<5_years,high,2,0,Full GDT
V133,control,89.76,1,4,176.65,53.78,73.63,24.17,59.66,55.81,70.66,38.76,3,critical_care,<5_years,high,2,0,Full GDT
V133,gdt,80.58,1,4,126.79,43.98,49.82,22.13,45.78,69.88,45.07,31.19,4,critical_care,<5_years,high,2,1,Full GDT
V134,control,24.17,1,1,187.09,38.08,41.16,10.21,33.13,72.3,44.66,27.04,1,critical_care,>=5_years,low,0,0,Full GDT
V134,cma,20.57,1,1,156.16,30.47,24.12,12.81,29.3,77.33,27.49,11.75,2,critical_care,>=5_years,low,0,1,Full GDT
V134,gdt,16.81,1,1,137.76,27.17,28.41,9.0,14.17,73.3,27.28,10.88,3,critical_care,>=5_years,low,0,1,Full GDT
V134,bm25,21.32,1,1,192.63,40.8,38.76,13.56,36.85,78.41,53.0,24.21,4,critical_care,>=5_years,low,0,0,Full GDT
V135,gdt,96.8,1,5,127.38,46.71,62.81,12.0,56.57,58.91,60.06,29.9,1,emergency,<5_years,high,0,1,Full GDT
V135,bm25,122.17,1,5,183.16,59.41,80.85,19.2,78.9,49.31,75.88,52.28,2,emergency,<5_years,high,0,0,Full GDT
V135,cma,104.1,1,5,137.14,50.29,67.57,13.23,63.16,58.57,66.95,32.26,3,emergency,<5_years,high,0,1,Full GDT
V135,control,127.21,1,5,178.86,62.61,83.1,23.47,87.42,50.13,84.25,47.31,4,emergency,<5_years,high,0,0,Full GDT
V136,control,77.18,1,3,181.49,52.57,71.31,19.25,65.65,58.48,58.84,41.85,1,internal_medicine,<5_years,low,0,0,Full GDT
V136,bm25,73.79,1,3,208.97,51.58,62.43,14.12,58.91,61.03,71.86,41.14,2,internal_medicine,<5_years,low,0,0,Full GDT
V136,gdt,56.19,1,3,128.69,37.66,41.96,9.92,35.68,70.43,44.61,23.36,3,internal_medicine,<5_years,low,0,1,Full GDT
V136,cma,58.17,1,3,147.14,40.38,50.2,10.35,38.91,71.69,48.37,22.75,4,internal_medicine,<5_years,low,0,1,Full GDT
V137,cma,41.75,1,2,156.02,36.76,29.81,14.64,40.4,74.73,38.98,21.98,1,emergency,<5_years,low,0,1,Full GDT
V137,control,42.62,1,2,196.19,39.66,48.93,8.51,42.43,67.72,41.04,29.34,2,emergency,<5_years,low,0,0,Full GDT
V137,bm25,46.18,1,2,182.09,43.33,50.64,15.05,42.79,65.97,54.12,31.43,3,emergency,<5_years,low,0,0,Full GDT
V137,gdt,41.35,1,2,124.39,34.74,40.22,4.39,33.44,80.79,31.13,18.46,4,emergency,<5_years,low,0,1,Full GDT
V138,bm25,23.27,1,1,176.51,39.06,43.72,17.18,36.57,71.97,42.98,21.92,1,emergency,<5_years,low,0,0,Full GDT
V138,control,22.76,1,1,176.85,42.11,41.83,9.03,40.75,76.38,52.95,31.72,2,emergency,<5_years,low,0,0,Full GDT
V138,cma,19.63,1,1,146.65,30.26,26.04,6.22,26.86,80.0,30.84,11.57,3,emergency,<5_years,low,0,1,Full GDT
V138,gdt,19.64,1,1,138.93,28.13,23.31,1.32,23.55,75.3,34.92,10.39,4,emergency,<5_years,low,0,1,Full GDT
V139,control,122.83,1,5,186.64,59.46,78.95,26.32,77.06,43.24,83.25,47.94,1,emergency,<5_years,high,0,0,Full GDT
V139,bm25,115.14,1,5,195.46,58.97,85.23,19.11,75.91,51.14,78.2,44.21,2,emergency,<5_years,high,0,0,Full GDT
V139,gdt,99.47,1,5,129.4,47.14,54.03,21.83,55.66,61.63,62.19,27.5,3,emergency,<5_years,high,0,1,Full GDT
V139,cma,96.1,1,5,143.72,47.55,59.91,15.08,64.3,56.72,59.99,29.28,4,emergency,<5_years,high,0,1,Full GDT
V140,gdt,19.67,1,1,122.58,28.42,19.26,8.87,27.76,84.27,16.41,13.96,1,critical_care,>=5_years,low,0,1,Full GDT
V140,cma,19.32,1,1,126.46,31.42,26.95,10.66,33.74,74.66,29.66,12.88,2,critical_care,>=5_years,low,0,1,Full GDT
V140,control,23.56,1,1,192.95,38.29,41.68,8.65,39.48,68.94,43.42,27.53,3,critical_care,>=5_years,low,0,0,Full GDT
V140,bm25,25.11,1,1,201.74,40.15,43.32,8.1,48.32,73.86,43.37,23.94,4,critical_care,>=5_years,low,0,0,Full GDT
V141,bm25,96.89,1,4,186.23,55.62,74.68,20.45,70.45,51.29,72.06,44.77,1,internal_medicine,<5_years,high,0,0,Full GDT
V141,control,93.43,1,4,197.62,55.86,77.79,21.1,67.16,63.84,66.45,38.8,2,internal_medicine,<5_years,high,0,0,Full GDT
V141,cma,74.07,1,4,140.76,42.84,46.53,16.43,48.99,67.74,45.43,31.95,3,internal_medicine,<5_years,high,0,1,Full GDT
V141,gdt,78.27,1,4,127.07,40.61,48.41,12.63,46.27,57.66,56.72,21.96,4,internal_medicine,<5_years,high,0,1,Full GDT
V142,cma,19.19,1,1,143.74,29.52,28.92,6.45,25.69,75.1,27.83,13.16,1,hospital_medicine,>=5_years,low,0,1,Full GDT
V142,bm25,24.44,1,1,210.38,40.88,42.04,16.7,47.86,65.42,42.31,30.92,2,hospital_medicine,>=5_years,low,0,0,Full GDT
V142,gdt,19.71,1,1,119.59,28.47,28.28,9.62,24.78,74.53,25.0,8.59,3,hospital_medicine,>=5_years,low,0,1,Full GDT
V142,control,22.03,1,1,204.37,40.54,45.91,16.64,46.25,74.17,35.07,25.21,4,hospital_medicine,>=5_years,low,0,0,Full GDT
V143,gdt,17.68,1,1,117.6,26.68,25.99,8.31,16.88,82.43,16.66,9.81,1,internal_medicine,>=5_years,low,0,1,Full GDT
V143,cma,116.96,0,1,164.35,48.08,60.03,16.28,56.12,62.5,63.86,29.71,2,internal_medicine,>=5_years,low,0,1,Full GDT
V143,control,150.22,0,1,184.53,57.78,81.98,19.65,87.58,41.56,75.89,40.03,3,internal_medicine,>=5_years,low,0,0,Full GDT
V143,bm25,26.65,1,1,204.64,39.05,44.44,13.6,41.01,70.86,42.92,21.49,4,internal_medicine,>=5_years,low,0,0,Full GDT
V144,cma,43.65,1,2,142.04,35.09,38.08,8.93,33.15,72.96,37.96,19.46,1,hospital_medicine,<5_years,low,0,1,Full GDT
V144,gdt,40.38,1,2,111.8,32.22,37.32,12.02,30.98,77.39,26.61,9.02,2,hospital_medicine,<5_years,low,0,1,Full GDT
V144,control,44.87,1,2,207.78,42.11,54.05,11.18,45.18,69.53,48.64,24.08,3,hospital_medicine,<5_years,low,0,0,Full GDT
V144,bm25,146.92,0,2,176.05,60.73,92.77,19.49,79.78,43.17,82.55,46.63,4,hospital_medicine,<5_years,low,0,0,Full GDT
V145,cma,20.02,1,1,153.72,30.42,26.49,10.34,26.71,75.76,24.46,18.74,1,emergency,<5_years,low,0,1,Full GDT
V145,bm25,20.0,1,1,195.51,37.75,36.33,13.71,42.62,72.42,38.83,22.61,2,emergency,<5_years,low,0,0,Full GDT
V145,gdt,21.85,1,1,115.14,27.09,31.24,1.49,14.84,79.37,23.93,11.65,3,emergency,<5_years,low,0,1,Full GDT
V145,control,23.24,1,1,196.19,38.05,47.11,6.8,37.64,72.92,39.73,24.11,4,emergency,<5_years,low,0,0,Full GDT
V146,gdt,18.16,1,1,129.06,28.51,24.61,7.38,16.23,82.9,23.52,16.4,1,hospital_medicine,>=5_years,low,0,1,Full GDT
V146,control,26.46,1,1,208.1,38.33,45.06,10.17,40.36,71.24,46.58,16.56,2,hospital_medicine,>=5_years,low,0,0,Full GDT
V146,bm25,20.73,1,1,184.35,39.53,40.74,8.47,40.78,80.87,41.3,25.04,3,hospital_medicine,>=5_years,low,0,0,Full GDT
V146,cma,18.96,1,1,145.98,34.75,26.86,18.91,34.6,83.95,30.15,14.02,4,hospital_medicine,>=5_years,low,0,1,Full GDT
V147,cma,78.57,1,4,145.73,43.41,46.04,19.04,50.38,66.18,49.84,29.02,1,internal_medicine,<5_years,high,0,1,Full GDT
V147,bm25,86.63,1,4,174.22,51.27,69.87,18.97,64.96,45.42,65.25,43.13,2,internal_medicine,<5_years,high,0,0,Full GDT
V147,control,108.29,1,4,198.69,54.05,71.29,22.29,69.05,49.83,73.09,38.76,3,internal_medicine,<5_years,high,0,0,Full GDT
V147,gdt,76.97,1,4,128.49,42.7,50.45,19.96,45.79,69.17,50.53,20.32,4,internal_medicine,<5_years,high,0,1,Full GDT
V148,gdt,14.87,1,1,135.42,28.88,26.24,7.85,23.21,84.65,18.54,12.77,1,internal_medicine,<5_years,low,0,1,Full GDT
V148,cma,22.15,1,1,158.54,30.11,29.47,3.09,27.97,75.96,26.43,17.74,2,internal_medicine,<5_years,low,0,1,Full GDT
V148,control,24.44,1,1,174.78,38.03,38.34,7.77,38.18,79.49,39.99,24.38,3,internal_medicine,<5_years,low,0,0,Full GDT
V148,bm25,26.48,1,1,210.16,41.24,39.48,16.83,49.86,74.23,43.08,23.96,4,internal_medicine,<5_years,low,0,0,Full GDT
V149,bm25,25.79,1,1,183.08,41.15,44.74,11.73,47.47,67.91,48.08,27.0,1,critical_care,<5_years,low,0,0,Full GDT
V149,gdt,17.91,1,1,121.37,30.83,26.82,14.49,24.79,85.63,23.06,10.22,2,critical_care,<5_years,low,0,1,Full GDT
V149,cma,17.79,1,1,174.62,32.05,31.44,7.45,26.6,79.83,35.27,11.72,3,critical_care,<5_years,low,0,1,Full GDT
V149,control,23.18,1,1,193.47,42.38,42.67,16.88,45.12,73.76,50.43,25.43,4,critical_care,<5_years,low,0,0,Full GDT
V150,bm25,70.29,1,3,186.12,53.08,64.05,24.18,61.81,60.96,67.05,40.44,1,hospital_medicine,<5_years,low,1,0,Full GDT
V150,gdt,61.91,1,3,123.58,38.57,40.42,9.12,44.21,67.72,43.32,26.61,2,hospital_medicine,<5_years,low,1,1,Full GDT
V150,control,72.8,1,3,180.24,49.29,66.57,14.24,63.16,56.98,59.85,34.98,3,hospital_medicine,<5_years,low,1,0,Full GDT
V150,cma,60.79,1,3,145.77,43.71,50.39,16.6,48.95,66.36,48.83,31.12,4,hospital_medicine,<5_years,low,1,1,Full GDT
V151,gdt,95.94,1,5,137.59,50.71,64.54,18.5,62.54,64.54,57.23,36.93,1,emergency,<5_years,high,1,1,Full GDT
V151,cma,99.41,1,5,140.44,49.59,64.92,19.75,55.99,53.98,68.0,34.91,2,emergency,<5_years,high,1,1,Full GDT
V151,bm25,118.43,1,5,196.6,60.29,80.06,27.42,77.91,41.66,82.84,51.83,3,emergency,<5_years,high,1,0,Full GDT
V151,control,117.09,1,5,187.11,59.71,78.56,26.56,72.31,49.86,84.29,46.67,4,emergency,<5_years,high,1,0,Full GDT
V152,bm25,48.21,1,2,188.95,42.32,51.56,8.52,58.04,70.76,39.88,25.14,1,internal_medicine,<5_years,low,0,0,Full GDT
V152,cma,42.72,1,2,151.05,37.53,42.24,12.69,36.86,80.0,36.93,16.47,2,internal_medicine,<5_years,low,0,1,Full GDT
V152,gdt,36.75,1,2,140.89,32.29,34.19,13.61,28.59,77.78,29.21,10.36,3,internal_medicine,<5_years,low,0,1,Full GDT
V152,control,45.31,1,2,179.6,44.25,52.96,17.27,52.38,68.22,48.65,26.03,4,internal_medicine,<5_years,low,0,0,Full GDT
V153,gdt,95.48,1,5,135.79,46.41,63.14,12.96,55.05,66.44,51.05,29.84,1,hospital_medicine,>=5_years,high,0,1,Full GDT
V153,control,123.14,1,5,207.77,59.59,89.34,21.62,72.04,41.15,82.67,50.76,2,hospital_medicine,>=5_years,high,0,0,Full GDT
V153,cma,98.34,1,5,157.24,48.85,66.61,17.03,60.82,53.1,60.95,34.59,3,hospital_medicine,>=5_years,high,0,1,Full GDT
V153,bm25,114.7,1,5,186.33,59.46,84.62,16.59,73.83,43.23,84.73,53.78,4,hospital_medicine,>=5_years,high,0,0,Full GDT
V154,cma,92.48,1,5,137.94,48.68,61.34,19.9,57.24,67.24,57.42,28.91,1,critical_care,<5_years,high,0,1,Full GDT
V154,gdt,92.07,1,5,128.5,46.55,62.65,9.81,53.66,62.8,61.95,28.41,2,critical_care,<5_years,high,0,1,Full GDT
V154,bm25,114.71,1,5,191.29,59.41,82.0,23.55,79.55,46.28,82.67,42.43,3,critical_care,<5_years,high,0,0,Full GDT
V154,control,116.74,1,5,182.25,60.67,84.73,20.04,82.58,49.33,78.67,48.7,4,critical_care,<5_years,high,0,0,Full GDT
V155,gdt,55.11,1,3,133.34,38.23,38.36,15.14,38.35,73.41,45.61,18.49,1,internal_medicine,>=5_years,high,2,1,Full GDT
V155,control,65.54,1,3,187.2,48.25,64.23,18.45,56.15,55.69,60.7,34.31,2,internal_medicine,>=5_years,high,2,0,Full GDT
V155,bm25,65.74,1,3,199.83,47.32,59.16,11.66,58.13,59.77,61.82,33.4,3,internal_medicine,>=5_years,high,2,0,Full GDT
V155,cma,60.07,1,3,147.62,40.98,49.81,8.49,48.82,63.79,48.06,26.9,4,internal_medicine,>=5_years,high,2,1,Full GDT
V156,bm25,43.59,1,2,206.76,40.86,50.12,16.54,43.23,63.21,46.59,25.48,1,critical_care,<5_years,low,0,0,Full GDT
V156,control,44.74,1,2,178.7,42.45,48.25,19.13,46.17,62.67,50.82,27.64,2,critical_care,<5_years,low,0,0,Full GDT
V156,cma,45.3,1,2,153.69,38.06,44.34,10.72,38.91,74.43,40.97,18.99,3,critical_care,<5_years,low,0,1,Full GDT
V156,gdt,42.11,1,2,137.77,32.39,28.01,7.63,34.49,68.38,35.74,20.07,4,critical_care,<5_years,low,0,1,Full GDT
V157,gdt,75.42,1,4,135.86,43.0,50.54,11.43,51.21,66.31,54.12,24.4,1,hospital_medicine,>=5_years,high,0,1,Full GDT
V157,control,84.86,1,4,199.69,54.88,76.64,13.85,68.02,59.21,70.68,40.91,2,hospital_medicine,>=5_years,high,0,0,Full GDT
V157,bm25,89.87,1,4,171.83,53.07,70.83,17.7,68.4,53.2,71.25,37.04,3,hospital_medicine,>=5_years,high,0,0,Full GDT
V157,cma,79.5,1,4,144.42,45.18,55.36,19.47,48.16,64.64,49.75,33.71,4,hospital_medicine,>=5_years,high,0,1,Full GDT
V158,gdt,40.73,1,2,117.23,30.51,25.24,7.46,37.41,77.26,26.94,8.76,1,critical_care,>=5_years,low,0,1,Full GDT
V158,cma,46.88,1,2,150.62,36.75,35.22,9.7,40.67,72.43,40.14,22.33,2,critical_care,>=5_years,low,0,1,Full GDT
V158,bm25,48.18,1,2,175.79,45.43,57.12,17.38,46.98,68.18,54.19,28.74,3,critical_care,>=5_years,low,0,0,Full GDT
V158,control,42.9,1,2,190.94,43.77,56.79,14.58,46.28,59.79,53.07,32.07,4,critical_care,>=5_years,low,0,0,Full GDT
V159,gdt,91.34,1,5,120.94,46.53,52.78,11.74,54.87,67.68,63.99,28.13,1,critical_care,>=5_years,high,0,1,Full GDT
V159,bm25,120.85,1,5,188.61,60.64,82.67,23.4,80.3,43.42,81.92,52.16,2,critical_care,>=5_years,high,0,0,Full GDT
V159,cma,104.52,1,5,153.28,54.19,72.2,23.55,66.95,59.03,64.86,38.54,3,critical_care,>=5_years,high,0,1,Full GDT
V159,control,123.37,1,5,188.52,61.14,86.38,27.72,82.8,42.18,84.37,43.37,4,critical_care,>=5_years,high,0,0,Full GDT
V160,bm25,67.12,1,3,192.01,48.37,64.36,13.0,60.44,60.07,60.41,31.95,1,hospital_medicine,<5_years,low,0,0,Full GDT
V160,cma,61.67,1,3,146.52,41.43,49.66,12.0,49.15,71.88,44.65,21.28,2,hospital_medicine,<5_years,low,0,1,Full GDT
V160,gdt,58.11,1,3,125.84,36.67,39.67,14.92,35.3,71.01,44.95,14.16,3,hospital_medicine,<5_years,low,0,1,Full GDT
V160,control,76.69,1,3,199.66,47.1,60.75,10.95,59.28,61.83,60.18,29.64,4,hospital_medicine,<5_years,low,0,0,Full GDT
V161,gdt,94.02,1,5,127.31,42.66,57.82,12.0,57.42,53.52,51.22,23.98,1,internal_medicine,<5_years,high,2,1,Full GDT
V161,cma,101.15,1,5,151.42,46.06,65.28,11.49,56.14,50.06,62.47,30.9,2,internal_medicine,<5_years,high,2,1,Full GDT
V161,bm25,111.4,1,5,184.44,61.03,79.21,21.84,80.42,54.59,76.57,53.53,3,internal_medicine,<5_years,high,2,0,Full GDT
V161,control,124.72,1,5,184.28,60.56,84.04,23.58,76.25,51.09,80.91,47.47,4,internal_medicine,<5_years,high,2,0,Full GDT
V162,cma,103.01,1,5,147.79,51.04,65.01,18.26,59.67,57.6,61.78,43.89,1,emergency,>=5_years,high,0,1,Full GDT
V162,control,106.89,1,5,184.77,57.45,77.43,18.68,79.04,50.11,78.01,41.45,2,emergency,>=5_years,high,0,0,Full GDT
V162,bm25,113.61,1,5,197.72,59.83,86.28,16.46,79.76,50.84,82.55,43.09,3,emergency,>=5_years,high,0,0,Full GDT
V162,gdt,100.32,1,5,119.29,43.67,53.52,13.28,60.63,59.66,51.65,23.3,4,emergency,>=5_years,high,0,1,Full GDT
V163,gdt,54.72,1,3,122.4,33.59,35.83,12.73,28.98,69.96,35.32,18.72,1,emergency,>=5_years,high,2,1,Full GDT
V163,bm25,67.69,1,3,183.3,49.45,56.93,14.87,62.31,66.83,56.65,39.08,2,emergency,>=5_years,high,2,0,Full GDT
V163,cma,62.01,1,3,136.9,40.15,50.36,6.46,45.41,70.25,44.3,24.11,3,emergency,>=5_years,high,2,1,Full GDT
V163,control,58.87,1,3,182.27,47.43,58.55,17.85,60.13,64.49,57.43,26.15,4,emergency,>=5_years,high,2,0,Full GDT
V164,control,116.42,1,5,193.69,60.05,86.32,20.35,75.16,53.91,77.65,46.92,1,critical_care,<5_years,high,2,0,Full GDT
V164,cma,100.11,1,5,148.54,47.81,66.29,18.72,60.8,56.68,55.49,28.89,2,critical_care,<5_years,high,2,1,Full GDT
V164,gdt,95.1,1,5,132.95,47.51,60.04,15.82,54.69,67.65,52.45,34.41,3,critical_care,<5_years,high,2,1,Full GDT
V164,bm25,113.5,1,5,190.08,60.41,85.61,22.81,77.82,46.92,81.47,47.82,4,critical_care,<5_years,high,2,0,Full GDT
V165,gdt,20.27,1,1,125.47,28.89,26.37,16.61,17.72,80.52,22.9,9.2,1,emergency,<5_years,low,0,1,Full GDT
V165,cma,20.93,1,1,151.01,31.9,24.63,15.52,26.35,75.83,33.3,15.75,2,emergency,<5_years,low,0,1,Full GDT
V165,control,22.67,1,1,195.43,37.33,45.49,14.21,37.81,69.84,33.55,23.08,3,emergency,<5_years,low,0,0,Full GDT
V165,bm25,31.34,1,1,183.8,39.52,45.34,7.56,37.47,73.43,45.74,27.57,4,emergency,<5_years,low,0,0,Full GDT
V166,gdt,76.68,1,4,130.32,39.99,49.99,18.84,42.42,65.15,41.26,22.26,1,internal_medicine,<5_years,high,2,1,Full GDT
V166,bm25,90.03,1,4,183.66,53.02,75.7,20.91,69.19,50.24,68.42,33.63,2,internal_medicine,<5_years,high,2,0,Full GDT
V166,cma,80.32,1,4,140.53,47.21,57.9,18.28,52.91,67.52,58.53,28.14,3,internal_medicine,<5_years,high,2,1,Full GDT
V166,control,91.22,1,4,195.7,51.69,64.69,11.28,72.81,61.33,67.71,32.31,4,internal_medicine,<5_years,high,2,0,Full GDT
V167,control,75.3,1,3,187.24,52.9,69.26,22.37,64.19,64.7,59.77,37.12,1,critical_care,<5_years,low,0,0,Full GDT
V167,cma,60.95,1,3,164.94,39.74,46.91,12.0,43.14,72.86,39.08,24.43,2,critical_care,<5_years,low,0,1,Full GDT
V167,bm25,76.49,1,3,175.98,50.54,69.59,13.86,58.36,53.2,61.5,46.75,3,critical_care,<5_years,low,0,0,Full GDT
V167,gdt,56.18,1,3,134.76,38.67,49.76,11.05,38.5,70.18,43.58,18.93,4,critical_care,<5_years,low,0,1,Full GDT
V168,control,48.6,1,2,188.2,41.52,52.71,12.85,51.94,61.18,49.82,20.6,1,emergency,>=5_years,low,0,0,Full GDT
V168,gdt,35.44,1,2,130.35,31.41,38.68,11.81,21.14,73.78,28.27,14.78,2,emergency,>=5_years,low,0,1,Full GDT
V168,bm25,44.47,1,2,193.66,42.61,57.12,6.66,44.82,68.02,51.13,27.9,3,emergency,>=5_years,low,0,0,Full GDT
V168,cma,44.14,1,2,147.99,37.76,39.37,17.56,36.38,83.29,33.28,16.7,4,emergency,>=5_years,low,0,1,Full GDT
V169,bm25,20.71,1,1,188.15,38.83,39.17,16.95,39.81,69.77,42.48,24.78,1,critical_care,>=5_years,low,0,0,Full GDT
V169,gdt,20.2,1,1,152.73,28.87,24.74,9.28,17.94,82.6,23.87,14.8,2,critical_care,>=5_years,low,0,1,Full GDT
V169,cma,19.88,1,1,146.74,30.99,30.27,5.18,31.69,81.91,27.08,9.85,3,critical_care,>=5_years,low,0,1,Full GDT
V169,control,23.13,1,1,192.09,39.92,37.85,14.06,39.69,73.49,39.14,35.31,4,critical_care,>=5_years,low,0,0,Full GDT
V170,control,20.78,1,1,170.18,38.55,41.93,12.31,45.9,67.03,43.17,20.95,1,critical_care,<5_years,low,0,0,Full GDT
V170,gdt,19.33,1,1,148.72,27.8,23.62,3.83,28.1,73.99,22.16,15.09,2,critical_care,<5_years,low,0,1,Full GDT
V170,bm25,20.09,1,1,192.98,40.89,42.51,10.32,44.7,77.03,46.29,24.47,3,critical_care,<5_years,low,0,0,Full GDT
V170,cma,23.44,1,1,164.45,33.16,34.41,16.94,25.28,79.66,32.96,9.73,4,critical_care,<5_years,low,0,1,Full GDT
V171,control,40.83,1,2,175.79,43.72,54.12,14.86,51.73,70.71,45.64,25.26,1,internal_medicine,<5_years,low,0,0,Full GDT
V171,cma,38.12,1,2,144.33,37.42,42.19,12.2,37.52,75.99,33.13,23.52,2,internal_medicine,<5_years,low,0,1,Full GDT
V171,bm25,41.04,1,2,187.32,42.67,53.68,13.41,48.53,68.68,47.79,23.94,3,internal_medicine,<5_years,low,0,0,Full GDT
V171,gdt,37.71,1,2,132.77,36.04,37.36,16.2,32.85,78.05,34.51,17.25,4,internal_medicine,<5_years,low,0,1,Full GDT
V172,gdt,94.77,1,5,121.91,50.52,58.08,28.93,57.66,63.83,57.63,37.02,1,critical_care,>=5_years,high,4,1,Full GDT
V172,bm25,122.71,1,5,190.7,64.14,89.71,23.98,82.74,50.39,85.04,52.96,2,critical_care,>=5_years,high,4,0,Full GDT
V172,cma,97.79,1,5,157.05,45.81,57.99,20.92,52.12,54.03,53.63,36.15,3,critical_care,>=5_years,high,4,1,Full GDT
V172,control,121.3,1,5,183.61,55.93,71.62,18.94,76.94,40.19,82.25,45.63,4,critical_care,>=5_years,high,4,0,Full GDT
V173,gdt,97.87,1,5,124.92,44.37,52.4,17.42,55.13,55.78,54.86,30.63,1,internal_medicine,<5_years,high,3,1,Full GDT
V173,control,117.76,1,5,193.73,58.52,82.59,20.33,73.21,48.1,77.85,49.02,2,internal_medicine,<5_years,high,3,0,Full GDT
V173,cma,96.54,1,5,148.15,47.87,65.19,18.79,54.64,54.12,57.54,36.97,3,internal_medicine,<5_years,high,3,1,Full GDT
V173,bm25,126.03,1,5,186.79,59.74,87.07,18.13,84.84,44.56,77.59,46.28,4,internal_medicine,<5_years,high,3,0,Full GDT
V174,bm25,111.39,1,5,175.31,58.41,81.4,22.83,75.0,52.69,79.11,39.41,1,emergency,<5_years,high,0,0,Full GDT
V174,cma,99.67,1,5,151.89,50.19,61.87,26.27,53.84,57.81,68.05,33.29,2,emergency,<5_years,high,0,1,Full GDT
V174,control,118.85,1,5,170.51,62.62,83.79,24.06,88.57,45.12,83.46,50.73,3,emergency,<5_years,high,0,0,Full GDT
V174,gdt,93.57,1,5,129.04,44.8,56.54,16.7,54.67,55.07,55.12,30.73,4,emergency,<5_years,high,0,1,Full GDT
V175,gdt,37.85,1,2,132.45,34.54,35.49,13.26,28.4,83.34,30.32,16.4,1,emergency,>=5_years,low,0,1,Full GDT
V175,cma,39.48,1,2,151.29,38.24,39.52,11.21,34.44,79.89,39.8,24.6,2,emergency,>=5_years,low,0,1,Full GDT
V175,bm25,49.18,1,2,194.44,43.7,55.87,18.37,43.83,58.86,54.96,30.3,3,emergency,>=5_years,low,0,0,Full GDT
V175,control,46.61,1,2,177.77,43.6,52.69,10.39,58.01,59.98,48.48,32.04,4,emergency,>=5_years,low,0,0,Full GDT
V176,control,108.66,1,4,180.5,57.64,73.7,15.21,69.62,56.54,79.12,51.67,1,internal_medicine,>=5_years,high,3,0,Full GDT
V176,gdt,77.13,1,4,124.65,44.53,53.57,16.49,44.22,63.87,57.33,31.69,2,internal_medicine,>=5_years,high,3,1,Full GDT
V176,cma,79.62,1,4,133.09,44.47,59.16,13.37,48.91,57.53,54.15,33.7,3,internal_medicine,>=5_years,high,3,1,Full GDT
V176,bm25,88.71,1,4,189.44,54.92,73.89,16.02,68.11,63.29,64.55,43.68,4,internal_medicine,>=5_years,high,3,0,Full GDT
V177,control,117.95,1,5,187.15,60.3,80.7,20.35,75.61,53.49,80.9,50.78,1,critical_care,>=5_years,high,1,0,Full GDT
V177,cma,96.15,1,5,151.14,49.47,63.32,17.63,59.37,64.9,55.95,35.63,2,critical_care,>=5_years,high,1,1,Full GDT
V177,gdt,100.77,1,5,133.1,47.4,69.14,10.75,57.34,60.47,54.87,31.83,3,critical_care,>=5_years,high,1,1,Full GDT
V177,bm25,115.79,1,5,186.17,59.54,83.98,21.18,81.87,47.41,80.95,41.86,4,critical_care,>=5_years,high,1,0,Full GDT
V178,bm25,95.67,1,4,180.89,54.01,71.63,24.06,71.0,50.12,64.98,42.27,1,hospital_medicine,>=5_years,high,0,0,Full GDT
V178,control,93.2,1,4,206.13,54.32,77.65,18.1,69.52,52.53,66.52,41.63,2,hospital_medicine,>=5_years,high,0,0,Full GDT
V178,gdt,77.01,1,4,125.13,41.27,50.51,16.26,38.19,63.11,49.43,30.1,3,hospital_medicine,>=5_years,high,0,1,Full GDT
V178,cma,71.37,1,4,147.46,42.72,50.85,10.44,51.98,64.46,45.72,32.84,4,hospital_medicine,>=5_years,high,0,1,Full GDT
V179,cma,35.66,1,2,153.11,35.11,35.2,6.09,40.37,78.33,35.23,15.4,1,internal_medicine,>=5_years,low,0,1,Full GDT
V179,bm25,48.56,1,2,192.9,41.97,47.46,13.37,38.47,64.77,54.52,33.2,2,internal_medicine,>=5_years,low,0,0,Full GDT
V179,gdt,36.42,1,2,133.66,34.03,24.52,9.63,35.91,77.68,38.02,18.39,3,internal_medicine,>=5_years,low,0,1,Full GDT
V179,control,53.26,1,2,193.72,48.68,57.89,17.7,54.05,72.74,56.91,32.79,4,internal_medicine,>=5_years,low,0,0,Full GDT
V180,control,20.56,1,1,169.47,37.57,41.33,11.63,41.94,67.9,44.2,18.39,1,critical_care,<5_years,low,0,0,Full GDT
V180,bm25,25.06,1,1,174.78,38.69,50.55,12.96,44.6,64.02,41.69,18.31,2,critical_care,<5_years,low,0,0,Full GDT
V180,cma,21.73,1,1,151.68,32.63,34.36,9.98,32.41,73.31,31.82,13.88,3,critical_care,<5_years,low,0,1,Full GDT
V180,gdt,17.73,1,1,108.57,27.95,24.25,6.76,16.95,79.3,26.09,14.38,4,critical_care,<5_years,low,0,1,Full GDT
V181,gdt,20.29,1,1,129.67,29.06,18.09,19.09,16.82,83.43,28.02,8.88,1,emergency,<5_years,low,0,1,Full GDT
V181,bm25,130.18,0,1,213.35,56.28,73.23,23.05,77.81,52.33,69.13,42.12,2,emergency,<5_years,low,0,0,Full GDT
V181,cma,20.3,1,1,132.5,31.59,38.08,5.45,27.01,75.75,27.46,15.77,3,emergency,<5_years,low,0,1,Full GDT
V181,control,19.99,1,1,180.81,38.52,45.14,10.22,32.74,78.99,41.08,22.97,4,emergency,<5_years,low,0,0,Full GDT
V182,cma,80.3,1,4,151.96,45.42,56.96,13.72,51.0,61.89,57.46,31.49,1,critical_care,<5_years,high,0,1,Full GDT
V182,gdt,75.96,1,4,131.17,41.37,52.56,10.71,44.02,67.85,53.69,19.39,2,critical_care,<5_years,high,0,1,Full GDT
V182,bm25,300.0,0,4,180.17,73.13,100.0,41.64,100.0,9.27,100.0,87.84,3,critical_care,<5_years,high,0,0,Full GDT
V182,control,93.0,1,4,181.97,55.3,76.86,11.49,67.45,58.35,70.97,46.7,4,critical_care,<5_years,high,0,0,Full GDT
V183,gdt,53.95,1,3,135.68,39.26,43.06,12.97,42.28,70.24,40.65,26.38,1,critical_care,<5_years,low,0,1,Full GDT
V183,bm25,67.04,1,3,189.1,45.88,60.24,11.55,53.2,58.91,57.07,34.3,2,critical_care,<5_years,low,0,0,Full GDT
V183,control,72.49,1,3,193.67,47.94,56.17,19.93,53.93,64.45,58.98,34.16,3,critical_care,<5_years,low,0,0,Full GDT
V183,cma,64.62,1,3,154.74,42.48,54.99,18.12,44.21,66.8,45.94,24.8,4,critical_care,<5_years,low,0,1,Full GDT
V184,bm25,99.96,1,4,173.64,55.76,72.59,25.55,69.58,52.32,74.04,40.45,1,hospital_medicine,>=5_years,high,2,0,Full GDT
V184,gdt,75.14,1,4,119.88,42.01,48.06,11.64,48.58,66.22,48.01,29.54,2,hospital_medicine,>=5_years,high,2,1,Full GDT
V184,control,87.12,1,4,188.3,53.27,70.68,15.95,69.9,52.44,68.12,42.55,3,hospital_medicine,>=5_years,high,2,0,Full GDT
V184,cma,81.68,1,4,125.47,45.54,54.22,11.96,50.91,70.83,57.52,27.81,4,hospital_medicine,>=5_years,high,2,1,Full GDT
V185,gdt,96.93,1,5,126.5,48.3,66.67,13.39,54.73,59.65,60.18,35.17,1,emergency,<5_years,high,2,1,Full GDT
V185,cma,99.1,1,5,147.96,50.06,69.1,13.92,65.93,56.57,62.78,32.04,2,emergency,<5_years,high,2,1,Full GDT
V185,control,130.94,1,5,182.69,60.98,86.34,25.79,83.16,38.37,80.75,51.45,3,emergency,<5_years,high,2,0,Full GDT
V185,bm25,117.34,1,5,173.95,57.36,75.05,15.43,80.1,49.32,75.26,48.99,4,emergency,<5_years,high,2,0,Full GDT
V186,bm25,110.71,1,5,194.44,59.27,78.8,23.9,81.78,44.01,80.78,46.35,1,critical_care,>=5_years,high,4,0,Full GDT
V186,control,119.56,1,5,189.8,60.19,78.89,22.04,76.54,48.31,85.4,49.94,2,critical_care,>=5_years,high,4,0,Full GDT
V186,cma,97.92,1,5,135.2,51.3,67.46,14.37,60.04,64.26,64.58,37.11,3,critical_care,>=5_years,high,4,1,Full GDT
V186,gdt,88.06,1,5,122.34,42.79,61.03,10.68,46.96,55.83,54.6,27.66,4,critical_care,>=5_years,high,4,1,Full GDT
V187,control,47.53,1,2,177.43,45.03,49.57,13.69,55.85,66.51,52.38,32.2,1,critical_care,>=5_years,low,0,0,Full GDT
V187,gdt,37.08,1,2,125.88,30.21,27.19,7.67,27.07,71.93,29.17,18.27,2,critical_care,>=5_years,low,0,1,Full GDT
V187,bm25,42.19,1,2,195.02,45.42,56.1,19.25,51.83,62.8,55.26,27.31,3,critical_care,>=5_years,low,0,0,Full GDT
V187,cma,39.3,1,2,130.66,33.32,36.58,2.1,37.52,62.24,38.07,23.41,4,critical_care,>=5_years,low,0,1,Full GDT
V188,gdt,20.23,1,1,126.09,30.87,25.2,10.18,28.98,87.91,21.57,11.36,1,internal_medicine,>=5_years,low,0,1,Full GDT
V188,control,23.4,1,1,186.73,39.48,44.72,13.9,43.78,69.33,43.73,21.4,2,internal_medicine,>=5_years,low,0,0,Full GDT
V188,bm25,24.43,1,1,195.46,38.51,47.1,9.57,36.74,72.28,41.76,23.57,3,internal_medicine,>=5_years,low,0,0,Full GDT
V188,cma,20.5,1,1,141.45,33.47,32.98,16.18,24.59,82.32,25.8,18.96,4,internal_medicine,>=5_years,low,0,1,Full GDT
V189,cma,37.29,1,2,142.66,35.82,41.94,8.34,33.66,77.22,36.11,17.66,1,internal_medicine,<5_years,low,0,1,Full GDT
V189,bm25,47.19,1,2,213.76,46.09,53.25,20.73,52.08,74.6,48.04,27.87,2,internal_medicine,<5_years,low,0,0,Full GDT
V189,gdt,40.25,1,2,126.05,35.0,38.67,15.31,34.83,70.4,30.09,20.73,3,internal_medicine,<5_years,low,0,1,Full GDT
V189,control,48.27,1,2,208.7,45.76,51.12,13.87,45.6,59.98,62.18,41.79,4,internal_medicine,<5_years,low,0,0,Full GDT
V190,cma,62.7,1,3,143.04,40.16,54.77,5.09,40.93,67.27,48.58,24.31,1,critical_care,>=5_years,low,0,1,Full GDT
V190,gdt,56.42,1,3,132.11,37.44,47.06,8.99,40.11,70.27,38.12,20.08,2,critical_care,>=5_years,low,0,1,Full GDT
V190,bm25,75.37,1,3,188.43,50.54,62.64,18.54,58.86,58.67,63.67,40.87,3,critical_care,>=5_years,low,0,0,Full GDT
V190,control,67.36,1,3,184.84,48.31,61.73,22.56,53.94,56.4,55.81,39.44,4,critical_care,>=5_years,low,0,0,Full GDT
V191,bm25,70.13,1,3,185.01,52.89,65.7,22.76,59.78,64.83,61.27,42.98,1,critical_care,<5_years,low,0,0,Full GDT
V191,gdt,56.94,1,3,118.5,37.43,46.68,6.33,39.44,73.65,43.03,15.48,2,critical_care,<5_years,low,0,1,Full GDT
V191,cma,59.97,1,3,131.49,43.31,50.15,19.74,48.9,71.44,43.76,25.84,3,critical_care,<5_years,low,0,1,Full GDT
V191,control,66.64,1,3,188.64,46.42,60.74,12.69,53.88,57.2,55.47,38.54,4,critical_care,<5_years,low,0,0,Full GDT
V192,cma,42.77,1,2,156.92,37.3,41.55,9.25,44.57,71.8,41.48,15.16,1,critical_care,<5_years,low,0,1,Full GDT
V192,gdt,41.66,1,2,126.95,35.1,31.36,15.05,36.82,73.5,35.86,18.02,2,critical_care,<5_years,low,0,1,Full GDT
V192,control,46.93,1,2,199.63,43.08,53.47,13.86,46.82,68.13,46.64,29.56,3,critical_care,<5_years,low,0,0,Full GDT
V192,bm25,144.78,0,2,209.81,61.39,93.63,17.56,87.02,45.0,74.97,50.15,4,critical_care,<5_years,low,0,0,Full GDT
V193,gdt,69.56,1,4,128.34,42.46,50.61,15.8,47.28,70.7,48.64,21.71,1,critical_care,<5_years,high,0,1,Full GDT
V193,control,95.1,1,4,181.71,55.09,70.17,23.81,66.39,50.09,72.68,47.43,2,critical_care,<5_years,high,0,0,Full GDT
V193,cma,83.01,1,4,144.51,42.85,52.37,9.85,47.58,64.5,55.88,26.91,3,critical_care,<5_years,high,0,1,Full GDT
V193,bm25,90.98,1,4,207.86,56.32,72.52,21.49,64.69,56.67,75.98,46.55,4,critical_care,<5_years,high,0,0,Full GDT
V194,bm25,21.11,1,1,187.99,39.58,40.07,19.16,39.1,74.34,38.71,26.11,1,hospital_medicine,>=5_years,low,0,0,Full GDT
V194,gdt,17.64,1,1,147.71,25.86,25.14,6.04,17.7,76.99,18.98,10.34,2,hospital_medicine,>=5_years,low,0,1,Full GDT
V194,cma,19.12,1,1,148.65,33.65,34.72,11.59,27.43,82.77,31.23,14.18,3,hospital_medicine,>=5_years,low,0,1,Full GDT
V194,control,23.29,1,1,182.98,37.08,40.52,15.25,33.57,75.0,35.06,23.07,4,hospital_medicine,>=5_years,low,0,0,Full GDT
V195,gdt,103.2,1,5,122.71,50.22,70.39,19.26,56.18,63.51,66.9,25.1,1,critical_care,>=5_years,high,0,1,Full GDT
V195,bm25,116.42,1,5,184.21,55.64,82.66,13.9,73.5,42.68,77.12,44.01,2,critical_care,>=5_years,high,0,0,Full GDT
V195,control,110.92,1,5,172.67,58.71,80.29,24.06,71.27,48.17,74.82,53.63,3,critical_care,>=5_years,high,0,0,Full GDT
V195,cma,103.52,1,5,140.58,49.91,67.2,15.18,62.82,56.45,65.05,32.75,4,critical_care,>=5_years,high,0,1,Full GDT
V196,cma,21.61,1,1,125.48,34.31,34.22,13.84,25.54,84.07,29.43,18.79,1,emergency,<5_years,low,0,1,Full GDT
V196,control,24.32,1,1,198.51,39.37,40.94,14.93,45.17,71.3,41.43,22.49,2,emergency,<5_years,low,0,0,Full GDT
V196,gdt,20.2,1,1,138.86,29.59,21.27,7.51,22.01,77.57,37.88,11.27,3,emergency,<5_years,low,0,1,Full GDT
V196,bm25,18.07,1,1,223.47,40.18,46.52,15.08,37.81,76.82,38.33,26.52,4,emergency,<5_years,low,0,0,Full GDT
V197,gdt,19.33,1,1,117.58,28.13,25.79,12.0,26.32,77.14,12.93,14.62,1,hospital_medicine,<5_years,low,0,1,Full GDT
V197,control,38.33,1,1,171.44,41.79,44.06,13.46,46.97,70.33,42.41,33.5,2,hospital_medicine,<5_years,low,0,0,Full GDT
V197,bm25,22.19,1,1,170.13,42.0,45.52,16.6,38.79,73.36,54.29,23.46,3,hospital_medicine,<5_years,low,0,0,Full GDT
V197,cma,21.34,1,1,135.92,31.23,33.49,8.34,22.49,79.03,28.35,15.69,4,hospital_medicine,<5_years,low,0,1,Full GDT
V198,control,20.04,1,1,170.76,41.5,38.91,22.62,43.05,65.96,48.27,30.18,1,hospital_medicine,>=5_years,low,0,0,Full GDT
V198,gdt,17.59,1,1,125.01,28.22,24.03,4.93,27.26,81.95,19.11,12.04,2,hospital_medicine,>=5_years,low,0,1,Full GDT
V198,bm25,23.43,1,1,182.56,37.42,41.06,7.46,43.15,75.0,39.01,18.86,3,hospital_medicine,>=5_years,low,0,0,Full GDT
V198,cma,16.82,1,1,133.8,29.12,26.21,10.81,23.08,78.68,26.84,9.09,4,hospital_medicine,>=5_years,low,0,1,Full GDT
V199,control,67.63,1,3,208.25,48.56,59.16,18.41,59.8,60.75,57.05,36.18,1,internal_medicine,<5_years,low,0,0,Full GDT
V199,cma,66.67,1,3,120.82,44.11,52.52,22.64,42.59,71.48,47.11,28.31,2,internal_medicine,<5_years,low,0,1,Full GDT
V199,gdt,58.17,1,3,125.31,37.22,42.26,16.05,39.93,72.46,35.69,16.91,3,internal_medicine,<5_years,low,0,1,Full GDT
V199,bm25,73.36,1,3,185.62,49.46,63.86,12.33,67.81,60.78,59.67,32.31,4,internal_medicine,<5_years,low,0,0,Full GDT
V200,gdt,18.67,1,1,168.82,28.79,25.25,0.0,21.79,83.04,27.16,15.52,1,critical_care,<5_years,low,0,1,Full GDT
V200,bm25,21.35,1,1,201.69,39.43,36.0,10.82,48.72,71.81,37.83,31.41,2,critical_care,<5_years,low,0,0,Full GDT
V200,control,22.53,1,1,188.34,40.06,44.53,12.06,42.97,72.89,45.68,22.24,3,critical_care,<5_years,low,0,0,Full GDT
V200,cma,21.87,1,1,136.75,30.32,28.34,13.54,25.98,81.29,22.14,10.64,4,critical_care,<5_years,low,0,1,Full GDT
V201,control,64.29,1,3,204.6,49.77,66.67,16.17,53.1,60.57,59.43,42.7,1,internal_medicine,<5_years,low,0,0,Full GDT
V201,bm25,63.52,1,3,184.55,47.4,52.96,20.53,52.8,58.2,63.43,36.5,2,internal_medicine,<5_years,low,0,0,Full GDT
V201,cma,61.68,1,3,138.36,43.15,57.43,10.92,41.39,74.47,49.61,25.07,3,internal_medicine,<5_years,low,0,1,Full GDT
V201,gdt,66.98,1,3,125.86,39.73,45.3,21.19,39.16,66.19,44.29,22.24,4,internal_medicine,<5_years,low,0,1,Full GDT
V202,gdt,59.26,1,3,123.36,36.76,40.56,11.54,35.59,72.21,38.94,21.7,1,hospital_medicine,<5_years,low,0,1,Full GDT
V202,bm25,66.28,1,3,185.15,49.86,63.32,18.72,58.95,56.92,59.43,41.84,2,hospital_medicine,<5_years,low,0,0,Full GDT
V202,control,65.69,1,3,184.25,47.46,60.9,9.9,56.07,58.62,62.7,36.6,3,hospital_medicine,<5_years,low,0,0,Full GDT
V202,cma,59.52,1,3,153.58,43.08,53.16,16.54,46.44,70.87,46.03,25.44,4,hospital_medicine,<5_years,low,0,1,Full GDT
V203,gdt,60.45,1,3,143.16,42.6,49.2,15.45,46.4,72.52,45.88,26.17,1,emergency,>=5_years,low,0,1,Full GDT
V203,control,72.1,1,3,188.94,49.3,67.99,12.18,71.77,55.48,57.55,30.81,2,emergency,>=5_years,low,0,0,Full GDT
V203,bm25,67.46,1,3,188.4,48.78,57.91,20.33,57.49,62.79,56.96,37.22,3,emergency,>=5_years,low,0,0,Full GDT
V203,cma,57.92,1,3,153.07,41.17,40.83,14.81,38.25,77.17,49.05,26.9,4,emergency,>=5_years,low,0,1,Full GDT
V204,bm25,72.28,1,3,204.75,50.85,66.75,14.46,56.67,62.39,60.02,44.8,1,hospital_medicine,>=5_years,low,0,0,Full GDT
V204,gdt,57.78,1,3,125.2,39.45,45.15,14.95,36.89,73.95,40.22,25.53,2,hospital_medicine,>=5_years,low,0,1,Full GDT
V204,control,62.23,1,3,200.73,45.43,58.7,17.06,53.72,59.19,48.04,35.9,3,hospital_medicine,>=5_years,low,0,0,Full GDT
V204,cma,62.58,1,3,148.53,39.54,44.47,13.95,38.9,66.32,50.48,23.12,4,hospital_medicine,>=5_years,low,0,1,Full GDT
V205,gdt,37.94,1,2,129.42,34.81,35.61,8.39,36.33,76.87,36.21,15.41,1,internal_medicine,<5_years,low,0,1,Full GDT
V205,bm25,47.55,1,2,212.67,43.07,56.39,11.42,46.79,64.7,55.0,24.1,2,internal_medicine,<5_years,low,0,0,Full GDT
V205,control,43.4,1,2,167.37,41.92,54.02,18.11,44.02,61.12,53.47,20.76,3,internal_medicine,<5_years,low,0,0,Full GDT
V205,cma,41.56,1,2,130.75,35.89,39.19,5.29,33.87,76.34,40.41,20.26,4,internal_medicine,<5_years,low,0,1,Full GDT
V206,bm25,48.14,1,2,180.51,43.64,56.02,8.99,52.58,65.34,48.98,29.95,1,hospital_medicine,>=5_years,low,0,0,Full GDT
V206,gdt,39.2,1,2,138.51,32.88,32.02,8.66,27.1,74.93,37.18,17.37,2,hospital_medicine,>=5_years,low,0,1,Full GDT
V206,control,42.33,1,2,166.21,43.58,50.48,11.83,50.22,71.09,47.29,30.58,3,hospital_medicine,>=5_years,low,0,0,Full GDT
V206,cma,41.99,1,2,153.71,36.87,36.36,14.85,37.28,72.38,41.29,19.08,4,hospital_medicine,>=5_years,low,0,1,Full GDT
V207,control,22.2,1,1,186.66,40.07,42.12,10.96,42.44,77.19,41.27,26.42,1,emergency,<5_years,low,0,0,Full GDT
V207,bm25,22.51,1,1,200.57,39.07,46.84,11.92,35.69,74.23,44.71,21.03,2,emergency,<5_years,low,0,0,Full GDT
V207,cma,18.48,1,1,149.33,31.47,25.28,12.93,24.55,80.94,31.35,13.76,3,emergency,<5_years,low,0,1,Full GDT
V207,gdt,18.68,1,1,132.74,28.53,19.01,5.26,16.56,89.03,26.43,14.92,4,emergency,<5_years,low,0,1,Full GDT
V208,bm25,124.16,1,5,179.71,60.58,84.55,25.71,80.38,37.34,82.85,52.67,1,critical_care,>=5_years,high,0,0,Full GDT
V208,gdt,93.92,1,5,129.9,47.05,62.73,16.08,57.75,61.68,54.05,30.02,2,critical_care,>=5_years,high,0,1,Full GDT
V208,cma,96.44,1,5,168.7,46.78,62.87,5.65,65.06,50.76,65.66,30.66,3,critical_care,>=5_years,high,0,1,Full GDT
V208,control,107.66,1,5,188.89,58.54,82.71,18.98,74.08,51.25,72.37,51.84,4,critical_care,>=5_years,high,0,0,Full GDT
V209,bm25,22.1,1,1,192.63,37.97,39.55,13.16,37.31,68.9,42.81,26.11,1,hospital_medicine,>=5_years,low,0,0,Full GDT
V209,control,23.8,1,1,137.35,40.09,40.12,13.65,46.32,76.16,42.63,21.69,2,hospital_medicine,>=5_years,low,0,0,Full GDT
V209,gdt,20.02,1,1,143.05,30.91,27.24,15.12,22.61,88.18,24.78,7.51,3,hospital_medicine,>=5_years,low,0,1,Full GDT
V209,cma,17.01,1,1,135.99,29.62,27.08,3.41,19.83,83.4,28.56,15.43,4,hospital_medicine,>=5_years,low,0,1,Full GDT
V210,control,117.64,1,5,176.71,58.56,81.29,23.34,77.17,48.57,78.1,42.88,1,hospital_medicine,<5_years,high,2,0,Full GDT
V210,bm25,116.96,1,5,199.33,60.3,89.05,17.97,79.26,53.69,75.94,45.91,2,hospital_medicine,<5_years,high,2,0,Full GDT
V210,cma,99.05,1,5,145.3,49.31,66.14,14.73,61.22,60.98,57.81,34.97,3,hospital_medicine,<5_years,high,2,1,Full GDT
V210,gdt,95.08,1,5,134.9,47.97,64.99,15.11,58.79,61.96,56.28,30.72,4,hospital_medicine,<5_years,high,2,1,Full GDT
V211,cma,20.62,1,1,152.61,32.27,25.21,7.34,37.13,79.87,33.16,10.89,1,emergency,<5_years,low,0,1,Full GDT
V211,control,23.84,1,1,161.89,40.35,43.78,11.45,41.23,73.59,43.44,28.59,2,emergency,<5_years,low,0,0,Full GDT
V211,gdt,16.81,1,1,130.95,28.52,24.17,7.0,18.81,84.55,26.81,9.79,3,emergency,<5_years,low,0,1,Full GDT
V211,bm25,22.98,1,1,218.88,41.04,47.91,12.84,46.97,73.56,45.06,19.87,4,emergency,<5_years,low,0,0,Full GDT
V212,gdt,17.97,1,1,144.27,28.75,20.28,8.23,19.12,85.94,25.52,13.38,1,emergency,>=5_years,low,0,1,Full GDT
V212,control,20.22,1,1,156.64,38.4,35.37,6.33,36.42,76.97,46.51,28.83,2,emergency,>=5_years,low,0,0,Full GDT
V212,cma,23.62,1,1,150.28,32.5,27.26,9.06,30.99,77.18,29.77,20.73,3,emergency,>=5_years,low,0,1,Full GDT
V212,bm25,19.68,1,1,179.95,38.89,40.22,13.98,34.12,72.36,37.84,34.84,4,emergency,>=5_years,low,0,0,Full GDT
V213,control,98.25,1,4,196.46,52.77,74.91,22.04,57.87,46.89,71.12,43.8,1,critical_care,>=5_years,high,0,0,Full GDT
V213,gdt,72.39,1,4,127.67,41.34,49.07,9.37,44.84,68.45,49.45,26.87,2,critical_care,>=5_years,high,0,1,Full GDT
V213,cma,82.6,1,4,150.51,43.16,53.35,14.05,43.18,61.85,56.06,30.49,3,critical_care,>=5_years,high,0,1,Full GDT
V213,bm25,96.98,1,4,194.15,53.45,69.54,17.63,69.79,49.28,70.29,44.15,4,critical_care,>=5_years,high,0,0,Full GDT
V214,control,93.34,1,4,203.39,56.43,74.76,20.22,66.31,55.21,70.92,51.16,1,internal_medicine,>=5_years,high,0,0,Full GDT
V214,gdt,80.86,1,4,129.96,44.1,53.55,11.64,54.27,65.13,51.01,28.99,2,internal_medicine,>=5_years,high,0,1,Full GDT
V214,cma,80.56,1,4,141.76,44.93,57.72,19.27,50.81,60.39,50.35,31.02,3,internal_medicine,>=5_years,high,0,1,Full GDT
V214,bm25,92.14,1,4,189.11,54.47,69.36,16.81,70.05,56.82,71.12,42.65,4,internal_medicine,>=5_years,high,0,0,Full GDT
V215,control,19.98,1,1,175.17,36.87,37.79,13.81,43.42,72.87,36.28,17.05,1,internal_medicine,>=5_years,low,0,0,Full GDT
V215,gdt,18.12,1,1,126.55,29.22,29.66,8.42,22.99,81.68,28.92,3.68,2,internal_medicine,>=5_years,low,0,1,Full GDT
V215,bm25,23.34,1,1,185.79,38.68,36.64,8.14,42.42,64.25,45.45,35.16,3,internal_medicine,>=5_years,low,0,0,Full GDT
V215,cma,17.28,1,1,163.47,29.29,20.19,2.9,24.27,85.83,24.3,18.25,4,internal_medicine,>=5_years,low,0,1,Full GDT
V216,cma,81.22,1,4,155.53,47.07,56.77,21.35,55.52,61.61,54.28,32.87,1,hospital_medicine,>=5_years,high,0,1,Full GDT
V216,gdt,75.73,1,4,120.81,42.35,49.12,17.02,39.61,70.8,53.65,23.88,2,hospital_medicine,>=5_years,high,0,1,Full GDT
V216,control,91.67,1,4,183.54,54.14,67.15,18.78,68.27,51.9,75.16,43.58,3,hospital_medicine,>=5_years,high,0,0,Full GDT
V216,bm25,94.62,1,4,185.94,51.65,61.82,20.66,64.44,52.3,71.19,39.47,4,hospital_medicine,>=5_years,high,0,0,Full GDT
V217,gdt,73.07,1,4,133.07,42.41,49.53,16.31,48.2,67.67,48.31,24.45,1,critical_care,>=5_years,high,0,1,Full GDT
V217,control,95.81,1,4,201.89,55.14,71.26,20.17,72.89,52.9,71.44,42.19,2,critical_care,>=5_years,high,0,0,Full GDT
V217,cma,78.08,1,4,153.77,45.67,59.38,17.36,53.43,57.86,57.94,28.04,3,critical_care,>=5_years,high,0,1,Full GDT
V217,bm25,90.77,1,4,177.33,54.77,72.21,19.24,77.6,54.23,68.7,36.63,4,critical_care,>=5_years,high,0,0,Full GDT
V218,bm25,48.81,1,2,175.14,41.94,49.75,14.93,43.48,59.67,45.77,38.05,1,internal_medicine,<5_years,low,0,0,Full GDT
V218,gdt,40.09,1,2,143.77,33.62,28.38,11.64,27.49,69.78,34.21,30.21,2,internal_medicine,<5_years,low,0,1,Full GDT
V218,control,46.6,1,2,197.41,45.46,46.59,13.53,58.94,64.79,53.37,35.54,3,internal_medicine,<5_years,low,0,0,Full GDT
V218,cma,39.94,1,2,165.02,35.86,32.61,12.24,33.54,80.43,39.63,16.69,4,internal_medicine,<5_years,low,0,1,Full GDT
V219,bm25,114.88,1,5,187.15,57.82,80.17,17.9,74.08,51.62,78.79,44.33,1,critical_care,>=5_years,high,3,0,Full GDT
V219,cma,105.78,1,5,149.88,50.77,62.09,21.2,60.96,52.38,69.67,38.32,2,critical_care,>=5_years,high,3,1,Full GDT
V219,control,109.91,1,5,175.88,58.25,75.71,22.23,69.56,48.46,84.19,49.36,3,critical_care,>=5_years,high,3,0,Full GDT
V219,gdt,96.6,1,5,128.29,46.04,58.73,15.66,57.24,58.52,46.46,39.64,4,critical_care,>=5_years,high,3,1,Full GDT
V220,gdt,71.58,1,4,129.3,39.72,48.73,12.54,34.91,62.92,54.2,25.04,1,internal_medicine,<5_years,high,0,1,Full GDT
V220,control,88.37,1,4,189.79,54.35,72.33,23.42,65.73,58.57,64.66,41.39,2,internal_medicine,<5_years,high,0,0,Full GDT
V220,bm25,88.73,1,4,186.81,50.59,73.48,9.57,66.87,51.28,64.21,38.12,3,internal_medicine,<5_years,high,0,0,Full GDT
V220,cma,76.58,1,4,148.73,43.01,53.23,18.25,53.95,58.76,51.03,22.83,4,internal_medicine,<5_years,high,0,1,Full GDT
V221,bm25,51.51,1,2,170.34,44.74,47.21,12.34,53.72,64.8,59.37,30.98,1,hospital_medicine,>=5_years,low,0,0,Full GDT
V221,cma,40.76,1,2,142.33,36.55,41.79,11.05,37.05,65.75,42.49,21.18,2,hospital_medicine,>=5_years,low,0,1,Full GDT
V221,control,43.17,1,2,193.23,42.68,43.83,9.88,50.62,65.01,56.23,30.49,3,hospital_medicine,>=5_years,low,0,0,Full GDT
V221,gdt,40.86,1,2,134.26,34.51,39.82,8.71,34.13,75.14,29.72,19.57,4,hospital_medicine,>=5_years,low,0,1,Full GDT
V222,gdt,95.1,1,5,135.88,46.53,57.34,7.22,55.54,65.63,61.81,31.6,1,emergency,<5_years,high,1,1,Full GDT
V222,control,115.91,1,5,174.06,59.2,79.58,19.63,74.08,52.56,76.23,53.09,2,emergency,<5_years,high,1,0,Full GDT
V222,cma,103.25,1,5,148.38,50.04,65.77,20.15,58.0,55.68,63.53,37.13,3,emergency,<5_years,high,1,1,Full GDT
V222,bm25,120.36,1,5,186.75,59.52,87.44,17.72,80.27,45.85,77.59,48.27,4,emergency,<5_years,high,1,0,Full GDT
V223,gdt,78.01,1,4,130.08,42.94,51.87,22.28,44.87,64.08,49.14,25.43,1,emergency,<5_years,high,2,1,Full GDT
V223,bm25,92.45,1,4,195.59,54.54,70.24,27.04,68.67,53.95,64.6,42.74,2,emergency,<5_years,high,2,0,Full GDT
V223,control,102.99,1,4,190.24,57.0,76.61,24.55,69.35,51.46,77.79,42.22,3,emergency,<5_years,high,2,0,Full GDT
V223,cma,86.76,1,4,146.78,45.98,59.68,19.79,47.44,58.13,63.07,27.79,4,emergency,<5_years,high,2,1,Full GDT
V224,cma,56.18,1,3,132.7,43.0,47.39,16.75,41.09,66.82,51.55,34.42,1,internal_medicine,>=5_years,low,0,1,Full GDT
V224,bm25,75.65,1,3,179.24,51.61,73.11,15.7,66.72,59.5,58.44,36.19,2,internal_medicine,>=5_years,low,0,0,Full GDT
V224,gdt,56.16,1,3,130.34,35.23,39.24,7.25,36.98,63.2,38.78,25.91,3,internal_medicine,>=5_years,low,0,1,Full GDT
V224,control,69.68,1,3,184.78,49.07,58.29,17.1,57.86,54.59,70.77,35.84,4,internal_medicine,>=5_years,low,0,0,Full GDT
V225,gdt,94.17,1,5,124.62,43.21,54.72,3.72,53.2,65.35,52.19,30.09,1,hospital_medicine,>=5_years,high,2,1,Full GDT
V225,cma,102.97,1,5,129.26,53.64,74.47,16.2,60.84,66.3,66.69,37.33,2,hospital_medicine,>=5_years,high,2,1,Full GDT
V225,bm25,116.69,1,5,174.88,59.21,80.55,22.58,84.41,41.1,78.35,48.25,3,hospital_medicine,>=5_years,high,2,0,Full GDT
V225,control,113.45,1,5,195.81,57.59,78.67,17.45,78.0,47.46,76.09,47.86,4,hospital_medicine,>=5_years,high,2,0,Full GDT
V226,bm25,104.43,1,5,192.39,60.17,80.22,19.7,83.0,57.24,77.64,43.22,1,emergency,<5_years,high,0,0,Full GDT
V226,control,112.95,1,5,175.2,58.24,81.1,24.78,69.68,52.42,73.58,47.88,2,emergency,<5_years,high,0,0,Full GDT
V226,cma,105.26,1,5,150.34,48.21,71.01,17.63,55.27,55.87,54.45,35.01,3,emergency,<5_years,high,0,1,Full GDT
V226,gdt,92.61,1,5,130.21,45.7,52.2,20.61,56.84,58.4,56.57,29.57,4,emergency,<5_years,high,0,1,Full GDT
V227,bm25,22.11,1,1,196.05,39.64,46.76,8.92,44.2,71.93,38.49,27.56,1,emergency,>=5_years,low,0,0,Full GDT
V227,cma,21.44,1,1,159.6,31.78,27.25,11.76,25.16,82.09,30.78,13.64,2,emergency,>=5_years,low,0,1,Full GDT
V227,control,22.83,1,1,200.43,35.8,41.57,12.1,35.24,66.76,37.51,21.64,3,emergency,>=5_years,low,0,0,Full GDT
V227,gdt,16.75,1,1,130.84,28.72,28.48,1.43,19.26,80.75,27.5,14.91,4,emergency,>=5_years,low,0,1,Full GDT
V228,gdt,91.41,1,5,126.29,43.38,49.32,12.69,55.36,59.91,52.44,30.58,1,emergency,<5_years,high,0,1,Full GDT
V228,cma,105.09,1,5,143.85,49.84,64.12,20.24,65.78,55.05,66.14,27.68,2,emergency,<5_years,high,0,1,Full GDT
V228,bm25,108.87,1,5,215.14,58.88,83.45,23.86,75.36,52.38,72.88,45.37,3,emergency,<5_years,high,0,0,Full GDT
V228,control,128.65,1,5,185.29,63.02,82.34,22.96,88.86,42.56,88.1,53.3,4,emergency,<5_years,high,0,0,Full GDT
V229,bm25,229.87,0,4,190.29,69.14,100.0,27.24,100.0,22.77,100.0,64.86,1,hospital_medicine,<5_years,high,2,0,Full GDT
V229,gdt,86.33,1,4,137.48,45.91,60.6,21.56,55.33,61.34,50.81,25.83,2,hospital_medicine,<5_years,high,2,1,Full GDT
V229,cma,166.73,0,4,139.21,57.9,80.34,21.91,79.42,39.17,77.3,49.27,3,hospital_medicine,<5_years,high,2,1,Full GDT
V229,control,199.4,0,4,210.9,70.1,100.0,28.85,100.0,36.07,100.0,55.69,4,hospital_medicine,<5_years,high,2,0,Full GDT
V230,gdt,43.48,1,2,124.15,31.78,29.61,2.84,33.88,77.13,32.87,14.37,1,hospital_medicine,>=5_years,low,0,1,Full GDT
V230,cma,44.41,1,2,132.97,37.2,43.17,11.6,32.53,81.72,35.31,18.86,2,hospital_medicine,>=5_years,low,0,1,Full GDT
V230,bm25,42.12,1,2,187.0,44.33,49.78,12.63,48.4,68.06,54.23,32.85,3,hospital_medicine,>=5_years,low,0,0,Full GDT
V230,control,52.89,1,2,206.3,44.76,52.76,16.1,53.71,72.48,49.89,23.62,4,hospital_medicine,>=5_years,low,0,0,Full GDT
V231,control,46.36,1,2,178.79,45.51,51.76,17.18,49.48,73.87,53.73,27.05,1,hospital_medicine,>=5_years,low,0,0,Full GDT
V231,cma,38.93,1,2,137.63,36.3,39.66,12.03,32.3,75.14,38.09,20.59,2,hospital_medicine,>=5_years,low,0,1,Full GDT
V231,bm25,42.43,1,2,178.12,45.94,53.68,11.92,51.37,71.29,54.35,33.02,3,hospital_medicine,>=5_years,low,0,0,Full GDT
V231,gdt,35.57,1,2,125.03,34.63,36.17,15.77,27.66,81.17,35.58,11.41,4,hospital_medicine,>=5_years,low,0,1,Full GDT
V232,gdt,17.71,1,1,108.88,27.89,33.45,1.29,27.53,77.2,16.19,11.67,1,internal_medicine,<5_years,low,0,1,Full GDT
V232,control,22.44,1,1,207.28,36.56,39.94,10.85,34.09,75.32,32.79,26.36,2,internal_medicine,<5_years,low,0,0,Full GDT
V232,bm25,21.26,1,1,227.7,36.28,36.39,5.33,44.12,68.57,42.08,21.16,3,internal_medicine,<5_years,low,0,0,Full GDT
V232,cma,21.42,1,1,121.36,31.33,24.18,7.45,24.48,79.89,32.27,19.71,4,internal_medicine,<5_years,low,0,1,Full GDT
V233,bm25,25.44,1,1,191.76,41.45,54.04,12.02,41.72,72.73,41.59,26.6,1,emergency,<5_years,low,0,0,Full GDT
V233,cma,18.2,1,1,160.52,34.27,39.91,11.69,28.89,81.36,23.54,20.24,2,emergency,<5_years,low,0,1,Full GDT
V233,gdt,19.25,1,1,119.12,28.57,26.59,4.65,16.86,80.4,28.19,14.72,3,emergency,<5_years,low,0,1,Full GDT
V233,control,29.09,1,1,187.09,39.8,38.13,9.74,42.89,70.05,47.35,30.61,4,emergency,<5_years,low,0,0,Full GDT
V234,control,71.0,1,3,188.42,55.42,71.03,25.69,60.97,64.67,68.23,41.9,1,critical_care,>=5_years,low,0,0,Full GDT
V234,bm25,61.31,1,3,200.6,49.89,59.48,22.98,56.44,64.36,57.73,38.33,2,critical_care,>=5_years,low,0,0,Full GDT
V234,cma,60.3,1,3,149.07,38.27,50.01,7.81,38.62,69.94,43.17,20.06,3,critical_care,>=5_years,low,0,1,Full GDT
V234,gdt,56.59,1,3,119.45,36.44,38.87,8.74,35.84,71.94,41.65,21.59,4,critical_care,>=5_years,low,0,1,Full GDT
V235,control,49.06,1,2,187.98,45.44,58.37,10.83,55.41,70.55,48.46,29.0,1,emergency,<5_years,low,0,0,Full GDT
V235,bm25,43.1,1,2,196.36,45.16,52.09,19.64,47.54,66.69,53.45,31.56,2,emergency,<5_years,low,0,0,Full GDT
V235,gdt,40.4,1,2,132.88,38.62,38.3,17.35,37.34,83.91,30.56,24.23,3,emergency,<5_years,low,0,1,Full GDT
V235,cma,37.91,1,2,155.76,36.82,40.59,17.47,29.8,76.26,36.7,20.07,4,emergency,<5_years,low,0,1,Full GDT
V236,bm25,41.91,1,2,211.51,44.9,46.31,15.6,52.37,68.73,52.68,33.71,1,critical_care,>=5_years,low,0,0,Full GDT
V236,cma,33.61,1,2,130.4,33.19,32.48,15.33,30.49,72.36,34.15,14.31,2,critical_care,>=5_years,low,0,1,Full GDT
V236,gdt,36.85,1,2,138.8,33.07,31.77,7.4,31.45,80.62,27.11,20.07,3,critical_care,>=5_years,low,0,1,Full GDT
V236,control,40.69,1,2,165.24,44.71,49.61,12.76,49.64,70.98,53.15,32.15,4,critical_care,>=5_years,low,0,0,Full GDT
V237,bm25,89.92,1,4,174.44,50.78,68.65,15.08,68.98,51.92,61.86,38.19,1,internal_medicine,<5_years,high,0,0,Full GDT
V237,control,91.45,1,4,183.56,54.45,63.23,19.71,71.18,60.02,70.66,41.89,2,internal_medicine,<5_years,high,0,0,Full GDT
V237,cma,75.17,1,4,143.28,42.11,62.77,6.99,49.07,59.38,46.47,27.98,3,internal_medicine,<5_years,high,0,1,Full GDT
V237,gdt,71.81,1,4,135.93,39.28,47.97,9.24,42.24,62.67,49.08,24.46,4,internal_medicine,<5_years,high,0,1,Full GDT
V238,bm25,119.38,1,5,187.13,58.31,84.01,25.65,76.5,40.48,81.06,42.13,1,internal_medicine,>=5_years,high,1,0,Full GDT
V238,gdt,94.45,1,5,126.51,44.95,63.77,17.86,50.92,61.72,51.85,23.55,2,internal_medicine,>=5_years,high,1,1,Full GDT
V238,control,117.26,1,5,197.23,61.21,87.55,21.3,77.27,48.16,80.52,52.48,3,internal_medicine,>=5_years,high,1,0,Full GDT
V238,cma,97.82,1,5,152.65,50.18,67.2,16.91,59.18,54.99,65.29,37.52,4,internal_medicine,>=5_years,high,1,1,Full GDT
V239,bm25,96.56,1,4,173.22,58.78,74.93,18.17,74.6,57.88,75.66,51.43,1,critical_care,>=5_years,high,0,0,Full GDT
V239,control,93.03,1,4,190.72,56.1,74.06,21.66,72.42,57.41,73.52,37.55,2,critical_care,>=5_years,high,0,0,Full GDT
V239,cma,85.21,1,4,137.41,41.34,64.4,11.71,45.35,56.44,47.97,22.16,3,critical_care,>=5_years,high,0,1,Full GDT
V239,gdt,76.11,1,4,119.93,42.4,54.92,15.34,44.98,66.24,51.65,21.25,4,critical_care,>=5_years,high,0,1,Full GDT
V240,cma,40.93,1,2,154.55,35.01,30.62,11.78,34.16,76.74,33.04,23.72,1,emergency,<5_years,low,0,1,Full GDT
V240,control,44.19,1,2,192.06,43.78,58.01,14.19,48.38,71.07,47.64,23.38,2,emergency,<5_years,low,0,0,Full GDT
V240,gdt,35.46,1,2,129.51,31.69,32.79,4.77,29.44,75.27,32.71,15.17,3,emergency,<5_years,low,0,1,Full GDT
V240,bm25,49.96,1,2,184.6,40.01,44.06,4.06,43.93,60.89,51.65,35.49,4,emergency,<5_years,low,0,0,Full GDT
V241,bm25,175.05,0,3,192.75,66.12,96.21,19.63,87.49,41.47,93.29,58.63,1,internal_medicine,<5_years,low,0,0,Full GDT
V241,control,169.96,0,3,198.3,67.28,97.88,25.91,92.32,41.23,90.22,56.11,2,internal_medicine,<5_years,low,0,0,Full GDT
V241,cma,167.06,0,3,133.0,60.32,83.35,27.43,78.56,48.98,82.45,41.13,3,internal_medicine,<5_years,low,0,1,Full GDT
V241,gdt,58.75,1,3,121.85,36.92,37.28,12.27,38.12,68.88,38.94,26.06,4,internal_medicine,<5_years,low,0,1,Full GDT
V242,control,19.36,1,1,181.14,38.6,44.01,6.41,38.86,76.59,42.36,23.38,1,emergency,<5_years,low,0,0,Full GDT
V242,gdt,23.62,1,1,132.2,31.15,31.93,8.78,25.04,83.72,25.44,11.98,2,emergency,<5_years,low,0,1,Full GDT
V242,bm25,22.68,1,1,191.53,38.54,45.08,14.38,44.92,64.91,37.71,24.22,3,emergency,<5_years,low,0,0,Full GDT
V242,cma,18.49,1,1,135.59,31.93,30.96,5.15,30.89,77.8,33.45,13.35,4,emergency,<5_years,low,0,1,Full GDT
V243,cma,20.61,1,1,128.11,29.47,26.58,4.31,27.11,73.8,33.83,11.17,1,internal_medicine,<5_years,low,0,1,Full GDT
V243,gdt,19.04,1,1,119.54,28.67,25.36,8.72,16.01,87.75,22.26,11.93,2,internal_medicine,<5_years,low,0,1,Full GDT
V243,bm25,21.01,1,1,156.21,40.04,45.34,9.12,41.88,74.51,40.24,29.17,3,internal_medicine,<5_years,low,0,0,Full GDT
V243,control,23.2,1,1,160.53,38.32,41.08,7.66,36.86,75.58,41.33,27.38,4,internal_medicine,<5_years,low,0,0,Full GDT
V244,bm25,41.89,1,2,189.53,43.35,47.92,12.39,50.03,70.47,49.06,30.25,1,critical_care,<5_years,low,0,0,Full GDT
V244,gdt,42.73,1,2,127.76,36.04,36.56,17.21,22.61,76.74,39.36,23.73,2,critical_care,<5_years,low,0,1,Full GDT
V244,cma,39.27,1,2,144.07,37.02,38.09,9.53,37.55,74.86,36.47,25.65,3,critical_care,<5_years,low,0,1,Full GDT
V244,control,52.54,1,2,186.01,43.45,51.74,17.95,48.54,62.62,49.26,30.58,4,critical_care,<5_years,low,0,0,Full GDT
V245,cma,100.67,1,5,145.72,48.33,62.38,15.46,57.25,66.52,54.07,34.28,1,critical_care,<5_years,high,0,1,Full GDT
V245,control,115.04,1,5,197.97,59.69,80.06,28.3,72.51,47.76,84.85,44.67,2,critical_care,<5_years,high,0,0,Full GDT
V245,bm25,126.78,1,5,187.11,60.65,86.43,22.91,77.14,48.67,83.17,45.59,3,critical_care,<5_years,high,0,0,Full GDT
V245,gdt,94.67,1,5,125.23,47.09,63.79,17.21,54.83,58.12,55.71,32.9,4,critical_care,<5_years,high,0,1,Full GDT
V246,control,114.32,1,5,188.17,57.0,81.21,24.77,68.57,51.57,75.1,40.78,1,critical_care,>=5_years,high,0,0,Full GDT
V246,gdt,103.7,1,5,123.59,47.01,60.84,7.96,53.63,61.46,63.77,34.42,2,critical_care,>=5_years,high,0,1,Full GDT
V246,cma,99.26,1,5,146.51,50.76,68.63,14.54,65.88,55.92,64.18,35.39,3,critical_care,>=5_years,high,0,1,Full GDT
V246,bm25,105.11,1,5,196.22,56.58,75.13,14.72,78.7,46.01,75.38,49.52,4,critical_care,>=5_years,high,0,0,Full GDT
V247,gdt,99.15,1,5,127.83,46.86,57.87,17.09,46.22,61.16,65.53,33.29,1,internal_medicine,>=5_years,high,0,1,Full GDT
V247,bm25,120.26,1,5,185.55,59.12,82.02,19.64,76.7,50.67,76.34,49.37,2,internal_medicine,>=5_years,high,0,0,Full GDT
V247,control,120.24,1,5,195.16,58.98,84.58,24.57,75.05,44.61,82.96,42.12,3,internal_medicine,>=5_years,high,0,0,Full GDT
V247,cma,105.8,1,5,151.58,51.97,64.05,22.66,65.62,64.59,62.58,32.31,4,internal_medicine,>=5_years,high,0,1,Full GDT
V248,control,89.38,1,4,187.44,54.0,70.71,12.85,71.32,57.65,67.71,43.76,1,emergency,>=5_years,high,0,0,Full GDT
V248,bm25,92.07,1,4,191.5,54.39,69.69,17.2,68.98,57.62,68.11,44.72,2,emergency,>=5_years,high,0,0,Full GDT
V248,cma,87.03,1,4,133.8,46.89,56.48,19.53,57.92,59.51,55.35,32.54,3,emergency,>=5_years,high,0,1,Full GDT
V248,gdt,78.98,1,4,119.42,38.66,45.97,8.54,48.69,62.71,47.91,18.14,4,emergency,>=5_years,high,0,1,Full GDT
V249,cma,36.6,1,2,152.15,35.0,34.69,13.62,36.73,76.66,32.09,16.22,1,emergency,>=5_years,low,0,1,Full GDT
V249,control,42.77,1,2,219.9,44.93,50.79,11.38,50.95,74.51,54.55,27.38,2,emergency,>=5_years,low,0,0,Full GDT
V249,bm25,44.25,1,2,184.77,45.75,58.14,8.69,47.31,66.78,58.76,34.81,3,emergency,>=5_years,low,0,0,Full GDT
V249,gdt,36.32,1,2,110.32,31.59,33.51,11.31,26.18,72.22,34.98,11.36,4,emergency,>=5_years,low,0,1,Full GDT
V250,control,120.09,1,5,203.47,61.94,85.72,23.02,77.98,47.48,84.31,53.15,1,emergency,>=5_years,high,0,0,Full GDT
V250,cma,103.1,1,5,146.9,50.25,65.02,23.94,61.14,52.71,59.23,39.45,2,emergency,>=5_years,high,0,1,Full GDT
V250,bm25,125.76,1,5,196.9,60.27,83.44,21.15,77.42,50.67,79.71,49.21,3,emergency,>=5_years,high,0,0,Full GDT
V250,gdt,104.12,1,5,127.12,48.79,66.62,17.31,56.31,57.15,62.77,32.59,4,emergency,>=5_years,high,0,1,Full GDT
V251,control,98.64,1,4,180.78,54.94,77.24,18.46,63.01,55.45,75.18,40.29,1,emergency,<5_years,high,0,0,Full GDT
V251,cma,71.68,1,4,140.6,42.46,50.39,11.42,50.52,61.69,57.38,23.37,2,emergency,<5_years,high,0,1,Full GDT
V251,bm25,90.26,1,4,193.94,54.26,76.24,17.01,75.94,45.76,71.58,39.05,3,emergency,<5_years,high,0,0,Full GDT
V251,gdt,75.63,1,4,121.88,40.39,47.61,16.28,41.72,67.06,46.4,23.24,4,emergency,<5_years,high,0,1,Full GDT
V252,cma,62.73,1,3,168.17,42.76,50.7,11.01,40.59,76.91,51.02,26.33,1,internal_medicine,<5_years,low,0,1,Full GDT
V252,bm25,57.87,1,3,170.48,48.53,57.32,19.62,50.53,63.65,58.71,41.34,2,internal_medicine,<5_years,low,0,0,Full GDT
V252,control,69.79,1,3,170.21,50.31,62.12,20.63,58.96,52.96,67.3,39.9,3,internal_medicine,<5_years,low,0,0,Full GDT
V252,gdt,52.5,1,3,127.51,36.39,38.7,9.83,36.15,76.73,39.9,17.04,4,internal_medicine,<5_years,low,0,1,Full GDT
V253,bm25,20.33,1,1,184.3,37.21,40.76,7.82,38.76,71.09,41.67,23.16,1,hospital_medicine,>=5_years,low,0,0,Full GDT
V253,control,23.25,1,1,157.67,43.49,49.06,19.52,45.66,78.37,42.31,26.03,2,hospital_medicine,>=5_years,low,0,0,Full GDT
V253,gdt,23.81,1,1,140.43,31.27,23.12,8.93,25.6,84.88,28.58,16.53,3,hospital_medicine,>=5_years,low,0,1,Full GDT
V253,cma,23.37,1,1,149.7,30.61,35.35,9.04,19.74,73.54,25.38,20.61,4,hospital_medicine,>=5_years,low,0,1,Full GDT
V254,control,45.99,1,2,162.92,44.79,59.17,11.98,52.32,68.85,47.06,29.35,1,emergency,>=5_years,low,0,0,Full GDT
V254,bm25,44.22,1,2,212.79,41.97,43.42,13.23,54.56,63.32,45.8,31.49,2,emergency,>=5_years,low,0,0,Full GDT
V254,cma,37.18,1,2,139.35,33.33,34.55,9.23,27.53,67.41,41.54,19.73,3,emergency,>=5_years,low,0,1,Full GDT
V254,gdt,36.55,1,2,129.6,33.66,28.26,14.8,34.08,77.23,32.63,15.0,4,emergency,>=5_years,low,0,1,Full GDT
V255,bm25,21.86,1,1,196.49,40.05,37.36,14.13,48.19,70.55,41.08,29.0,1,emergency,>=5_years,low,0,0,Full GDT
V255,cma,20.57,1,1,127.75,32.6,40.39,6.03,21.71,84.32,29.88,13.24,2,emergency,>=5_years,low,0,1,Full GDT
V255,control,27.88,1,1,200.29,42.22,44.43,12.76,50.51,77.82,43.67,24.12,3,emergency,>=5_years,low,0,0,Full GDT
V255,gdt,19.74,1,1,133.57,30.19,23.72,14.63,20.77,83.95,26.99,11.11,4,emergency,>=5_years,low,0,1,Full GDT
V256,bm25,20.42,1,1,182.33,37.11,44.84,17.0,35.52,66.88,41.5,16.9,1,internal_medicine,>=5_years,low,0,0,Full GDT
V256,control,22.69,1,1,181.48,37.75,46.72,6.0,44.99,68.81,30.94,29.02,2,internal_medicine,>=5_years,low,0,0,Full GDT
V256,gdt,18.57,1,1,111.46,28.2,29.42,1.93,21.42,80.01,27.56,8.87,3,internal_medicine,>=5_years,low,0,1,Full GDT
V256,cma,19.52,1,1,133.5,31.93,31.56,12.86,27.76,81.41,26.49,11.49,4,internal_medicine,>=5_years,low,0,1,Full GDT
V257,control,44.76,1,2,195.01,41.75,50.73,12.09,47.81,62.39,51.12,26.35,1,hospital_medicine,>=5_years,low,0,0,Full GDT
V257,gdt,39.75,1,2,147.22,36.02,34.31,11.45,36.36,82.24,35.43,16.33,2,hospital_medicine,>=5_years,low,0,1,Full GDT
V257,bm25,40.83,1,2,165.88,44.1,47.27,10.53,48.04,72.86,52.07,33.81,3,hospital_medicine,>=5_years,low,0,0,Full GDT
V257,cma,35.79,1,2,150.82,34.85,37.91,9.34,31.93,68.65,36.75,24.5,4,hospital_medicine,>=5_years,low,0,1,Full GDT
V258,control,70.17,1,3,191.95,50.8,69.67,20.71,57.15,58.0,62.4,36.84,1,critical_care,>=5_years,low,0,0,Full GDT
V258,cma,61.45,1,3,146.03,42.35,49.9,12.88,42.55,72.97,44.33,31.45,2,critical_care,>=5_years,low,0,1,Full GDT
V258,gdt,59.36,1,3,135.01,39.54,48.63,12.52,41.64,71.53,41.34,21.59,3,critical_care,>=5_years,low,0,1,Full GDT
V258,bm25,78.18,1,3,193.15,53.82,71.73,24.32,66.89,58.73,64.19,37.07,4,critical_care,>=5_years,low,0,0,Full GDT
V259,bm25,21.88,1,1,166.53,39.3,45.03,10.3,42.31,76.37,33.13,28.66,1,internal_medicine,>=5_years,low,0,0,Full GDT
V259,cma,23.36,1,1,124.04,32.83,35.56,12.65,30.46,69.12,32.6,16.61,2,internal_medicine,>=5_years,low,0,1,Full GDT
V259,control,25.8,1,1,148.04,37.26,37.05,16.7,35.02,69.14,39.8,25.87,3,internal_medicine,>=5_years,low,0,0,Full GDT
V259,gdt,19.06,1,1,116.12,30.27,21.41,14.23,22.17,82.55,24.5,16.72,4,internal_medicine,>=5_years,low,0,1,Full GDT
V260,bm25,103.48,1,4,178.81,55.9,71.62,24.06,75.33,47.65,73.85,42.91,1,internal_medicine,>=5_years,high,0,0,Full GDT
V260,cma,77.36,1,4,131.47,42.16,56.24,14.88,48.93,54.16,51.97,26.82,2,internal_medicine,>=5_years,high,0,1,Full GDT
V260,gdt,74.84,1,4,130.37,39.85,44.3,22.45,39.49,64.93,42.13,25.77,3,internal_medicine,>=5_years,high,0,1,Full GDT
V260,control,94.38,1,4,210.17,55.18,75.71,24.51,64.67,51.54,70.49,44.15,4,internal_medicine,>=5_years,high,0,0,Full GDT
V261,control,72.22,1,3,199.67,51.73,64.02,20.29,60.96,56.51,67.23,41.38,1,critical_care,>=5_years,low,0,0,Full GDT
V261,bm25,172.56,0,3,167.78,65.91,96.17,26.99,90.89,30.8,95.91,54.67,2,critical_care,>=5_years,low,0,0,Full GDT
V261,cma,59.66,1,3,154.15,42.46,52.94,11.77,49.2,73.12,45.38,22.37,3,critical_care,>=5_years,low,0,1,Full GDT
V261,gdt,59.71,1,3,132.63,34.74,33.36,11.2,36.51,69.88,38.24,19.29,4,critical_care,>=5_years,low,0,1,Full GDT
V262,cma,22.77,1,1,136.39,33.55,36.06,6.65,31.31,86.12,24.44,16.7,1,internal_medicine,<5_years,low,0,1,Full GDT
V262,gdt,18.48,1,1,118.81,27.61,22.57,7.14,21.12,83.67,21.72,9.42,2,internal_medicine,<5_years,low,0,1,Full GDT
V262,control,20.64,1,1,197.5,37.29,45.73,6.51,41.71,60.96,42.31,26.52,3,internal_medicine,<5_years,low,0,0,Full GDT
V262,bm25,24.57,1,1,221.33,41.16,45.96,19.39,42.56,74.02,39.52,25.54,4,internal_medicine,<5_years,low,0,0,Full GDT
V263,cma,46.67,1,2,139.19,33.68,37.37,11.99,33.45,64.61,34.94,19.72,1,internal_medicine,>=5_years,low,0,1,Full GDT
V263,bm25,43.25,1,2,199.23,45.8,55.93,18.14,56.98,69.61,53.88,20.27,2,internal_medicine,>=5_years,low,0,0,Full GDT
V263,gdt,38.9,1,2,126.08,32.78,31.95,17.52,33.27,75.66,27.57,10.71,3,internal_medicine,>=5_years,low,0,1,Full GDT
V263,control,42.72,1,2,183.0,44.22,63.24,11.95,44.12,70.13,48.17,27.74,4,internal_medicine,>=5_years,low,0,0,Full GDT
V264,cma,59.21,1,3,149.28,37.66,48.4,4.73,46.2,68.1,39.62,18.9,1,internal_medicine,<5_years,low,1,1,Full GDT
V264,gdt,59.44,1,3,129.02,39.88,44.39,13.77,42.01,71.95,45.79,21.38,2,internal_medicine,<5_years,low,1,1,Full GDT
V264,bm25,73.0,1,3,190.54,50.01,63.13,10.01,60.53,64.57,64.75,37.06,3,internal_medicine,<5_years,low,1,0,Full GDT
V264,control,68.83,1,3,202.38,49.09,59.22,13.78,62.9,66.11,59.31,33.2,4,internal_medicine,<5_years,low,1,0,Full GDT
V265,gdt,83.79,1,4,120.31,42.01,55.37,11.64,52.46,61.99,43.66,26.97,1,hospital_medicine,<5_years,high,1,1,Full GDT
V265,cma,82.07,1,4,152.16,44.99,49.79,19.78,47.99,72.62,46.86,32.91,2,hospital_medicine,<5_years,high,1,1,Full GDT
V265,bm25,98.09,1,4,196.76,54.82,75.45,18.11,71.67,50.42,72.59,40.71,3,hospital_medicine,<5_years,high,1,0,Full GDT
V265,control,86.89,1,4,191.25,51.67,66.4,10.42,66.7,57.09,66.37,43.06,4,hospital_medicine,<5_years,high,1,0,Full GDT
V266,control,102.93,1,4,188.55,55.51,80.85,17.62,69.91,51.11,73.75,39.82,1,hospital_medicine,>=5_years,high,0,0,Full GDT
V266,cma,76.81,1,4,139.09,45.43,60.52,9.63,56.21,64.3,55.5,26.4,2,hospital_medicine,>=5_years,high,0,1,Full GDT
V266,bm25,90.6,1,4,179.47,53.44,72.98,17.16,68.8,52.86,63.73,45.08,3,hospital_medicine,>=5_years,high,0,0,Full GDT
V266,gdt,73.48,1,4,126.74,41.89,53.39,15.85,39.13,67.16,45.14,30.67,4,hospital_medicine,>=5_years,high,0,1,Full GDT
V267,control,22.14,1,1,193.1,34.5,42.67,3.37,30.11,72.74,40.83,17.31,1,emergency,>=5_years,low,0,0,Full GDT
V267,gdt,24.71,1,1,113.33,29.85,20.38,14.97,27.55,77.2,24.44,14.56,2,emergency,>=5_years,low,0,1,Full GDT
V267,bm25,23.08,1,1,201.36,40.14,42.85,14.79,43.14,76.68,38.47,24.93,3,emergency,>=5_years,low,0,0,Full GDT
V267,cma,22.78,1,1,141.32,31.22,34.22,3.17,28.01,80.26,31.35,10.32,4,emergency,>=5_years,low,0,1,Full GDT
V268,gdt,94.02,1,5,118.48,46.75,66.4,14.65,50.09,57.63,60.78,30.94,1,emergency,<5_years,high,1,1,Full GDT
V268,cma,98.7,1,5,144.26,46.48,59.85,14.13,60.64,56.47,55.43,32.34,2,emergency,<5_years,high,1,1,Full GDT
V268,bm25,230.71,0,5,175.08,69.34,100.0,21.31,100.0,23.74,100.0,71.01,3,emergency,<5_years,high,1,0,Full GDT
V268,control,116.5,1,5,193.18,60.88,87.36,21.94,81.63,51.47,79.07,43.78,4,emergency,<5_years,high,1,0,Full GDT
V269,control,94.77,1,4,175.2,56.45,79.79,22.62,71.59,55.51,72.45,36.73,1,internal_medicine,>=5_years,high,1,0,Full GDT
V269,cma,76.56,1,4,144.38,42.21,51.84,19.24,49.71,59.8,52.94,19.73,2,internal_medicine,>=5_years,high,1,1,Full GDT
V269,bm25,96.7,1,4,184.62,54.79,75.95,19.88,71.15,39.52,75.7,46.54,3,internal_medicine,>=5_years,high,1,0,Full GDT
V269,gdt,75.12,1,4,141.7,40.86,47.63,9.66,41.78,67.9,55.24,22.94,4,internal_medicine,>=5_years,high,1,1,Full GDT
V270,control,66.56,1,3,190.27,48.47,59.16,13.3,61.09,60.55,57.66,39.1,1,internal_medicine,<5_years,low,0,0,Full GDT
V270,bm25,71.45,1,3,184.95,47.97,63.77,6.86,52.59,59.75,63.91,40.96,2,internal_medicine,<5_years,low,0,0,Full GDT
V270,cma,61.34,1,3,140.57,38.84,49.2,12.34,44.96,60.4,42.9,23.28,3,internal_medicine,<5_years,low,0,1,Full GDT
V270,gdt,58.11,1,3,116.99,39.95,47.27,17.28,41.74,71.17,41.02,21.22,4,internal_medicine,<5_years,low,0,1,Full GDT
V271,gdt,36.96,1,2,131.49,32.28,37.86,10.37,30.26,75.88,29.47,9.82,1,internal_medicine,<5_years,low,0,1,Full GDT
V271,bm25,48.24,1,2,188.2,42.55,49.16,7.75,54.16,62.99,52.39,28.84,2,internal_medicine,<5_years,low,0,0,Full GDT
V271,control,46.73,1,2,186.25,42.2,56.47,5.75,42.24,69.76,50.28,28.69,3,internal_medicine,<5_years,low,0,0,Full GDT
V271,cma,39.18,1,2,146.86,35.94,44.85,10.74,35.07,73.58,39.13,12.24,4,internal_medicine,<5_years,low,0,1,Full GDT
V272,gdt,55.23,1,3,139.27,37.49,43.61,13.88,31.05,76.0,40.55,19.84,1,hospital_medicine,<5_years,low,0,1,Full GDT
V272,cma,63.39,1,3,172.21,40.03,52.62,12.28,45.92,62.42,48.28,18.66,2,hospital_medicine,<5_years,low,0,1,Full GDT
V272,bm25,62.37,1,3,195.43,49.34,63.82,18.44,53.65,62.25,61.62,36.23,3,hospital_medicine,<5_years,low,0,0,Full GDT
V272,control,71.9,1,3,206.01,53.75,58.16,19.46,63.43,67.32,67.24,46.9,4,hospital_medicine,<5_years,low,0,0,Full GDT
V273,gdt,75.94,1,4,122.98,40.57,53.43,11.01,47.36,59.12,43.01,29.51,1,internal_medicine,<5_years,high,0,1,Full GDT
V273,bm25,90.48,1,4,193.58,55.66,67.25,19.35,74.98,61.43,65.93,45.0,2,internal_medicine,<5_years,high,0,0,Full GDT
V273,cma,84.38,1,4,149.1,44.66,55.43,14.68,43.74,62.89,58.5,32.75,3,internal_medicine,<5_years,high,0,1,Full GDT
V273,control,90.5,1,4,170.53,52.34,69.44,22.08,61.1,49.0,75.6,36.81,4,internal_medicine,<5_years,high,0,0,Full GDT
V274,bm25,220.03,0,5,176.52,72.81,100.0,32.59,100.0,27.23,100.0,77.01,1,critical_care,<5_years,high,0,0,Full GDT
V274,control,116.56,1,5,203.15,59.39,71.82,25.13,79.43,47.48,84.7,47.76,2,critical_care,<5_years,high,0,0,Full GDT
V274,gdt,92.8,1,5,131.98,42.6,59.01,15.02,45.04,56.28,56.84,23.39,3,critical_care,<5_years,high,0,1,Full GDT
V274,cma,104.05,1,5,150.67,51.03,69.16,20.41,58.91,64.04,58.47,35.19,4,critical_care,<5_years,high,0,1,Full GDT
V275,cma,79.47,1,4,136.66,46.05,58.4,18.79,47.82,63.64,57.28,30.34,1,internal_medicine,<5_years,high,2,1,Full GDT
V275,gdt,73.62,1,4,131.8,42.38,50.5,9.85,52.32,63.02,46.99,31.59,2,internal_medicine,<5_years,high,2,1,Full GDT
V275,bm25,205.26,0,4,195.63,69.59,100.0,27.37,100.0,24.86,100.0,65.31,3,internal_medicine,<5_years,high,2,0,Full GDT
V275,control,92.32,1,4,185.95,55.72,67.87,23.98,70.96,55.25,70.27,45.99,4,internal_medicine,<5_years,high,2,0,Full GDT
V276,cma,57.27,1,3,149.89,40.26,49.91,14.74,44.9,65.77,45.75,20.48,1,internal_medicine,<5_years,low,0,1,Full GDT
V276,bm25,71.15,1,3,182.68,52.02,71.6,10.49,59.16,67.88,63.17,39.8,2,internal_medicine,<5_years,low,0,0,Full GDT
V276,control,70.95,1,3,176.98,48.18,62.85,12.02,59.0,60.77,62.04,32.41,3,internal_medicine,<5_years,low,0,0,Full GDT
V276,gdt,59.37,1,3,117.8,36.31,37.03,15.0,38.06,70.73,42.51,14.54,4,internal_medicine,<5_years,low,0,1,Full GDT
V277,gdt,102.85,1,5,129.31,48.37,65.17,15.38,57.25,60.41,59.43,32.58,1,internal_medicine,<5_years,high,0,1,Full GDT
V277,bm25,115.73,1,5,188.24,61.34,81.41,28.94,74.31,48.75,87.96,46.67,2,internal_medicine,<5_years,high,0,0,Full GDT
V277,control,121.81,1,5,202.43,62.92,82.65,26.07,82.71,52.53,81.91,51.63,3,internal_medicine,<5_years,high,0,0,Full GDT
V277,cma,102.62,1,5,138.83,48.83,62.48,19.05,60.96,60.65,61.11,28.74,4,internal_medicine,<5_years,high,0,1,Full GDT
V278,control,116.94,1,5,185.91,59.11,80.08,22.43,79.98,47.37,81.88,42.93,1,critical_care,<5_years,high,3,0,Full GDT
V278,bm25,110.73,1,5,188.8,61.02,87.36,18.33,76.21,54.47,78.47,51.26,2,critical_care,<5_years,high,3,0,Full GDT
V278,cma,102.49,1,5,142.1,50.26,60.8,20.39,63.16,65.01,58.62,33.57,3,critical_care,<5_years,high,3,1,Full GDT
V278,gdt,98.31,1,5,136.77,46.11,56.12,19.91,55.65,51.53,65.0,28.44,4,critical_care,<5_years,high,3,1,Full GDT
V279,control,20.99,1,1,204.8,37.53,41.44,7.54,43.87,75.66,37.49,19.17,1,emergency,<5_years,low,0,0,Full GDT
V279,bm25,24.91,1,1,165.91,38.62,43.21,13.64,42.69,66.99,36.58,28.59,2,emergency,<5_years,low,0,0,Full GDT
V279,cma,20.98,1,1,131.32,31.92,31.87,11.26,27.75,74.9,30.55,15.2,3,emergency,<5_years,low,0,1,Full GDT
V279,gdt,20.84,1,1,146.82,28.74,23.37,8.85,22.78,79.12,29.82,8.49,4,emergency,<5_years,low,0,1,Full GDT
V280,gdt,73.63,1,4,128.36,42.11,55.22,9.48,46.33,66.64,51.03,23.95,1,critical_care,<5_years,high,0,1,Full GDT
V280,bm25,96.21,1,4,180.49,54.24,71.28,16.64,69.74,54.13,69.66,44.0,2,critical_care,<5_years,high,0,0,Full GDT
V280,cma,70.14,1,4,137.11,42.74,51.99,11.01,52.77,69.52,42.62,28.51,3,critical_care,<5_years,high,0,1,Full GDT
V280,control,107.83,1,4,184.44,54.45,78.29,20.06,73.56,44.47,73.9,36.44,4,critical_care,<5_years,high,0,0,Full GDT
V281,gdt,58.66,1,3,124.06,39.17,47.92,19.49,37.34,68.38,38.97,22.89,1,hospital_medicine,<5_years,low,0,1,Full GDT
V281,cma,68.06,1,3,142.0,41.74,48.17,15.22,47.67,64.68,47.12,27.56,2,hospital_medicine,<5_years,low,0,1,Full GDT
V281,control,70.12,1,3,193.72,48.62,61.98,14.7,59.76,53.67,63.29,38.32,3,hospital_medicine,<5_years,low,0,0,Full GDT
V281,bm25,65.76,1,3,181.75,48.05,61.55,19.79,49.31,68.66,58.23,30.77,4,hospital_medicine,<5_years,low,0,0,Full GDT
V282,gdt,94.7,1,5,121.4,43.7,57.76,10.49,52.73,55.29,51.19,34.74,1,emergency,<5_years,high,0,1,Full GDT
V282,control,118.57,1,5,178.55,60.1,79.81,26.05,81.15,46.13,77.44,50.05,2,emergency,<5_years,high,0,0,Full GDT
V282,cma,99.71,1,5,144.42,49.08,68.03,16.83,54.33,56.55,64.25,34.52,3,emergency,<5_years,high,0,1,Full GDT
V282,bm25,223.09,0,5,189.73,70.47,100.0,27.6,100.0,27.77,100.0,67.47,4,emergency,<5_years,high,0,0,Full GDT
V283,bm25,68.48,1,3,180.88,50.05,67.72,16.05,61.78,58.31,58.64,37.85,1,critical_care,<5_years,low,0,0,Full GDT
V283,gdt,54.69,1,3,123.82,37.13,43.45,15.55,36.86,69.57,41.72,15.66,2,critical_care,<5_years,low,0,1,Full GDT
V283,control,65.76,1,3,193.59,51.19,63.05,20.82,54.31,66.05,61.3,41.59,3,critical_care,<5_years,low,0,0,Full GDT
V283,cma,63.12,1,3,135.28,39.61,51.96,5.91,39.81,69.29,44.27,26.44,4,critical_care,<5_years,low,0,1,Full GDT
V284,cma,63.02,1,3,148.84,41.94,53.34,16.84,47.87,66.9,46.85,19.83,1,emergency,<5_years,low,1,1,Full GDT
V284,control,68.83,1,3,180.12,48.57,61.93,18.14,54.35,58.09,60.53,38.41,2,emergency,<5_years,low,1,0,Full GDT
V284,bm25,75.21,1,3,207.48,51.26,58.57,25.15,57.88,58.91,64.08,42.96,3,emergency,<5_years,low,1,0,Full GDT
V284,gdt,54.36,1,3,126.41,35.85,30.81,20.97,40.17,64.19,38.56,20.41,4,emergency,<5_years,low,1,1,Full GDT
V285,bm25,142.81,0,2,209.77,59.95,86.25,23.61,73.6,46.53,80.73,49.0,1,emergency,>=5_years,low,0,0,Full GDT
V285,gdt,36.61,1,2,133.24,31.29,34.25,7.88,21.82,77.92,31.08,14.77,2,emergency,>=5_years,low,0,1,Full GDT
V285,cma,40.55,1,2,144.01,39.59,44.26,14.55,40.57,75.11,42.47,20.57,3,emergency,>=5_years,low,0,1,Full GDT
V285,control,41.88,1,2,197.17,42.73,46.97,11.58,47.83,67.67,52.86,29.47,4,emergency,>=5_years,low,0,0,Full GDT
V286,bm25,116.93,1,5,192.69,60.03,83.78,18.39,80.72,49.19,81.87,46.23,1,emergency,<5_years,high,2,0,Full GDT
V286,gdt,186.79,0,5,138.66,62.9,93.09,24.34,78.89,45.88,86.8,48.39,2,emergency,<5_years,high,2,1,Full GDT
V286,cma,101.28,1,5,135.3,50.77,59.01,20.55,66.32,60.69,64.57,33.49,3,emergency,<5_years,high,2,1,Full GDT
V286,control,106.63,1,5,182.89,56.65,81.02,22.93,66.45,52.34,75.77,41.41,4,emergency,<5_years,high,2,0,Full GDT
V287,control,45.41,1,2,196.8,45.0,53.93,9.42,44.42,70.75,51.67,39.79,1,critical_care,<5_years,low,0,0,Full GDT
V287,gdt,36.06,1,2,131.25,30.25,27.36,8.54,32.06,74.7,27.36,11.49,2,critical_care,<5_years,low,0,1,Full GDT
V287,bm25,44.29,1,2,193.8,41.83,52.64,11.1,44.82,64.94,51.21,26.23,3,critical_care,<5_years,low,0,0,Full GDT
V287,cma,39.07,1,2,152.57,33.72,33.34,13.41,31.07,68.87,39.11,16.5,4,critical_care,<5_years,low,0,1,Full GDT
V288,cma,106.0,1,5,147.24,51.03,70.16,14.08,64.69,55.13,64.51,37.62,1,emergency,<5_years,high,1,1,Full GDT
V288,bm25,120.57,1,5,186.61,61.21,77.73,25.49,89.09,45.04,83.9,45.97,2,emergency,<5_years,high,1,0,Full GDT
V288,gdt,95.44,1,5,124.42,42.68,58.85,11.27,49.27,62.9,45.88,27.89,3,emergency,<5_years,high,1,1,Full GDT
V288,control,122.03,1,5,196.1,59.94,86.5,14.52,74.96,49.1,83.92,50.61,4,emergency,<5_years,high,1,0,Full GDT
V289,bm25,94.17,1,4,185.89,57.62,70.84,26.62,76.5,53.2,72.69,45.86,1,critical_care,<5_years,high,0,0,Full GDT
V289,control,94.86,1,4,183.66,53.79,69.5,15.8,77.66,51.31,74.06,34.42,2,critical_care,<5_years,high,0,0,Full GDT
V289,cma,81.96,1,4,152.48,49.54,58.5,20.01,51.38,69.88,60.89,36.55,3,critical_care,<5_years,high,0,1,Full GDT
V289,gdt,80.27,1,4,129.44,44.42,50.17,17.51,53.06,70.89,48.47,26.4,4,critical_care,<5_years,high,0,1,Full GDT
V290,cma,39.22,1,2,138.3,34.96,38.14,12.63,29.65,80.21,35.83,13.32,1,internal_medicine,<5_years,low,0,1,Full GDT
V290,control,46.33,1,2,197.53,43.44,56.96,16.56,43.86,66.72,44.95,31.61,2,internal_medicine,<5_years,low,0,0,Full GDT
V290,gdt,40.72,1,2,143.47,34.1,34.27,13.09,29.83,75.76,36.93,14.73,3,internal_medicine,<5_years,low,0,1,Full GDT
V290,bm25,43.82,1,2,179.16,42.56,49.92,12.54,49.65,62.13,46.78,34.38,4,internal_medicine,<5_years,low,0,0,Full GDT
V291,cma,18.92,1,1,132.64,32.1,30.59,17.94,31.41,80.87,20.04,11.76,1,critical_care,>=5_years,low,0,1,Full GDT
V291,control,25.45,1,1,176.73,34.93,40.22,8.42,42.32,61.62,37.59,19.41,2,critical_care,>=5_years,low,0,0,Full GDT
V291,bm25,23.28,1,1,181.32,38.89,41.33,6.8,36.02,75.06,52.2,21.93,3,critical_care,>=5_years,low,0,0,Full GDT
V291,gdt,19.72,1,1,138.84,29.47,22.88,10.65,23.35,84.59,26.29,9.06,4,critical_care,>=5_years,low,0,1,Full GDT
V292,bm25,47.18,1,2,198.69,43.13,49.6,17.35,48.05,62.78,46.15,34.82,1,emergency,<5_years,low,0,0,Full GDT
V292,cma,35.81,1,2,135.03,33.69,37.38,11.87,34.02,72.16,30.69,16.01,2,emergency,<5_years,low,0,1,Full GDT
V292,gdt,41.87,1,2,140.17,34.34,37.78,9.52,33.02,72.76,34.91,18.03,3,emergency,<5_years,low,0,1,Full GDT
V292,control,44.49,1,2,196.79,44.93,56.66,13.91,53.03,65.51,54.7,25.77,4,emergency,<5_years,low,0,0,Full GDT
V293,cma,84.33,1,4,153.33,43.68,51.45,17.68,53.67,62.42,54.3,22.57,1,emergency,<5_years,high,1,1,Full GDT
V293,bm25,94.94,1,4,190.5,56.43,75.92,20.31,55.75,55.62,81.03,49.93,2,emergency,<5_years,high,1,0,Full GDT
V293,control,92.79,1,4,172.28,54.39,77.18,20.25,73.71,55.14,62.38,37.7,3,emergency,<5_years,high,1,0,Full GDT
V293,gdt,73.93,1,4,126.81,44.08,55.28,16.57,41.7,68.87,54.98,27.07,4,emergency,<5_years,high,1,1,Full GDT
V294,cma,42.04,1,2,146.88,33.72,33.67,6.77,29.62,73.55,37.4,21.3,1,critical_care,<5_years,low,0,1,Full GDT
V294,gdt,41.58,1,2,131.72,28.44,23.24,6.67,23.96,72.78,32.31,11.68,2,critical_care,<5_years,low,0,1,Full GDT
V294,control,48.45,1,2,206.42,46.31,59.69,15.93,54.43,65.08,48.83,33.93,3,critical_care,<5_years,low,0,0,Full GDT
V294,bm25,53.42,1,2,199.21,44.13,60.66,12.25,49.8,58.29,48.95,34.84,4,critical_care,<5_years,low,0,0,Full GDT
V295,control,79.01,1,3,192.58,53.74,63.7,14.52,66.39,62.5,74.14,41.19,1,critical_care,>=5_years,low,0,0,Full GDT
V295,gdt,58.23,1,3,129.34,37.05,39.12,11.09,36.41,68.34,46.64,20.69,2,critical_care,>=5_years,low,0,1,Full GDT
V295,cma,65.39,1,3,145.99,42.44,48.27,8.73,48.94,69.3,51.37,28.05,3,critical_care,>=5_years,low,0,1,Full GDT
V295,bm25,75.26,1,3,181.52,51.01,70.57,22.71,55.44,60.64,54.09,42.59,4,critical_care,>=5_years,low,0,0,Full GDT
V296,control,89.37,1,4,182.21,51.7,73.0,15.17,63.59,54.48,62.29,41.66,1,critical_care,>=5_years,high,0,0,Full GDT
V296,gdt,74.68,1,4,130.87,39.91,54.2,13.45,48.26,63.76,40.96,18.82,2,critical_care,>=5_years,high,0,1,Full GDT
V296,bm25,92.65,1,4,182.93,51.33,72.42,16.28,69.31,45.44,66.43,38.12,3,critical_care,>=5_years,high,0,0,Full GDT
V296,cma,76.29,1,4,147.41,46.42,58.22,14.12,50.25,67.93,58.2,29.81,4,critical_care,>=5_years,high,0,1,Full GDT
V297,control,45.75,1,2,201.17,42.58,50.71,14.49,45.92,63.06,52.53,28.78,1,critical_care,<5_years,low,0,0,Full GDT
V297,bm25,44.5,1,2,207.22,42.12,53.92,11.1,49.41,58.41,49.23,30.64,2,critical_care,<5_years,low,0,0,Full GDT
V297,gdt,43.61,1,2,115.64,33.75,30.72,8.0,29.39,84.48,32.79,17.15,3,critical_care,<5_years,low,0,1,Full GDT
V297,cma,38.7,1,2,145.34,35.46,37.48,12.26,29.84,68.17,41.15,23.85,4,critical_care,<5_years,low,0,1,Full GDT
V298,gdt,99.68,1,5,125.18,46.39,56.92,18.54,54.53,59.46,58.25,30.64,1,emergency,<5_years,high,0,1,Full GDT
V298,control,114.16,1,5,192.59,61.33,79.99,17.93,84.27,53.52,78.92,53.37,2,emergency,<5_years,high,0,0,Full GDT
V298,bm25,109.8,1,5,204.48,60.7,78.07,29.19,71.77,54.02,77.41,53.78,3,emergency,<5_years,high,0,0,Full GDT
V298,cma,97.74,1,5,147.08,48.34,64.91,12.66,64.04,55.21,58.27,34.95,4,emergency,<5_years,high,0,1,Full GDT
V299,bm25,20.87,1,1,199.01,39.17,44.99,14.36,37.99,71.19,39.24,27.24,1,internal_medicine,<5_years,low,0,0,Full GDT
V299,cma,20.94,1,1,166.41,29.63,27.15,11.24,28.22,77.95,23.46,9.74,2,internal_medicine,<5_years,low,0,1,Full GDT
V299,control,22.28,1,1,173.37,41.0,46.5,6.76,42.99,81.22,41.13,27.42,3,internal_medicine,<5_years,low,0,0,Full GDT
V299,gdt,19.95,1,1,127.02,27.43,27.23,5.15,19.32,77.33,22.66,12.9,4,internal_medicine,<5_years,low,0,1,Full GDT
V300,gdt,17.37,1,1,123.02,30.96,31.78,12.68,14.66,79.73,29.37,17.54,1,emergency,<5_years,low,0,1,Full GDT
V300,control,23.5,1,1,176.17,42.08,44.78,13.8,45.19,78.8,40.36,29.57,2,emergency,<5_years,low,0,0,Full GDT
V300,cma,22.39,1,1,143.65,32.52,24.86,12.63,30.63,79.31,31.72,15.98,3,emergency,<5_years,low,0,1,Full GDT
V300,bm25,22.03,1,1,152.89,37.67,35.95,13.56,45.51,74.9,43.25,12.83,4,emergency,<5_years,low,0,0,Full GDT
V001,control,46.69,1,2,193.4,43.39,58.87,9.21,51.63,64.4,48.07,28.16,1,emergency,<5_years,low,1,0,GSI only
V001,gdt,35.18,1,2,138.43,34.73,30.89,13.65,33.09,79.54,32.02,19.19,2,emergency,<5_years,low,1,1,GSI only
V001,bm25,41.62,1,2,191.01,41.48,50.61,6.43,42.08,63.55,54.15,32.07,3,emergency,<5_years,low,1,0,GSI only
V001,cma,42.16,1,2,144.46,37.41,40.89,17.58,36.13,70.02,34.87,24.98,4,emergency,<5_years,low,1,1,GSI only
V002,control,96.0,1,4,195.46,54.68,75.07,16.14,67.29,55.54,73.68,40.35,1,internal_medicine,<5_years,high,2,0,GSI only
V002,gdt,72.75,1,4,130.56,41.86,54.52,15.61,42.51,68.1,50.79,19.66,2,internal_medicine,<5_years,high,2,1,GSI only
V002,cma,80.95,1,4,145.5,47.16,52.88,16.25,55.62,67.36,57.09,33.78,3,internal_medicine,<5_years,high,2,1,GSI only
V002,bm25,93.88,1,4,182.18,54.89,76.4,15.07,68.49,54.24,73.41,41.73,4,internal_medicine,<5_years,high,2,0,GSI only
V003,control,71.37,1,3,204.13,48.45,57.43,16.04,62.06,62.05,59.72,33.39,1,emergency,<5_years,low,1,0,GSI only
V003,gdt,63.31,1,3,125.16,39.22,41.76,9.39,48.44,68.49,40.61,26.64,2,emergency,<5_years,low,1,1,GSI only
V003,cma,63.23,1,3,149.18,39.67,53.57,18.49,37.92,61.5,44.59,21.96,3,emergency,<5_years,low,1,1,GSI only
V003,bm25,71.22,1,3,183.36,48.5,62.26,11.12,59.65,61.77,63.3,32.92,4,emergency,<5_years,low,1,0,GSI only
V004,control,72.16,1,3,177.64,51.06,65.47,20.22,59.34,60.58,63.45,37.31,1,emergency,>=5_years,low,0,0,GSI only
V004,gdt,60.7,1,3,150.77,36.25,38.51,13.99,31.26,74.12,39.14,20.46,2,emergency,>=5_years,low,0,1,GSI only
V004,cma,66.35,1,3,144.51,39.92,48.15,10.95,43.65,60.89,54.28,21.61,3,emergency,>=5_years,low,0,1,GSI only
V004,bm25,72.39,1,3,173.36,50.59,64.25,20.89,61.57,55.58,64.97,36.3,4,emergency,>=5_years,low,0,0,GSI only
V005,bm25,23.5,1,1,189.36,40.42,50.22,21.29,36.76,73.43,42.53,18.3,1,emergency,<5_years,low,0,0,GSI only
V005,control,23.0,1,1,180.79,43.57,51.96,18.26,47.44,75.31,42.16,26.3,2,emergency,<5_years,low,0,0,GSI only
V005,cma,21.29,1,1,139.95,30.64,27.32,10.17,26.91,82.03,25.81,11.62,3,emergency,<5_years,low,0,1,GSI only
V005,gdt,18.05,1,1,135.2,25.74,21.59,5.46,18.53,83.95,17.76,7.12,4,emergency,<5_years,low,0,1,GSI only
V006,control,82.51,1,4,181.58,54.96,67.6,19.7,71.07,63.24,68.95,39.19,1,internal_medicine,<5_years,high,0,0,GSI only
V006,cma,85.78,1,4,148.25,43.2,55.89,11.19,49.33,55.73,53.55,33.52,2,internal_medicine,<5_years,high,0,1,GSI only
V006,gdt,75.82,1,4,129.73,39.93,45.89,14.77,47.36,65.15,49.89,16.53,3,internal_medicine,<5_years,high,0,1,GSI only
V006,bm25,300.0,0,4,194.59,70.69,100.0,28.58,100.0,12.1,100.0,83.43,4,internal_medicine,<5_years,high,0,0,GSI only
V007,bm25,24.09,1,1,168.94,37.76,43.93,3.08,41.65,68.44,43.15,26.28,1,internal_medicine,<5_years,low,0,0,GSI only
V007,cma,22.24,1,1,156.11,33.45,36.34,1.53,28.74,86.01,32.88,15.18,2,internal_medicine,<5_years,low,0,1,GSI only
V007,gdt,20.06,1,1,138.25,32.05,28.07,7.2,26.53,84.34,25.77,20.37,3,internal_medicine,<5_years,low,0,1,GSI only
V007,control,26.79,1,1,177.95,42.24,40.62,14.16,44.55,76.0,47.61,30.47,4,internal_medicine,<5_years,low,0,0,GSI only
V008,gdt,92.37,1,5,132.94,47.73,59.15,21.1,54.75,60.97,57.04,33.39,1,internal_medicine,<5_years,high,1,1,GSI only
V008,cma,103.19,1,5,149.55,50.27,74.04,26.87,54.91,53.93,57.97,33.88,2,internal_medicine,<5_years,high,1,1,GSI only
V008,bm25,112.24,1,5,187.37,57.45,79.44,22.71,75.37,45.85,76.18,45.13,3,internal_medicine,<5_years,high,1,0,GSI only
V008,control,113.94,1,5,179.87,58.25,75.32,20.95,74.79,53.17,81.76,43.5,4,internal_medicine,<5_years,high,1,0,GSI only
V009,bm25,112.24,1,5,171.69,59.95,82.09,21.82,75.61,50.0,82.38,47.8,1,critical_care,<5_years,high,0,0,GSI only
V009,control,113.27,1,5,191.87,58.98,80.49,19.24,71.16,56.97,79.26,46.75,2,critical_care,<5_years,high,0,0,GSI only
V009,cma,104.97,1,5,148.3,52.05,63.81,16.22,62.79,59.73,65.33,44.39,3,critical_care,<5_years,high,0,1,GSI only
V009,gdt,99.44,1,5,143.56,45.14,63.64,10.57,58.46,57.12,54.13,26.93,4,critical_care,<5_years,high,0,1,GSI only
V010,control,84.93,1,4,196.63,52.2,66.51,19.08,64.13,53.97,66.89,42.6,1,hospital_medicine,>=5_years,high,1,0,GSI only
V010,gdt,77.85,1,4,130.44,43.34,62.56,10.68,44.64,58.67,54.29,29.19,2,hospital_medicine,>=5_years,high,1,1,GSI only
V010,bm25,89.62,1,4,193.51,56.72,81.33,21.27,70.5,53.56,74.66,39.02,3,hospital_medicine,>=5_years,high,1,0,GSI only
V010,cma,80.48,1,4,142.39,45.91,62.05,11.79,56.96,61.44,50.86,32.36,4,hospital_medicine,>=5_years,high,1,1,GSI only
V011,cma,44.11,1,2,154.2,34.69,38.89,7.29,33.56,64.14,43.72,20.53,1,internal_medicine,>=5_years,low,1,1,GSI only
V011,bm25,48.78,1,2,195.7,43.52,52.89,11.02,45.63,66.11,51.73,33.73,2,internal_medicine,>=5_years,low,1,0,GSI only
V011,control,43.09,1,2,204.98,45.67,61.49,8.06,55.13,64.45,51.28,33.64,3,internal_medicine,>=5_years,low,1,0,GSI only
V011,gdt,39.07,1,2,142.59,36.47,37.76,20.3,29.47,78.49,36.35,16.43,4,internal_medicine,>=5_years,low,1,1,GSI only
V012,bm25,20.95,1,1,192.73,37.23,38.52,16.13,37.15,71.46,37.84,22.31,1,hospital_medicine,<5_years,low,0,0,GSI only
V012,cma,19.81,1,1,141.14,30.78,32.96,4.17,25.96,80.21,23.68,17.7,2,hospital_medicine,<5_years,low,0,1,GSI only
V012,gdt,19.19,1,1,143.02,27.93,18.19,10.09,30.41,77.85,18.22,12.82,3,hospital_medicine,<5_years,low,0,1,GSI only
V012,control,20.14,1,1,167.29,40.5,39.09,11.78,40.1,77.3,43.09,31.66,4,hospital_medicine,<5_years,low,0,0,GSI only
V013,control,65.99,1,3,180.94,49.42,61.5,23.49,59.54,61.95,56.18,33.9,1,internal_medicine,<5_years,low,1,0,GSI only
V013,bm25,64.15,1,3,192.05,49.42,63.32,16.11,60.33,64.27,54.31,38.18,2,internal_medicine,<5_years,low,1,0,GSI only
V013,cma,66.29,1,3,134.38,39.25,45.73,8.45,45.16,67.01,46.14,22.98,3,internal_medicine,<5_years,low,1,1,GSI only
V013,gdt,57.03,1,3,127.02,35.07,41.82,13.69,33.99,66.55,39.09,15.28,4,internal_medicine,<5_years,low,1,1,GSI only
V014,control,40.42,1,2,189.38,45.11,52.71,17.97,49.46,75.0,46.87,28.65,1,internal_medicine,<5_years,low,0,0,GSI only
V014,gdt,40.86,1,2,137.61,34.44,37.19,14.59,25.67,82.34,34.49,12.34,2,internal_medicine,<5_years,low,0,1,GSI only
V014,cma,39.46,1,2,135.77,36.54,36.47,13.12,40.2,76.54,33.05,19.86,3,internal_medicine,<5_years,low,0,1,GSI only
V014,bm25,50.0,1,2,188.36,44.18,52.99,20.3,44.3,67.61,50.2,29.66,4,internal_medicine,<5_years,low,0,0,GSI only
V015,bm25,45.13,1,2,194.97,47.21,50.27,16.05,53.74,71.36,52.3,39.57,1,critical_care,<5_years,low,0,0,GSI only
V015,cma,44.08,1,2,141.69,37.6,39.86,13.21,33.15,75.89,37.25,26.26,2,critical_care,<5_years,low,0,1,GSI only
V015,gdt,36.86,1,2,137.16,34.71,32.15,13.3,36.02,73.89,31.66,21.21,3,critical_care,<5_years,low,0,1,GSI only
V015,control,51.04,1,2,198.15,44.32,58.14,13.92,50.11,58.3,52.36,33.08,4,critical_care,<5_years,low,0,0,GSI only
V016,bm25,25.13,1,1,169.9,38.17,38.26,10.76,43.52,68.08,37.31,31.12,1,emergency,>=5_years,low,0,0,GSI only
V016,gdt,18.65,1,1,115.72,28.1,22.27,0.92,25.28,88.51,25.84,5.8,2,emergency,>=5_years,low,0,1,GSI only
V016,cma,21.69,1,1,170.98,31.89,30.81,14.7,26.48,77.3,26.92,15.13,3,emergency,>=5_years,low,0,1,GSI only
V016,control,21.63,1,1,208.08,41.79,45.1,8.91,47.02,73.23,44.42,32.06,4,emergency,>=5_years,low,0,0,GSI only
V017,cma,38.1,1,2,145.45,33.8,34.3,9.99,29.77,75.95,35.8,17.0,1,hospital_medicine,>=5_years,low,0,1,GSI only
V017,gdt,37.07,1,2,117.91,33.73,37.82,6.67,35.51,72.68,31.91,17.8,2,hospital_medicine,>=5_years,low,0,1,GSI only
V017,bm25,48.76,1,2,173.24,46.06,55.17,13.78,55.05,71.28,47.83,33.24,3,hospital_medicine,>=5_years,low,0,0,GSI only
V017,control,41.42,1,2,182.94,40.83,55.24,8.93,39.33,68.78,50.28,22.42,4,hospital_medicine,>=5_years,low,0,0,GSI only
V018,cma,60.72,1,3,146.96,36.81,33.9,13.02,44.67,72.37,36.82,20.09,1,internal_medicine,<5_years,low,0,1,GSI only
V018,control,75.29,1,3,182.3,49.94,67.91,18.61,63.74,57.96,59.56,31.84,2,internal_medicine,<5_years,low,0,0,GSI only
V018,gdt,63.47,1,3,126.63,37.53,45.85,7.55,36.18,70.33,37.46,27.81,3,internal_medicine,<5_years,low,0,1,GSI only
V018,bm25,73.89,1,3,215.12,49.69,60.21,14.08,60.4,60.01,68.07,35.35,4,internal_medicine,<5_years,low,0,0,GSI only
V019,cma,17.39,1,1,149.56,32.4,30.81,12.97,25.42,75.01,32.55,17.63,1,internal_medicine,<5_years,low,0,1,GSI only
V019,bm25,22.83,1,1,170.5,36.89,42.21,11.57,30.92,71.67,37.45,27.5,2,internal_medicine,<5_years,low,0,0,GSI only
V019,gdt,19.36,1,1,113.03,28.6,19.6,11.32,22.27,81.85,24.69,11.87,3,internal_medicine,<5_years,low,0,1,GSI only
V019,control,25.19,1,1,198.76,38.86,46.17,5.24,38.23,74.05,42.23,27.25,4,internal_medicine,<5_years,low,0,0,GSI only
V020,gdt,19.41,1,1,131.75,28.71,17.08,10.63,23.38,79.69,24.65,16.82,1,critical_care,<5_years,low,0,1,GSI only
V020,bm25,23.77,1,1,212.31,37.42,38.81,9.46,44.08,75.25,37.26,19.65,2,critical_care,<5_years,low,0,0,GSI only
V020,cma,19.36,1,1,147.59,30.85,31.03,13.94,25.03,75.98,27.06,12.08,3,critical_care,<5_years,low,0,1,GSI only
V020,control,26.31,1,1,208.32,40.44,41.23,18.58,41.23,70.46,42.3,28.86,4,critical_care,<5_years,low,0,0,GSI only
V021,control,68.17,1,3,199.02,48.85,59.56,19.92,56.42,55.07,61.01,41.13,1,hospital_medicine,>=5_years,low,0,0,GSI only
V021,gdt,55.29,1,3,128.77,37.74,46.93,11.77,38.17,78.34,37.82,13.39,2,hospital_medicine,>=5_years,low,0,1,GSI only
V021,cma,70.0,1,3,134.22,40.59,50.31,15.88,44.81,64.07,43.85,24.62,3,hospital_medicine,>=5_years,low,0,1,GSI only
V021,bm25,69.01,1,3,202.77,48.88,57.61,21.34,60.29,64.6,56.89,32.55,4,hospital_medicine,>=5_years,low,0,0,GSI only
V022,cma,98.99,1,5,139.46,47.56,61.96,13.08,59.23,53.83,59.26,38.0,1,critical_care,>=5_years,high,0,1,GSI only
V022,gdt,96.19,1,5,125.95,46.57,62.31,17.49,53.19,58.99,57.76,29.65,2,critical_care,>=5_years,high,0,1,GSI only
V022,control,118.86,1,5,177.38,58.67,84.88,17.05,78.87,48.08,74.56,48.6,3,critical_care,>=5_years,high,0,0,GSI only
V022,bm25,114.92,1,5,188.6,57.95,84.67,21.86,78.12,45.41,74.79,42.87,4,critical_care,>=5_years,high,0,0,GSI only
V023,cma,39.07,1,2,166.51,35.08,42.55,15.54,28.3,69.59,35.79,18.69,1,hospital_medicine,<5_years,low,0,1,GSI only
V023,bm25,152.57,0,2,202.17,60.8,88.19,26.59,78.6,41.43,85.77,44.2,2,hospital_medicine,<5_years,low,0,0,GSI only
V023,control,48.68,1,2,211.48,43.89,52.43,22.46,51.25,61.01,54.12,22.08,3,hospital_medicine,<5_years,low,0,0,GSI only
V023,gdt,36.52,1,2,130.03,29.53,33.16,10.98,22.27,63.82,31.78,15.15,4,hospital_medicine,<5_years,low,0,1,GSI only
V024,cma,99.72,1,5,154.42,49.12,66.86,13.75,63.6,54.17,65.68,30.66,1,hospital_medicine,>=5_years,high,0,1,GSI only
V024,bm25,230.35,0,5,201.63,70.43,100.0,30.45,100.0,22.18,100.0,69.96,2,hospital_medicine,>=5_years,high,0,0,GSI only
V024,control,115.3,1,5,193.53,58.8,80.25,22.41,81.01,42.72,79.37,47.06,3,hospital_medicine,>=5_years,high,0,0,GSI only
V024,gdt,96.68,1,5,130.73,43.99,53.23,16.64,54.1,52.24,60.85,26.89,4,hospital_medicine,>=5_years,high,0,1,GSI only
V025,bm25,25.96,1,1,211.26,39.16,47.78,7.54,39.36,69.07,44.24,26.97,1,internal_medicine,>=5_years,low,0,0,GSI only
V025,gdt,17.4,1,1,133.09,28.24,24.85,8.59,21.44,76.87,27.55,10.13,2,internal_medicine,>=5_years,low,0,1,GSI only
V025,cma,22.1,1,1,159.43,34.93,32.75,11.91,34.95,81.08,34.2,14.68,3,internal_medicine,>=5_years,low,0,1,GSI only
V025,control,23.88,1,1,152.6,38.66,42.99,11.05,40.08,66.01,43.82,27.97,4,internal_medicine,>=5_years,low,0,0,GSI only
V026,bm25,65.45,1,3,190.27,48.86,63.62,20.17,56.32,66.72,59.86,26.5,1,emergency,>=5_years,low,0,0,GSI only
V026,cma,59.13,1,3,147.73,39.1,44.34,10.19,41.27,65.08,47.41,26.3,2,emergency,>=5_years,low,0,1,GSI only
V026,control,71.33,1,3,190.86,50.15,62.24,19.0,61.84,67.41,57.37,33.01,3,emergency,>=5_years,low,0,0,GSI only
V026,gdt,58.58,1,3,131.74,37.62,42.04,13.13,40.27,66.66,41.33,22.29,4,emergency,>=5_years,low,0,1,GSI only
V027,gdt,97.1,1,5,127.23,47.12,60.6,17.97,54.69,58.5,58.29,32.65,1,emergency,>=5_years,high,0,1,GSI only
V027,cma,112.0,1,5,148.4,50.88,73.3,16.97,61.11,49.71,70.56,33.63,2,emergency,>=5_years,high,0,1,GSI only
V027,control,124.53,1,5,193.86,59.73,84.22,24.02,72.94,41.14,85.58,50.47,3,emergency,>=5_years,high,0,0,GSI only
V027,bm25,112.5,1,5,197.03,58.64,78.33,18.85,79.02,44.01,85.35,46.29,4,emergency,>=5_years,high,0,0,GSI only
V028,control,93.97,1,4,189.52,53.51,75.46,20.67,64.65,53.28,68.58,38.45,1,hospital_medicine,>=5_years,high,2,0,GSI only
V028,bm25,92.83,1,4,189.25,56.66,78.91,21.1,65.86,54.13,76.67,43.25,2,hospital_medicine,>=5_years,high,2,0,GSI only
V028,gdt,83.81,1,4,125.98,42.51,51.55,14.28,48.37,63.93,50.73,26.2,3,hospital_medicine,>=5_years,high,2,1,GSI only
V028,cma,81.22,1,4,152.07,45.92,57.46,15.68,57.12,64.92,54.47,25.85,4,hospital_medicine,>=5_years,high,2,1,GSI only
V029,control,99.87,1,4,193.05,53.52,71.05,12.05,77.05,54.2,62.52,44.21,1,emergency,>=5_years,high,0,0,GSI only
V029,gdt,73.01,1,4,122.07,43.62,52.13,16.72,52.26,65.27,44.65,30.67,2,emergency,>=5_years,high,0,1,GSI only
V029,bm25,92.88,1,4,199.63,57.42,74.53,11.24,73.49,63.35,69.49,52.43,3,emergency,>=5_years,high,0,0,GSI only
V029,cma,82.89,1,4,135.48,46.88,56.11,16.6,55.84,59.93,57.56,35.24,4,emergency,>=5_years,high,0,1,GSI only
V030,bm25,24.32,1,1,187.4,40.2,42.06,10.86,39.93,75.88,45.49,26.97,1,emergency,<5_years,low,0,0,GSI only
V030,gdt,22.54,1,1,136.67,28.9,27.58,11.69,24.03,72.89,23.67,13.51,2,emergency,<5_years,low,0,1,GSI only
V030,cma,22.38,1,1,167.55,33.32,35.65,10.07,26.31,82.11,30.82,14.96,3,emergency,<5_years,low,0,1,GSI only
V030,control,22.21,1,1,209.64,39.78,44.81,11.83,41.85,80.7,35.13,24.34,4,emergency,<5_years,low,0,0,GSI only
V031,control,74.46,1,3,190.36,50.69,68.29,20.06,54.01,61.32,64.35,36.11,1,emergency,>=5_years,low,0,0,GSI only
V031,gdt,64.73,1,3,117.43,40.87,44.32,17.49,42.08,69.91,44.45,26.94,2,emergency,>=5_years,low,0,1,GSI only
V031,cma,62.54,1,3,150.13,44.34,51.18,18.3,49.5,71.35,45.91,29.77,3,emergency,>=5_years,low,0,1,GSI only
V031,bm25,64.49,1,3,181.76,47.35,65.72,13.15,53.56,52.78,57.59,41.28,4,emergency,>=5_years,low,0,0,GSI only
V032,cma,77.24,1,4,143.48,45.49,49.29,20.97,53.88,61.25,59.18,28.4,1,internal_medicine,>=5_years,high,0,1,GSI only
V032,gdt,82.59,1,4,130.2,43.47,58.66,8.53,48.06,63.09,53.8,28.66,2,internal_medicine,>=5_years,high,0,1,GSI only
V032,control,89.61,1,4,187.61,50.25,66.72,20.82,64.34,50.29,69.34,29.99,3,internal_medicine,>=5_years,high,0,0,GSI only
V032,bm25,87.31,1,4,202.09,53.85,64.77,12.59,69.24,57.85,75.65,43.02,4,internal_medicine,>=5_years,high,0,0,GSI only
V033,bm25,49.09,1,2,177.18,46.0,57.02,14.52,47.83,70.63,54.29,31.73,1,emergency,>=5_years,low,0,0,GSI only
V033,control,45.43,1,2,183.26,43.69,53.18,7.53,50.97,69.84,51.12,29.48,2,emergency,>=5_years,low,0,0,GSI only
V033,cma,43.5,1,2,154.58,35.05,40.47,8.67,30.34,68.77,38.1,23.96,3,emergency,>=5_years,low,0,1,GSI only
V033,gdt,34.89,1,2,122.62,31.12,28.84,15.18,27.63,74.55,28.72,11.8,4,emergency,>=5_years,low,0,1,GSI only
V034,gdt,89.79,1,5,122.22,46.02,53.87,19.52,50.87,63.98,55.84,32.06,1,hospital_medicine,<5_years,high,3,1,GSI only
V034,control,115.52,1,5,185.77,61.7,83.54,24.47,86.39,42.02,83.04,50.76,2,hospital_medicine,<5_years,high,3,0,GSI only
V034,bm25,114.43,1,5,184.22,58.78,84.32,16.06,77.11,41.63,81.84,51.69,3,hospital_medicine,<5_years,high,3,0,GSI only
V034,cma,97.09,1,5,144.05,50.27,66.17,21.42,56.58,49.22,66.73,41.48,4,hospital_medicine,<5_years,high,3,1,GSI only
V035,cma,20.62,1,1,130.23,32.11,27.86,11.78,26.4,82.66,30.3,13.69,1,internal_medicine,<5_years,low,0,1,GSI only
V035,gdt,20.37,1,1,141.21,30.55,19.92,8.72,20.37,85.67,27.62,20.99,2,internal_medicine,<5_years,low,0,1,GSI only
V035,bm25,22.18,1,1,171.88,40.27,42.22,11.37,48.98,72.89,43.41,22.75,3,internal_medicine,<5_years,low,0,0,GSI only
V035,control,27.28,1,1,227.46,39.15,43.51,15.47,45.07,71.7,36.75,22.4,4,internal_medicine,<5_years,low,0,0,GSI only
V036,cma,41.43,1,2,159.46,35.84,41.19,8.58,30.51,73.06,37.17,24.52,1,hospital_medicine,>=5_years,low,0,1,GSI only
V036,gdt,37.46,1,2,125.68,31.7,28.8,17.37,22.65,73.06,28.7,19.64,2,hospital_medicine,>=5_years,low,0,1,GSI only
V036,bm25,47.31,1,2,181.51,43.62,52.67,16.51,52.11,64.16,49.77,26.5,3,hospital_medicine,>=5_years,low,0,0,GSI only
V036,control,49.51,1,2,177.41,44.0,53.6,20.86,45.79,61.12,45.2,37.4,4,hospital_medicine,>=5_years,low,0,0,GSI only
V037,bm25,108.5,1,5,187.58,59.41,81.72,19.5,79.0,51.46,78.4,46.41,1,internal_medicine,<5_years,high,0,0,GSI only
V037,cma,104.71,1,5,158.71,47.83,69.32,8.17,61.08,51.98,64.96,31.49,2,internal_medicine,<5_years,high,0,1,GSI only
V037,control,110.71,1,5,196.46,61.02,87.16,24.99,73.38,47.43,81.7,51.49,3,internal_medicine,<5_years,high,0,0,GSI only
V037,gdt,95.0,1,5,131.64,43.46,52.45,11.41,49.78,59.36,59.15,28.6,4,internal_medicine,<5_years,high,0,1,GSI only
V038,control,110.72,1,5,184.73,56.51,80.9,16.76,76.87,48.91,76.17,39.49,1,internal_medicine,>=5_years,high,0,0,GSI only
V038,gdt,92.95,1,5,130.82,43.88,62.21,11.25,44.52,60.32,55.04,29.92,2,internal_medicine,>=5_years,high,0,1,GSI only
V038,cma,97.26,1,5,147.31,49.9,62.73,15.8,64.64,53.78,66.88,35.55,3,internal_medicine,>=5_years,high,0,1,GSI only
V038,bm25,111.04,1,5,188.12,57.51,83.65,26.38,71.82,49.66,70.4,43.12,4,internal_medicine,>=5_years,high,0,0,GSI only
V039,gdt,95.18,1,5,115.51,46.51,55.35,14.55,61.29,58.48,55.83,33.57,1,hospital_medicine,<5_years,high,2,1,GSI only
V039,control,107.04,1,5,182.51,60.08,76.17,17.96,80.15,57.8,82.34,46.07,2,hospital_medicine,<5_years,high,2,0,GSI only
V039,cma,99.65,1,5,138.9,48.88,66.03,15.33,60.52,56.92,61.09,33.4,3,hospital_medicine,<5_years,high,2,1,GSI only
V039,bm25,116.0,1,5,206.61,58.14,85.93,18.01,72.31,45.21,75.37,52.01,4,hospital_medicine,<5_years,high,2,0,GSI only
V040,gdt,40.39,1,2,120.83,34.73,40.74,5.35,39.23,76.55,31.0,15.52,1,internal_medicine,<5_years,low,0,1,GSI only
V040,bm25,52.53,1,2,172.52,44.5,52.07,14.04,56.38,65.3,49.21,29.98,2,internal_medicine,<5_years,low,0,0,GSI only
V040,cma,39.99,1,2,133.99,34.91,36.8,3.89,40.07,70.55,38.64,19.47,3,internal_medicine,<5_years,low,0,1,GSI only
V040,control,47.3,1,2,182.89,46.81,48.38,12.2,57.37,69.47,58.44,35.01,4,internal_medicine,<5_years,low,0,0,GSI only
V041,control,40.98,1,2,181.65,41.58,49.01,15.87,43.29,65.82,50.69,24.78,1,critical_care,<5_years,low,0,0,GSI only
V041,bm25,41.71,1,2,191.53,44.54,54.98,13.52,50.46,69.4,46.9,31.99,2,critical_care,<5_years,low,0,0,GSI only
V041,gdt,40.04,1,2,121.87,36.22,37.71,16.74,33.58,74.95,33.45,20.91,3,critical_care,<5_years,low,0,1,GSI only
V041,cma,43.17,1,2,134.08,39.78,41.56,9.46,39.33,77.02,42.5,28.82,4,critical_care,<5_years,low,0,1,GSI only
V042,control,63.96,1,3,196.11,48.82,59.9,21.3,49.45,61.54,60.01,40.74,1,internal_medicine,<5_years,low,0,0,GSI only
V042,cma,58.42,1,3,144.43,42.64,53.29,16.63,40.71,70.12,44.56,30.55,2,internal_medicine,<5_years,low,0,1,GSI only
V042,bm25,64.35,1,3,184.27,47.7,57.63,13.88,61.75,66.95,51.82,34.16,3,internal_medicine,<5_years,low,0,0,GSI only
V042,gdt,62.54,1,3,124.29,38.23,48.05,9.61,39.99,68.0,39.69,24.02,4,internal_medicine,<5_years,low,0,1,GSI only
V043,control,113.29,1,5,181.82,58.94,79.81,22.86,77.7,45.58,80.06,47.63,1,critical_care,<5_years,high,0,0,GSI only
V043,bm25,244.01,0,5,176.12,71.46,100.0,32.69,100.0,22.68,100.0,73.39,2,critical_care,<5_years,high,0,0,GSI only
V043,cma,98.11,1,5,148.24,49.51,65.96,18.83,52.76,58.22,63.21,38.1,3,critical_care,<5_years,high,0,1,GSI only
V043,gdt,91.29,1,5,119.97,44.85,58.98,13.06,53.87,62.88,52.62,27.69,4,critical_care,<5_years,high,0,1,GSI only
V044,bm25,119.16,1,5,187.67,57.45,79.61,18.37,83.61,42.34,75.11,45.66,1,critical_care,<5_years,high,0,0,GSI only
V044,gdt,93.86,1,5,118.46,43.57,60.26,11.8,49.76,64.33,45.94,29.35,2,critical_care,<5_years,high,0,1,GSI only
V044,cma,103.02,1,5,151.69,48.81,67.99,18.8,54.69,54.36,63.13,33.91,3,critical_care,<5_years,high,0,1,GSI only
V044,control,117.1,1,5,190.91,60.63,83.73,17.68,90.97,40.52,86.3,44.58,4,critical_care,<5_years,high,0,0,GSI only
V045,bm25,28.98,1,1,222.05,37.57,45.76,14.02,38.56,72.26,37.18,17.64,1,emergency,>=5_years,low,0,0,GSI only
V045,cma,21.72,1,1,122.13,30.18,38.34,0.0,25.77,74.84,26.3,15.83,2,emergency,>=5_years,low,0,1,GSI only
V045,control,26.99,1,1,172.06,39.05,46.48,5.86,40.67,76.82,39.22,25.24,3,emergency,>=5_years,low,0,0,GSI only
V045,gdt,20.36,1,1,130.39,30.12,32.59,11.36,18.98,80.69,23.56,13.55,4,emergency,>=5_years,low,0,1,GSI only
V046,bm25,44.45,1,2,202.88,43.7,57.5,12.36,46.43,67.7,50.49,27.74,1,emergency,<5_years,low,0,0,GSI only
V046,control,52.12,1,2,182.19,42.63,53.36,8.18,49.67,68.04,49.88,26.64,2,emergency,<5_years,low,0,0,GSI only
V046,cma,37.31,1,2,130.88,38.67,41.12,21.08,33.93,76.33,34.99,24.56,3,emergency,<5_years,low,0,1,GSI only
V046,gdt,38.33,1,2,125.02,32.33,35.2,16.94,26.05,70.46,34.33,11.01,4,emergency,<5_years,low,0,1,GSI only
V047,cma,97.25,1,5,155.56,48.6,66.09,17.37,57.2,55.9,58.76,36.3,1,hospital_medicine,<5_years,high,0,1,GSI only
V047,control,121.82,1,5,176.54,61.65,86.77,21.7,86.45,49.54,82.92,42.5,2,hospital_medicine,<5_years,high,0,0,GSI only
V047,bm25,110.32,1,5,191.18,58.75,80.64,18.92,77.75,51.05,79.95,44.21,3,hospital_medicine,<5_years,high,0,0,GSI only
V047,gdt,90.08,1,5,126.27,46.53,56.03,21.29,54.57,59.77,56.04,31.51,4,hospital_medicine,<5_years,high,0,1,GSI only
V048,cma,20.98,1,1,146.29,31.86,33.3,13.29,23.66,79.93,29.87,11.09,1,emergency,>=5_years,low,0,1,GSI only
V048,gdt,16.06,1,1,151.81,27.53,21.22,6.87,22.39,81.51,20.67,12.53,2,emergency,>=5_years,low,0,1,GSI only
V048,control,21.15,1,1,192.04,39.63,41.84,11.95,41.33,73.65,46.78,22.22,3,emergency,>=5_years,low,0,0,GSI only
V048,bm25,22.53,1,1,206.18,39.31,47.46,7.28,39.66,74.33,39.91,27.23,4,emergency,>=5_years,low,0,0,GSI only
V049,control,20.69,1,1,199.89,38.8,42.75,11.3,43.63,73.77,39.08,22.26,1,critical_care,<5_years,low,0,0,GSI only
V049,cma,22.93,1,1,189.26,34.76,39.75,11.73,28.15,87.25,27.45,14.21,2,critical_care,<5_years,low,0,1,GSI only
V049,gdt,25.27,1,1,144.72,31.2,26.93,10.43,26.77,84.43,25.64,12.99,3,critical_care,<5_years,low,0,1,GSI only
V049,bm25,20.11,1,1,200.91,37.8,42.91,9.98,41.42,71.54,35.13,25.85,4,critical_care,<5_years,low,0,0,GSI only
V050,control,90.81,1,4,190.75,56.95,72.97,24.46,64.73,62.4,71.97,45.18,1,internal_medicine,<5_years,high,0,0,GSI only
V050,bm25,96.83,1,4,191.13,54.43,72.71,19.71,70.17,57.42,65.1,41.48,2,internal_medicine,<5_years,high,0,0,GSI only
V050,gdt,76.41,1,4,125.94,42.12,55.08,13.75,43.13,64.38,45.16,31.24,3,internal_medicine,<5_years,high,0,1,GSI only
V050,cma,82.07,1,4,153.41,44.28,51.79,11.73,50.87,62.75,56.34,32.19,4,internal_medicine,<5_years,high,0,1,GSI only
V051,control,54.83,1,2,187.17,45.44,56.81,8.8,54.17,64.4,53.9,34.54,1,internal_medicine,>=5_years,low,0,0,GSI only
V051,gdt,36.44,1,2,115.08,33.07,34.89,11.98,29.52,78.21,25.99,17.86,2,internal_medicine,>=5_years,low,0,1,GSI only
V051,bm25,44.53,1,2,186.34,43.38,50.6,13.19,52.9,64.25,41.91,37.43,3,internal_medicine,>=5_years,low,0,0,GSI only
V051,cma,39.65,1,2,146.38,35.02,34.95,12.22,37.73,65.86,40.55,18.78,4,internal_medicine,>=5_years,low,0,1,GSI only
V052,control,115.27,1,5,192.99,59.82,79.3,20.73,78.22,49.35,88.98,42.32,1,emergency,<5_years,high,0,0,GSI only
V052,cma,105.4,1,5,156.98,50.51,65.46,16.82,55.77,57.86,72.97,34.21,2,emergency,<5_years,high,0,1,GSI only
V052,bm25,119.47,1,5,196.08,58.51,81.65,17.66,80.22,47.14,82.06,42.35,3,emergency,<5_years,high,0,0,GSI only
V052,gdt,91.9,1,5,119.11,43.55,55.92,11.09,54.18,61.15,50.13,28.85,4,emergency,<5_years,high,0,1,GSI only
V053,cma,78.02,1,4,144.28,49.31,57.11,17.58,61.83,66.59,62.32,30.42,1,hospital_medicine,>=5_years,high,0,1,GSI only
V053,bm25,93.47,1,4,187.26,53.94,65.84,16.85,70.3,56.77,70.51,43.37,2,hospital_medicine,>=5_years,high,0,0,GSI only
V053,gdt,76.81,1,4,138.59,43.78,50.32,16.27,46.88,71.93,44.48,32.82,3,hospital_medicine,>=5_years,high,0,1,GSI only
V053,control,92.33,1,4,196.47,51.44,76.84,11.6,68.33,44.52,65.14,42.19,4,hospital_medicine,>=5_years,high,0,0,GSI only
V054,cma,43.44,1,2,146.3,37.2,33.29,10.49,42.18,75.17,40.45,21.59,1,critical_care,>=5_years,low,0,1,GSI only
V054,bm25,42.5,1,2,178.44,43.6,48.9,19.24,41.76,70.06,50.05,31.59,2,critical_care,>=5_years,low,0,0,GSI only
V054,control,43.83,1,2,172.78,45.69,46.83,17.88,58.34,73.98,47.53,29.59,3,critical_care,>=5_years,low,0,0,GSI only
V054,gdt,38.59,1,2,131.59,31.69,30.45,8.73,32.22,71.92,31.27,15.55,4,critical_care,>=5_years,low,0,1,GSI only
V055,control,46.35,1,2,196.32,44.26,58.78,14.68,51.68,62.14,51.48,26.8,1,hospital_medicine,>=5_years,low,0,0,GSI only
V055,gdt,41.98,1,2,141.26,34.26,36.98,10.14,32.95,78.31,32.63,14.54,2,hospital_medicine,>=5_years,low,0,1,GSI only
V055,bm25,152.97,0,2,178.68,60.88,88.5,18.55,86.41,39.66,85.71,46.48,3,hospital_medicine,>=5_years,low,0,0,GSI only
V055,cma,43.68,1,2,137.29,37.13,40.47,13.68,35.4,76.65,33.41,23.14,4,hospital_medicine,>=5_years,low,0,1,GSI only
V056,control,73.34,1,3,184.99,48.72,62.21,12.79,62.98,56.25,57.96,40.1,1,internal_medicine,>=5_years,low,1,0,GSI only
V056,cma,60.97,1,3,146.93,40.02,46.25,12.51,46.13,63.87,44.24,27.11,2,internal_medicine,>=5_years,low,1,1,GSI only
V056,gdt,58.83,1,3,139.02,37.52,47.68,14.5,41.56,64.93,35.94,20.53,3,internal_medicine,>=5_years,low,1,1,GSI only
V056,bm25,72.97,1,3,182.84,49.76,73.14,21.5,57.72,55.53,59.72,30.96,4,internal_medicine,>=5_years,low,1,0,GSI only
V057,cma,40.56,1,2,155.77,35.11,37.66,6.46,35.59,72.14,40.15,18.69,1,hospital_medicine,>=5_years,low,0,1,GSI only
V057,gdt,37.39,1,2,148.45,31.83,29.87,8.27,31.41,75.89,31.12,14.43,2,hospital_medicine,>=5_years,low,0,1,GSI only
V057,bm25,46.69,1,2,177.01,45.89,52.7,13.7,55.71,67.83,54.57,30.82,3,hospital_medicine,>=5_years,low,0,0,GSI only
V057,control,45.01,1,2,207.14,42.88,51.83,13.58,48.79,56.17,55.85,31.09,4,hospital_medicine,>=5_years,low,0,0,GSI only
V058,cma,58.94,1,3,141.8,42.58,49.24,13.22,48.71,74.23,43.6,26.48,1,internal_medicine,<5_years,low,1,1,GSI only
V058,gdt,54.6,1,3,122.93,38.18,43.99,18.03,43.41,67.9,38.55,17.21,2,internal_medicine,<5_years,low,1,1,GSI only
V058,control,67.96,1,3,192.59,46.34,53.73,12.87,58.92,61.63,54.52,36.39,3,internal_medicine,<5_years,low,1,0,GSI only
V058,bm25,67.58,1,3,193.77,49.65,63.45,15.43,61.23,70.19,56.58,31.07,4,internal_medicine,<5_years,low,1,0,GSI only
V059,bm25,91.99,1,4,200.44,53.51,76.02,16.06,69.94,57.29,65.65,36.1,1,emergency,<5_years,high,1,0,GSI only
V059,gdt,80.88,1,4,122.14,42.99,55.08,17.32,45.64,62.28,47.65,29.95,2,emergency,<5_years,high,1,1,GSI only
V059,cma,78.98,1,4,148.4,42.32,57.61,8.18,40.31,63.66,57.24,26.93,3,emergency,<5_years,high,1,1,GSI only
V059,control,94.43,1,4,193.82,54.97,69.66,21.55,71.3,50.15,73.24,43.93,4,emergency,<5_years,high,1,0,GSI only
V060,cma,206.25,0,5,152.24,64.96,100.0,22.77,90.49,31.6,92.93,51.97,1,hospital_medicine,<5_years,high,0,1,GSI only
V060,bm25,113.57,1,5,197.82,59.5,88.73,23.44,75.09,47.28,76.81,45.68,2,hospital_medicine,<5_years,high,0,0,GSI only
V060,control,222.08,0,5,199.77,69.86,100.0,33.42,100.0,18.53,100.0,67.22,3,hospital_medicine,<5_years,high,0,0,GSI only
V060,gdt,193.15,0,5,124.26,60.23,93.07,18.26,80.28,34.26,86.0,49.53,4,hospital_medicine,<5_years,high,0,1,GSI only
V061,cma,81.17,1,4,154.25,45.76,64.55,10.51,48.12,62.0,62.06,27.3,1,hospital_medicine,>=5_years,high,0,1,GSI only
V061,gdt,76.31,1,4,137.51,45.79,50.07,24.11,52.65,68.74,51.46,27.73,2,hospital_medicine,>=5_years,high,0,1,GSI only
V061,control,107.88,1,4,198.08,57.85,79.83,23.65,74.64,48.11,79.3,41.6,3,hospital_medicine,>=5_years,high,0,0,GSI only
V061,bm25,92.95,1,4,189.67,54.09,69.35,16.57,72.11,55.43,68.65,42.42,4,hospital_medicine,>=5_years,high,0,0,GSI only
V062,bm25,66.66,1,3,161.4,49.65,63.88,16.15,60.31,59.33,61.36,36.85,1,internal_medicine,>=5_years,low,0,0,GSI only
V062,control,70.6,1,3,197.13,47.7,61.47,15.72,60.92,59.58,55.79,32.7,2,internal_medicine,>=5_years,low,0,0,GSI only
V062,gdt,54.99,1,3,135.41,39.87,42.93,9.1,42.48,76.13,43.28,25.32,3,internal_medicine,>=5_years,low,0,1,GSI only
V062,cma,54.86,1,3,151.96,37.14,48.39,1.74,38.35,69.75,42.22,22.39,4,internal_medicine,>=5_years,low,0,1,GSI only
V063,bm25,23.24,1,1,188.79,36.81,45.58,10.65,32.69,75.77,35.71,20.43,1,internal_medicine,<5_years,low,0,0,GSI only
V063,gdt,18.9,1,1,136.65,27.43,30.55,0.07,25.52,85.43,15.6,7.42,2,internal_medicine,<5_years,low,0,1,GSI only
V063,control,25.6,1,1,227.62,38.36,38.86,11.64,42.27,76.79,36.15,24.47,3,internal_medicine,<5_years,low,0,0,GSI only
V063,cma,18.94,1,1,142.49,29.89,29.76,9.84,23.81,70.64,29.22,16.08,4,internal_medicine,<5_years,low,0,1,GSI only
V064,cma,22.72,1,1,126.01,30.22,29.54,5.42,29.44,73.49,28.52,14.91,1,hospital_medicine,<5_years,low,0,1,GSI only
V064,bm25,21.4,1,1,186.74,37.15,37.21,8.66,40.01,70.48,45.66,20.88,2,hospital_medicine,<5_years,low,0,0,GSI only
V064,control,23.02,1,1,173.83,40.65,41.33,17.59,38.61,70.21,47.08,29.07,3,hospital_medicine,<5_years,low,0,0,GSI only
V064,gdt,18.64,1,1,126.31,30.47,30.07,8.75,23.61,84.35,26.26,9.81,4,hospital_medicine,<5_years,low,0,1,GSI only
V065,cma,106.55,1,5,152.11,48.8,67.16,20.4,49.46,56.38,61.67,37.73,1,critical_care,<5_years,high,0,1,GSI only
V065,bm25,118.97,1,5,182.34,57.71,79.46,18.34,77.01,47.21,78.32,45.9,2,critical_care,<5_years,high,0,0,GSI only
V065,gdt,97.86,1,5,123.57,44.97,64.65,17.84,47.41,52.51,53.03,34.4,3,critical_care,<5_years,high,0,1,GSI only
V065,control,116.55,1,5,176.3,59.68,76.43,18.03,78.5,47.62,84.1,53.39,4,critical_care,<5_years,high,0,0,GSI only
V066,bm25,25.39,1,1,189.8,39.4,42.11,18.97,46.99,68.21,37.79,22.35,1,critical_care,<5_years,low,0,0,GSI only
V066,gdt,18.85,1,1,148.58,31.94,32.88,6.78,22.99,82.74,28.17,18.09,2,critical_care,<5_years,low,0,1,GSI only
V066,cma,18.92,1,1,129.84,30.36,31.46,5.3,28.14,74.98,27.48,14.81,3,critical_care,<5_years,low,0,1,GSI only
V066,control,21.26,1,1,165.47,39.68,45.62,12.39,45.39,69.43,42.81,22.46,4,critical_care,<5_years,low,0,0,GSI only
V067,bm25,25.84,1,1,207.9,39.7,44.2,11.72,45.63,73.82,39.52,23.3,1,critical_care,<5_years,low,0,0,GSI only
V067,control,21.94,1,1,205.63,36.99,46.77,6.7,41.13,72.83,37.15,17.35,2,critical_care,<5_years,low,0,0,GSI only
V067,cma,19.7,1,1,158.43,31.68,28.37,12.87,32.66,77.95,21.34,16.87,3,critical_care,<5_years,low,0,1,GSI only
V067,gdt,15.98,1,1,140.42,27.73,20.95,7.07,19.76,88.57,23.04,7.01,4,critical_care,<5_years,low,0,1,GSI only
V068,bm25,173.12,0,3,193.54,63.35,94.03,26.54,84.67,35.21,87.05,52.58,1,emergency,<5_years,low,0,0,GSI only
V068,gdt,57.86,1,3,128.42,37.29,42.32,7.79,33.07,69.2,47.49,23.87,2,emergency,<5_years,low,0,1,GSI only
V068,control,66.78,1,3,180.88,46.31,67.14,13.5,53.08,54.38,53.39,36.34,3,emergency,<5_years,low,0,0,GSI only
V068,cma,60.44,1,3,147.51,37.85,46.37,15.95,42.89,59.18,41.42,21.31,4,emergency,<5_years,low,0,1,GSI only
V069,cma,57.83,1,3,154.72,39.34,49.2,14.27,37.7,69.43,45.75,19.68,1,hospital_medicine,<5_years,low,0,1,GSI only
V069,bm25,67.91,1,3,191.72,46.0,59.8,15.23,54.13,60.43,59.96,26.42,2,hospital_medicine,<5_years,low,0,0,GSI only
V069,control,65.58,1,3,196.24,48.11,66.7,14.8,55.11,64.78,56.63,30.61,3,hospital_medicine,<5_years,low,0,0,GSI only
V069,gdt,57.87,1,3,117.07,37.94,41.59,16.94,34.6,68.07,41.95,24.52,4,hospital_medicine,<5_years,low,0,1,GSI only
V070,cma,19.14,1,1,135.44,28.55,26.0,9.6,28.66,73.48,23.7,9.83,1,emergency,>=5_years,low,0,1,GSI only
V070,control,26.86,1,1,199.65,40.44,50.89,8.67,47.8,70.66,42.05,22.55,2,emergency,>=5_years,low,0,0,GSI only
V070,gdt,22.49,1,1,120.44,32.67,23.56,9.38,35.62,87.55,27.95,11.97,3,emergency,>=5_years,low,0,1,GSI only
V070,bm25,25.34,1,1,173.44,40.11,42.17,8.63,38.71,69.85,48.67,32.65,4,emergency,>=5_years,low,0,0,GSI only
V071,cma,171.33,0,3,155.44,59.86,84.21,21.57,80.16,39.64,86.05,47.54,1,internal_medicine,>=5_years,low,0,1,GSI only
V071,bm25,168.66,0,3,201.36,66.21,89.86,28.83,89.33,38.37,89.75,61.09,2,internal_medicine,>=5_years,low,0,0,GSI only
V071,control,170.18,0,3,203.64,66.93,96.44,23.57,92.56,41.34,94.91,52.75,3,internal_medicine,>=5_years,low,0,0,GSI only
V071,gdt,56.73,1,3,127.89,37.91,45.86,14.5,32.09,66.42,41.42,27.2,4,internal_medicine,>=5_years,low,0,1,GSI only
V072,cma,83.41,1,4,155.55,46.61,61.06,12.51,53.46,65.05,61.25,26.31,1,internal_medicine,<5_years,high,1,1,GSI only
V072,control,87.14,1,4,206.61,55.31,73.12,24.69,70.67,57.0,64.88,41.51,2,internal_medicine,<5_years,high,1,0,GSI only
V072,gdt,79.32,1,4,123.34,44.65,55.67,10.27,59.11,67.1,48.97,26.8,3,internal_medicine,<5_years,high,1,1,GSI only
V072,bm25,94.37,1,4,201.14,54.59,72.74,13.51,68.47,56.34,72.97,43.49,4,internal_medicine,<5_years,high,1,0,GSI only
V073,cma,58.26,1,3,144.48,42.36,52.49,16.1,49.98,67.99,47.18,20.4,1,critical_care,<5_years,low,0,1,GSI only
V073,control,68.1,1,3,184.2,50.39,61.33,19.06,58.6,63.05,65.66,34.66,2,critical_care,<5_years,low,0,0,GSI only
V073,bm25,68.29,1,3,180.72,47.84,59.09,16.19,57.03,56.23,60.85,37.65,3,critical_care,<5_years,low,0,0,GSI only
V073,gdt,57.15,1,3,127.64,39.59,44.41,17.09,36.37,70.01,38.4,31.27,4,critical_care,<5_years,low,0,1,GSI only
V074,cma,101.77,1,5,152.65,50.87,71.28,13.39,64.82,56.41,62.89,36.44,1,emergency,<5_years,high,0,1,GSI only
V074,control,125.47,1,5,200.84,63.56,86.51,28.35,83.95,52.55,82.28,47.72,2,emergency,<5_years,high,0,0,GSI only
V074,gdt,99.45,1,5,136.34,44.59,60.14,17.19,47.96,58.67,55.73,27.84,3,emergency,<5_years,high,0,1,GSI only
V074,bm25,109.74,1,5,197.97,58.5,78.84,25.54,75.26,46.8,76.69,47.86,4,emergency,<5_years,high,0,0,GSI only
V075,bm25,46.25,1,2,209.02,45.16,57.73,8.49,51.45,61.97,56.44,34.91,1,hospital_medicine,<5_years,low,0,0,GSI only
V075,control,49.74,1,2,177.91,48.38,52.73,18.4,54.19,70.48,54.71,39.77,2,hospital_medicine,<5_years,low,0,0,GSI only
V075,cma,39.94,1,2,159.19,35.46,35.56,4.48,38.45,77.62,33.95,22.71,3,hospital_medicine,<5_years,low,0,1,GSI only
V075,gdt,41.43,1,2,133.61,32.66,39.82,5.02,28.99,75.93,32.32,13.91,4,hospital_medicine,<5_years,low,0,1,GSI only
V076,control,105.58,1,5,173.99,56.57,77.89,17.46,76.43,51.13,74.3,42.19,1,emergency,<5_years,high,0,0,GSI only
V076,gdt,100.58,1,5,129.25,46.97,61.06,20.99,56.48,57.89,52.89,32.53,2,emergency,<5_years,high,0,1,GSI only
V076,bm25,115.89,1,5,193.94,59.71,85.56,12.28,84.5,48.77,82.37,44.77,3,emergency,<5_years,high,0,0,GSI only
V076,cma,101.46,1,5,147.44,50.38,64.03,18.64,64.19,51.92,71.12,32.37,4,emergency,<5_years,high,0,1,GSI only
V077,gdt,21.44,1,1,139.14,26.84,17.13,8.78,20.48,80.58,25.21,8.89,1,hospital_medicine,<5_years,low,0,1,GSI only
V077,control,20.58,1,1,201.5,40.32,46.37,20.25,40.65,70.02,42.52,22.15,2,hospital_medicine,<5_years,low,0,0,GSI only
V077,cma,21.0,1,1,154.74,32.07,28.87,11.24,25.93,82.82,26.35,17.21,3,hospital_medicine,<5_years,low,0,1,GSI only
V077,bm25,28.03,1,1,143.5,39.68,45.19,9.62,50.99,73.12,36.62,22.55,4,hospital_medicine,<5_years,low,0,0,GSI only
V078,control,66.46,1,3,186.62,47.73,61.62,13.91,61.28,64.12,56.31,29.15,1,internal_medicine,<5_years,low,0,0,GSI only
V078,cma,61.79,1,3,146.73,42.63,48.77,15.16,40.86,70.37,54.46,26.18,2,internal_medicine,<5_years,low,0,1,GSI only
V078,bm25,72.32,1,3,177.88,48.88,65.04,12.84,62.72,57.36,64.25,31.08,3,internal_medicine,<5_years,low,0,0,GSI only
V078,gdt,55.9,1,3,131.58,37.19,37.57,11.16,40.71,76.89,39.01,17.78,4,internal_medicine,<5_years,low,0,1,GSI only
V079,gdt,16.33,1,1,116.48,31.08,23.31,5.75,22.78,87.99,30.52,16.14,1,hospital_medicine,<5_years,low,0,1,GSI only
V079,cma,18.28,1,1,136.53,30.5,26.88,7.57,24.28,80.28,27.51,16.49,2,hospital_medicine,<5_years,low,0,1,GSI only
V079,bm25,20.89,1,1,187.56,36.32,43.96,7.12,33.38,74.21,36.98,22.27,3,hospital_medicine,<5_years,low,0,0,GSI only
V079,control,28.24,1,1,187.82,37.93,42.93,10.64,39.73,70.39,42.27,21.63,4,hospital_medicine,<5_years,low,0,0,GSI only
V080,cma,38.34,1,2,149.34,34.13,36.02,7.72,33.17,72.83,37.92,17.15,1,hospital_medicine,>=5_years,low,0,1,GSI only
V080,control,50.31,1,2,181.1,44.84,63.72,15.35,46.05,65.26,50.0,28.63,2,hospital_medicine,>=5_years,low,0,0,GSI only
V080,gdt,36.71,1,2,125.65,34.64,28.95,15.69,30.3,78.11,36.35,18.43,3,hospital_medicine,>=5_years,low,0,1,GSI only
V080,bm25,154.07,0,2,198.86,63.85,91.76,27.43,82.69,36.79,88.53,55.88,4,hospital_medicine,>=5_years,low,0,0,GSI only
V081,gdt,44.94,1,2,125.33,35.13,29.97,13.51,30.75,78.62,37.15,20.76,1,internal_medicine,>=5_years,low,1,1,GSI only
V081,control,48.06,1,2,201.62,41.96,45.79,7.94,48.55,70.95,52.18,26.35,2,internal_medicine,>=5_years,low,1,0,GSI only
V081,bm25,49.94,1,2,185.78,42.68,50.35,4.83,56.79,66.64,54.29,23.19,3,internal_medicine,>=5_years,low,1,0,GSI only
V081,cma,38.73,1,2,144.63,36.58,46.42,7.13,37.46,75.71,33.71,19.06,4,internal_medicine,>=5_years,low,1,1,GSI only
V082,cma,76.66,1,4,148.09,42.87,46.43,14.94,48.22,64.96,56.54,26.15,1,critical_care,<5_years,high,0,1,GSI only
V082,control,98.26,1,4,191.54,53.02,72.14,7.83,72.5,46.54,77.49,41.63,2,critical_care,<5_years,high,0,0,GSI only
V082,bm25,91.78,1,4,189.48,54.58,69.36,22.32,65.1,58.16,71.17,41.38,3,critical_care,<5_years,high,0,0,GSI only
V082,gdt,81.95,1,4,131.74,40.98,52.55,15.42,41.15,58.46,51.27,27.02,4,critical_care,<5_years,high,0,1,GSI only
V083,gdt,81.63,1,4,124.79,45.62,59.47,17.94,51.33,61.81,53.72,29.44,1,hospital_medicine,<5_years,high,0,1,GSI only
V083,bm25,86.48,1,4,200.4,55.05,71.15,16.63,65.65,63.12,77.22,36.54,2,hospital_medicine,<5_years,high,0,0,GSI only
V083,control,95.9,1,4,181.01,54.93,72.34,23.53,70.16,53.15,67.87,42.49,3,hospital_medicine,<5_years,high,0,0,GSI only
V083,cma,83.22,1,4,142.9,47.68,61.07,20.59,49.7,62.97,58.76,33.01,4,hospital_medicine,<5_years,high,0,1,GSI only
V084,cma,67.41,1,3,152.89,41.61,55.02,16.77,43.65,64.31,51.0,18.92,1,hospital_medicine,<5_years,high,2,1,GSI only
V084,control,68.84,1,3,185.75,48.36,61.82,17.26,57.0,58.56,62.94,32.59,2,hospital_medicine,<5_years,high,2,0,GSI only
V084,bm25,71.31,1,3,182.26,48.52,62.82,21.13,59.74,59.89,56.24,31.3,3,hospital_medicine,<5_years,high,2,0,GSI only
V084,gdt,55.21,1,3,139.32,41.61,42.63,16.57,39.64,75.15,48.55,27.14,4,hospital_medicine,<5_years,high,2,1,GSI only
V085,gdt,78.35,1,4,132.49,42.64,51.9,18.43,45.04,62.68,52.12,25.65,1,emergency,<5_years,high,1,1,GSI only
V085,bm25,88.95,1,4,193.75,55.15,75.4,19.85,64.91,54.98,75.03,40.73,2,emergency,<5_years,high,1,0,GSI only
V085,cma,82.05,1,4,148.22,45.01,56.41,16.75,46.67,65.35,56.73,28.15,3,emergency,<5_years,high,1,1,GSI only
V085,control,84.41,1,4,190.85,51.82,74.72,15.22,65.84,56.86,65.48,32.81,4,emergency,<5_years,high,1,0,GSI only
V086,bm25,21.86,1,1,174.63,35.74,36.11,11.51,34.88,70.19,42.18,19.55,1,hospital_medicine,>=5_years,low,0,0,GSI only
V086,cma,20.32,1,1,176.21,34.6,37.4,16.56,30.96,84.38,26.19,12.11,2,hospital_medicine,>=5_years,low,0,1,GSI only
V086,control,19.93,1,1,165.93,38.79,44.95,0.92,42.37,76.98,40.3,27.23,3,hospital_medicine,>=5_years,low,0,0,GSI only
V086,gdt,21.59,1,1,159.95,29.26,22.93,10.1,18.68,89.55,27.52,6.76,4,hospital_medicine,>=5_years,low,0,1,GSI only
V087,gdt,21.24,1,1,114.54,28.03,28.11,4.29,19.91,79.98,23.64,12.28,1,critical_care,<5_years,low,0,1,GSI only
V087,bm25,24.25,1,1,201.58,36.8,36.94,10.42,39.9,71.52,38.79,23.22,2,critical_care,<5_years,low,0,0,GSI only
V087,control,27.32,1,1,221.02,38.95,43.28,8.38,42.85,73.69,43.18,22.34,3,critical_care,<5_years,low,0,0,GSI only
V087,cma,18.06,1,1,152.62,30.63,29.91,7.44,26.39,78.8,24.47,16.77,4,critical_care,<5_years,low,0,1,GSI only
V088,control,119.93,1,5,185.76,61.65,81.42,21.48,82.02,44.4,88.46,52.16,1,internal_medicine,>=5_years,high,0,0,GSI only
V088,bm25,114.22,1,5,192.46,58.9,82.82,27.9,78.9,44.73,76.6,42.42,2,internal_medicine,>=5_years,high,0,0,GSI only
V088,cma,97.64,1,5,140.41,51.88,65.3,20.85,66.28,59.92,66.39,32.56,3,internal_medicine,>=5_years,high,0,1,GSI only
V088,gdt,97.94,1,5,135.45,48.36,63.75,17.81,51.21,64.37,61.78,31.27,4,internal_medicine,>=5_years,high,0,1,GSI only
V089,bm25,22.73,1,1,176.47,39.36,35.13,13.48,40.64,71.94,45.15,29.8,1,hospital_medicine,>=5_years,low,0,0,GSI only
V089,control,22.5,1,1,175.03,38.56,44.11,14.56,41.05,72.16,36.32,23.14,2,hospital_medicine,>=5_years,low,0,0,GSI only
V089,gdt,17.15,1,1,126.05,28.91,24.13,9.55,24.59,78.98,26.59,9.64,3,hospital_medicine,>=5_years,low,0,1,GSI only
V089,cma,19.12,1,1,152.93,28.93,24.99,9.33,26.59,77.64,24.2,10.82,4,hospital_medicine,>=5_years,low,0,1,GSI only
V090,gdt,59.72,1,3,125.04,36.15,40.96,8.45,37.86,66.21,40.72,22.69,1,emergency,>=5_years,low,0,1,GSI only
V090,cma,59.7,1,3,153.79,42.21,51.64,7.91,46.02,74.89,54.13,18.68,2,emergency,>=5_years,low,0,1,GSI only
V090,control,62.77,1,3,204.23,47.82,63.72,15.01,53.72,62.55,61.02,30.92,3,emergency,>=5_years,low,0,0,GSI only
V090,bm25,64.26,1,3,176.6,46.74,58.46,14.14,58.58,57.58,55.46,36.2,4,emergency,>=5_years,low,0,0,GSI only
V091,bm25,72.23,1,3,195.23,45.13,58.96,11.81,54.44,53.17,59.02,33.37,1,emergency,>=5_years,low,0,0,GSI only
V091,cma,56.78,1,3,150.95,41.32,42.68,16.41,44.68,70.48,43.3,30.33,2,emergency,>=5_years,low,0,1,GSI only
V091,control,71.06,1,3,184.49,50.29,60.61,23.25,56.77,60.89,61.38,38.85,3,emergency,>=5_years,low,0,0,GSI only
V091,gdt,54.81,1,3,132.13,40.06,45.0,20.86,34.5,75.71,40.8,23.48,4,emergency,>=5_years,low,0,1,GSI only
V092,cma,17.49,1,1,133.03,33.67,32.78,9.88,25.49,86.91,33.11,13.86,1,critical_care,<5_years,low,0,1,GSI only
V092,control,22.7,1,1,237.54,40.87,40.68,15.24,45.67,69.38,45.81,28.42,2,critical_care,<5_years,low,0,0,GSI only
V092,gdt,22.14,1,1,122.6,28.86,25.7,2.08,17.2,88.84,22.98,16.35,3,critical_care,<5_years,low,0,1,GSI only
V092,bm25,22.24,1,1,166.76,40.41,45.8,8.11,40.32,79.41,42.66,26.18,4,critical_care,<5_years,low,0,0,GSI only
V093,cma,106.84,1,5,150.73,53.14,67.69,18.29,64.63,57.16,74.08,36.99,1,hospital_medicine,>=5_years,high,0,1,GSI only
V093,gdt,90.97,1,5,119.09,46.2,58.04,19.19,49.46,61.61,60.23,28.65,2,hospital_medicine,>=5_years,high,0,1,GSI only
V093,bm25,115.95,1,5,199.78,58.58,82.76,21.62,76.35,46.13,78.17,46.45,3,hospital_medicine,>=5_years,high,0,0,GSI only
V093,control,114.53,1,5,203.24,58.14,82.61,19.44,78.01,46.67,73.47,48.62,4,hospital_medicine,>=5_years,high,0,0,GSI only
V094,cma,82.21,1,4,143.73,43.33,49.17,22.94,50.96,61.12,51.21,24.6,1,internal_medicine,<5_years,high,0,1,GSI only
V094,control,94.19,1,4,181.59,55.73,73.54,20.17,71.49,51.14,77.34,40.69,2,internal_medicine,<5_years,high,0,0,GSI only
V094,gdt,81.55,1,4,131.37,41.54,58.41,13.87,49.4,64.06,48.02,15.46,3,internal_medicine,<5_years,high,0,1,GSI only
V094,bm25,86.41,1,4,190.73,51.36,61.25,19.8,66.19,57.49,61.91,41.51,4,internal_medicine,<5_years,high,0,0,GSI only
V095,cma,20.5,1,1,142.14,32.03,39.33,7.65,26.2,78.33,24.01,16.66,1,internal_medicine,>=5_years,low,0,1,GSI only
V095,control,27.07,1,1,189.52,38.11,39.43,18.27,38.47,68.19,39.79,24.52,2,internal_medicine,>=5_years,low,0,0,GSI only
V095,gdt,17.73,1,1,151.83,29.23,19.32,10.81,26.0,82.53,28.04,8.69,3,internal_medicine,>=5_years,low,0,1,GSI only
V095,bm25,20.82,1,1,206.25,39.88,48.72,11.68,41.97,69.22,40.44,27.24,4,internal_medicine,>=5_years,low,0,0,GSI only
V096,bm25,50.79,1,2,198.3,42.74,54.19,12.75,47.19,62.8,47.97,31.53,1,critical_care,>=5_years,low,0,0,GSI only
V096,cma,39.98,1,2,129.2,36.61,40.66,9.07,38.89,78.36,35.55,17.12,2,critical_care,>=5_years,low,0,1,GSI only
V096,gdt,40.41,1,2,118.7,35.32,34.3,11.34,34.87,68.92,36.39,26.08,3,critical_care,>=5_years,low,0,1,GSI only
V096,control,49.85,1,2,197.0,43.02,55.38,11.51,53.73,67.43,44.3,25.78,4,critical_care,>=5_years,low,0,0,GSI only
V097,control,24.69,1,1,202.9,38.67,43.34,11.62,41.98,69.89,39.8,25.42,1,internal_medicine,>=5_years,low,0,0,GSI only
V097,bm25,21.8,1,1,210.09,38.3,36.11,10.03,36.75,67.75,45.47,33.7,2,internal_medicine,>=5_years,low,0,0,GSI only
V097,gdt,17.75,1,1,113.44,29.47,30.34,10.02,19.41,82.03,26.34,8.69,3,internal_medicine,>=5_years,low,0,1,GSI only
V097,cma,22.35,1,1,114.04,31.51,30.09,9.06,28.82,76.04,25.59,19.43,4,internal_medicine,>=5_years,low,0,1,GSI only
V098,control,85.37,1,4,176.8,54.19,76.93,17.01,69.03,53.48,71.7,36.97,1,internal_medicine,<5_years,high,0,0,GSI only
V098,bm25,94.81,1,4,187.67,54.37,73.94,19.58,76.94,48.29,66.19,41.26,2,internal_medicine,<5_years,high,0,0,GSI only
V098,cma,85.28,1,4,147.68,45.46,55.47,15.76,49.71,63.81,56.11,31.89,3,internal_medicine,<5_years,high,0,1,GSI only
V098,gdt,78.97,1,4,126.57,44.58,50.28,16.54,47.42,66.26,52.68,34.32,4,internal_medicine,<5_years,high,0,1,GSI only
V099,control,42.47,1,2,174.96,44.03,47.9,16.1,45.19,71.6,49.92,33.47,1,internal_medicine,<5_years,low,0,0,GSI only
V099,bm25,49.6,1,2,173.92,47.78,55.18,18.03,51.53,67.69,55.81,38.44,2,internal_medicine,<5_years,low,0,0,GSI only
V099,gdt,37.0,1,2,125.12,31.58,37.65,4.34,29.32,70.67,30.61,16.86,3,internal_medicine,<5_years,low,0,1,GSI only
V099,cma,37.67,1,2,157.13,39.58,45.79,17.52,40.21,80.61,31.17,22.19,4,internal_medicine,<5_years,low,0,1,GSI only
V100,bm25,75.28,1,3,192.32,49.29,64.46,14.74,63.25,58.25,58.11,36.96,1,emergency,<5_years,low,0,0,GSI only
V100,gdt,56.2,1,3,149.26,36.25,38.46,11.69,36.54,69.49,41.44,19.87,2,emergency,<5_years,low,0,1,GSI only
V100,control,73.04,1,3,192.66,51.28,61.48,16.05,60.84,60.37,66.94,42.0,3,emergency,<5_years,low,0,0,GSI only
V100,cma,57.17,1,3,134.87,39.51,46.36,10.38,41.31,66.61,43.25,29.17,4,emergency,<5_years,low,0,1,GSI only
V101,control,89.89,1,4,195.44,53.95,74.87,21.0,61.36,59.86,67.31,39.28,1,internal_medicine,<5_years,high,0,0,GSI only
V101,cma,79.55,1,4,144.54,45.68,53.65,17.83,57.07,63.61,52.22,29.69,2,internal_medicine,<5_years,high,0,1,GSI only
V101,gdt,72.97,1,4,123.35,40.08,43.46,10.0,43.81,67.83,54.1,21.27,3,internal_medicine,<5_years,high,0,1,GSI only
V101,bm25,91.01,1,4,180.28,58.03,71.75,21.46,71.27,58.15,76.91,48.63,4,internal_medicine,<5_years,high,0,0,GSI only
V102,gdt,17.93,1,1,121.5,28.15,26.36,10.44,16.86,80.0,23.17,12.08,1,internal_medicine,<5_years,low,0,1,GSI only
V102,bm25,139.14,0,1,222.95,59.44,82.99,21.83,78.23,53.27,75.57,44.75,2,internal_medicine,<5_years,low,0,0,GSI only
V102,cma,23.75,1,1,129.1,30.47,30.81,7.81,26.03,74.13,27.65,16.38,3,internal_medicine,<5_years,low,0,1,GSI only
V102,control,26.87,1,1,187.17,39.42,53.83,4.62,40.59,75.32,40.44,21.74,4,internal_medicine,<5_years,low,0,0,GSI only
V103,bm25,300.0,0,5,207.16,70.57,100.0,32.33,100.0,6.52,100.0,84.58,1,internal_medicine,<5_years,high,0,0,GSI only
V103,control,300.0,0,5,197.72,74.06,100.0,38.29,100.0,17.36,100.0,88.72,2,internal_medicine,<5_years,high,0,0,GSI only
V103,cma,300.0,0,5,142.12,69.5,100.0,30.29,100.0,18.71,100.0,67.98,3,internal_medicine,<5_years,high,0,1,GSI only
V103,gdt,206.5,0,5,129.65,64.32,95.52,25.76,84.75,33.98,93.34,52.59,4,internal_medicine,<5_years,high,0,1,GSI only
V104,control,25.9,1,1,153.52,39.0,41.49,5.41,45.37,71.81,46.8,23.14,1,internal_medicine,>=5_years,low,0,0,GSI only
V104,gdt,18.43,1,1,127.61,30.24,25.93,7.18,24.25,80.8,32.98,10.29,2,internal_medicine,>=5_years,low,0,1,GSI only
V104,bm25,22.98,1,1,227.63,39.87,37.02,11.91,41.34,76.31,47.44,25.22,3,internal_medicine,>=5_years,low,0,0,GSI only
V104,cma,18.79,1,1,141.69,29.28,27.72,7.96,21.46,79.24,25.99,13.29,4,internal_medicine,>=5_years,low,0,1,GSI only
V105,cma,39.77,1,2,149.62,35.26,37.36,10.72,32.09,78.63,36.09,16.68,1,emergency,>=5_years,low,0,1,GSI only
V105,gdt,37.75,1,2,124.52,32.39,34.5,11.46,25.41,81.14,24.25,17.6,2,emergency,>=5_years,low,0,1,GSI only
V105,control,47.27,1,2,183.8,44.8,55.8,17.09,42.5,64.63,55.36,33.4,3,emergency,>=5_years,low,0,0,GSI only
V105,bm25,50.57,1,2,172.68,45.78,50.46,8.69,49.88,68.09,56.32,41.22,4,emergency,>=5_years,low,0,0,GSI only
V106,control,198.21,0,4,195.29,70.35,100.0,27.78,99.3,36.43,100.0,58.61,1,internal_medicine,<5_years,high,0,0,GSI only
V106,cma,179.18,0,4,130.51,62.36,92.19,19.6,83.71,40.17,87.54,50.99,2,internal_medicine,<5_years,high,0,1,GSI only
V106,bm25,206.06,0,4,208.22,71.57,100.0,31.27,100.0,30.3,100.0,67.85,3,internal_medicine,<5_years,high,0,0,GSI only
V106,gdt,79.52,1,4,132.54,43.78,54.68,21.1,50.98,64.45,53.73,17.74,4,internal_medicine,<5_years,high,0,1,GSI only
V107,control,29.03,1,1,215.67,40.35,44.87,16.76,44.64,66.65,41.67,27.51,1,emergency,>=5_years,low,0,0,GSI only
V107,cma,19.45,1,1,159.32,35.49,42.06,8.83,31.51,84.61,26.73,19.2,2,emergency,>=5_years,low,0,1,GSI only
V107,gdt,19.18,1,1,143.6,31.07,30.68,8.43,24.39,84.34,25.94,12.62,3,emergency,>=5_years,low,0,1,GSI only
V107,bm25,25.29,1,1,165.76,40.51,47.69,13.53,37.84,73.6,43.81,26.58,4,emergency,>=5_years,low,0,0,GSI only
V108,gdt,57.16,1,3,129.08,35.65,46.51,3.58,38.76,71.22,31.76,22.07,1,critical_care,>=5_years,low,0,1,GSI only
V108,bm25,63.66,1,3,177.71,46.31,61.91,9.65,53.19,62.74,58.81,31.55,2,critical_care,>=5_years,low,0,0,GSI only
V108,cma,56.87,1,3,147.4,39.73,40.97,16.97,37.05,67.4,46.91,29.08,3,critical_care,>=5_years,low,0,1,GSI only
V108,control,72.45,1,3,175.68,51.48,69.6,17.54,57.47,60.97,64.81,38.51,4,critical_care,>=5_years,low,0,0,GSI only
V109,cma,59.07,1,3,143.49,39.33,44.7,19.36,42.04,67.0,41.66,21.23,1,emergency,>=5_years,low,0,1,GSI only
V109,bm25,61.28,1,3,194.36,47.03,61.65,15.48,56.95,56.56,58.57,32.95,2,emergency,>=5_years,low,0,0,GSI only
V109,control,71.32,1,3,177.17,49.23,63.81,17.99,62.6,53.51,58.11,39.37,3,emergency,>=5_years,low,0,0,GSI only
V109,gdt,57.28,1,3,107.55,35.97,38.92,9.93,34.43,73.5,37.0,22.05,4,emergency,>=5_years,low,0,1,GSI only
V110,cma,60.03,1,3,141.38,39.95,49.19,7.44,45.81,64.78,50.81,21.68,1,internal_medicine,>=5_years,low,0,1,GSI only
V110,bm25,65.24,1,3,205.89,48.16,59.32,18.67,57.47,58.64,62.06,32.78,2,internal_medicine,>=5_years,low,0,0,GSI only
V110,gdt,60.86,1,3,124.71,38.03,36.29,12.69,38.82,71.36,48.96,20.03,3,internal_medicine,>=5_years,low,0,1,GSI only
V110,control,74.4,1,3,168.5,48.66,64.33,14.12,54.06,63.63,63.24,32.55,4,internal_medicine,>=5_years,low,0,0,GSI only
V111,gdt,35.83,1,2,126.18,34.07,35.32,8.13,30.2,72.16,38.25,20.37,1,internal_medicine,<5_years,low,0,1,GSI only
V111,cma,36.04,1,2,148.27,33.28,37.94,7.88,19.1,71.23,38.96,24.59,2,internal_medicine,<5_years,low,0,1,GSI only
V111,bm25,52.48,1,2,181.75,44.44,57.26,18.63,53.44,64.89,44.74,27.68,3,internal_medicine,<5_years,low,0,0,GSI only
V111,control,43.12,1,2,194.62,41.65,60.55,11.5,44.83,55.56,46.89,30.55,4,internal_medicine,<5_years,low,0,0,GSI only
V112,bm25,89.39,1,4,189.21,52.09,63.26,15.63,70.42,51.33,68.9,43.02,1,internal_medicine,>=5_years,high,0,0,GSI only
V112,gdt,84.71,1,4,127.9,43.62,53.6,12.05,52.4,64.2,54.5,24.99,2,internal_medicine,>=5_years,high,0,1,GSI only
V112,cma,87.78,1,4,139.85,48.54,64.68,8.66,60.07,67.63,58.63,31.54,3,internal_medicine,>=5_years,high,0,1,GSI only
V112,control,92.5,1,4,187.42,56.93,74.05,23.58,77.17,49.87,72.56,44.33,4,internal_medicine,>=5_years,high,0,0,GSI only
V113,cma,40.72,1,2,132.95,34.57,31.09,10.0,34.49,72.43,37.03,22.39,1,critical_care,>=5_years,low,0,1,GSI only
V113,gdt,36.75,1,2,133.9,30.38,36.47,13.9,16.09,71.1,28.45,16.25,2,critical_care,>=5_years,low,0,1,GSI only
V113,bm25,44.39,1,2,190.98,40.06,47.81,7.52,49.51,68.54,40.5,26.5,3,critical_care,>=5_years,low,0,0,GSI only
V113,control,44.86,1,2,213.34,42.97,49.42,12.88,48.25,68.73,48.77,29.76,4,critical_care,>=5_years,low,0,0,GSI only
V114,control,94.24,1,4,184.08,55.94,75.32,27.9,68.68,50.38,65.96,47.41,1,hospital_medicine,>=5_years,high,0,0,GSI only
V114,bm25,101.0,1,4,192.5,57.03,77.66,18.73,76.54,54.24,70.71,44.3,2,hospital_medicine,>=5_years,high,0,0,GSI only
V114,cma,76.19,1,4,142.76,47.07,57.25,15.35,54.78,66.95,59.53,28.58,3,hospital_medicine,>=5_years,high,0,1,GSI only
V114,gdt,75.48,1,4,122.57,42.5,52.1,14.36,42.58,67.67,55.07,23.25,4,hospital_medicine,>=5_years,high,0,1,GSI only
V115,gdt,93.05,1,5,144.75,46.88,60.89,15.82,55.46,66.13,57.19,25.79,1,internal_medicine,<5_years,high,2,1,GSI only
V115,control,118.61,1,5,198.36,61.74,87.7,21.23,80.55,45.95,82.73,52.29,2,internal_medicine,<5_years,high,2,0,GSI only
V115,bm25,122.2,1,5,202.09,58.99,79.92,25.52,81.97,45.38,75.97,45.18,3,internal_medicine,<5_years,high,2,0,GSI only
V115,cma,103.76,1,5,144.59,50.16,67.16,14.34,54.19,58.22,67.62,39.42,4,internal_medicine,<5_years,high,2,1,GSI only
V116,cma,42.56,1,2,161.42,37.18,40.1,13.52,36.49,73.39,39.16,20.4,1,hospital_medicine,<5_years,low,0,1,GSI only
V116,bm25,46.36,1,2,197.07,44.36,52.94,11.91,46.31,61.42,57.41,36.16,2,hospital_medicine,<5_years,low,0,0,GSI only
V116,control,47.81,1,2,173.12,43.29,49.63,10.09,51.62,69.53,52.22,26.65,3,hospital_medicine,<5_years,low,0,0,GSI only
V116,gdt,37.33,1,2,131.82,35.38,35.98,8.42,33.65,75.38,36.86,21.98,4,hospital_medicine,<5_years,low,0,1,GSI only
V117,bm25,114.68,1,5,169.14,59.64,78.09,18.48,75.86,54.54,84.78,46.12,1,hospital_medicine,>=5_years,high,3,0,GSI only
V117,cma,102.27,1,5,144.73,49.43,64.34,18.04,65.04,58.48,59.56,31.15,2,hospital_medicine,>=5_years,high,3,1,GSI only
V117,control,106.79,1,5,218.09,58.55,80.91,19.05,77.53,43.28,78.62,51.94,3,hospital_medicine,>=5_years,high,3,0,GSI only
V117,gdt,94.21,1,5,126.43,46.76,62.84,15.16,48.66,62.44,59.62,31.85,4,hospital_medicine,>=5_years,high,3,1,GSI only
V118,control,96.59,1,4,197.84,54.74,71.93,21.17,72.69,50.77,67.29,44.61,1,critical_care,>=5_years,high,1,0,GSI only
V118,gdt,72.45,1,4,126.62,38.56,47.51,6.96,38.91,62.85,48.92,26.19,2,critical_care,>=5_years,high,1,1,GSI only
V118,bm25,93.28,1,4,183.2,54.57,69.76,20.21,68.91,49.86,69.92,48.75,3,critical_care,>=5_years,high,1,0,GSI only
V118,cma,80.04,1,4,134.01,44.51,62.44,8.78,49.92,62.74,51.57,31.64,4,critical_care,>=5_years,high,1,1,GSI only
V119,bm25,61.65,1,3,179.06,47.41,59.71,15.06,57.37,63.28,52.88,36.16,1,critical_care,>=5_years,low,0,0,GSI only
V119,control,68.76,1,3,172.26,48.81,63.84,13.86,64.84,60.44,58.44,31.42,2,critical_care,>=5_years,low,0,0,GSI only
V119,gdt,54.35,1,3,129.04,35.36,46.77,6.07,37.86,61.89,44.69,14.87,3,critical_care,>=5_years,low,0,1,GSI only
V119,cma,54.02,1,3,141.47,37.61,38.55,12.35,40.11,64.01,44.77,25.9,4,critical_care,>=5_years,low,0,1,GSI only
V120,control,72.45,1,3,191.6,48.99,62.39,9.16,61.36,62.7,69.04,29.27,1,critical_care,<5_years,low,0,0,GSI only
V120,gdt,56.27,1,3,133.5,38.19,43.09,8.53,36.7,75.47,43.27,22.09,2,critical_care,<5_years,low,0,1,GSI only
V120,bm25,75.45,1,3,213.18,47.87,60.12,12.79,58.51,56.46,58.61,40.72,3,critical_care,<5_years,low,0,0,GSI only
V120,cma,59.11,1,3,146.67,39.71,48.76,14.37,37.96,69.75,44.98,22.42,4,critical_care,<5_years,low,0,1,GSI only
V121,cma,57.76,1,3,135.55,40.72,50.86,12.28,40.96,71.41,43.86,24.96,1,critical_care,>=5_years,low,0,1,GSI only
V121,bm25,65.01,1,3,189.88,46.78,58.07,11.82,53.0,61.59,64.45,31.78,2,critical_care,>=5_years,low,0,0,GSI only
V121,control,69.3,1,3,196.89,48.83,62.01,14.18,57.22,65.58,51.59,42.4,3,critical_care,>=5_years,low,0,0,GSI only
V121,gdt,58.83,1,3,117.38,40.47,45.51,4.56,43.65,75.79,46.91,26.4,4,critical_care,>=5_years,low,0,1,GSI only
V122,bm25,117.87,1,5,189.17,59.26,83.56,22.75,80.23,44.37,82.61,42.03,1,internal_medicine,>=5_years,high,0,0,GSI only
V122,control,121.36,1,5,182.71,58.2,76.97,15.26,75.61,43.36,88.96,49.02,2,internal_medicine,>=5_years,high,0,0,GSI only
V122,cma,107.12,1,5,133.11,49.47,66.37,10.82,71.17,49.5,60.02,38.91,3,internal_medicine,>=5_years,high,0,1,GSI only
V122,gdt,89.27,1,5,125.42,44.84,55.49,19.59,50.27,57.72,54.57,31.42,4,internal_medicine,>=5_years,high,0,1,GSI only
V123,cma,104.61,1,5,150.69,48.53,63.65,27.68,54.48,56.73,57.74,30.89,1,emergency,>=5_years,high,0,1,GSI only
V123,gdt,97.49,1,5,137.68,49.1,66.0,19.6,58.58,60.25,57.99,32.15,2,emergency,>=5_years,high,0,1,GSI only
V123,control,116.46,1,5,184.45,59.36,79.97,25.97,77.31,47.47,77.43,48.0,3,emergency,>=5_years,high,0,0,GSI only
V123,bm25,115.88,1,5,180.13,61.16,83.04,22.88,78.63,49.51,85.66,47.27,4,emergency,>=5_years,high,0,0,GSI only
V124,bm25,94.6,1,4,192.32,57.41,71.76,24.73,77.28,55.61,75.9,39.16,1,internal_medicine,<5_years,high,0,0,GSI only
V124,control,97.1,1,4,170.0,55.53,72.52,21.36,75.54,51.52,69.53,42.71,2,internal_medicine,<5_years,high,0,0,GSI only
V124,cma,83.07,1,4,149.5,41.86,49.31,16.81,47.89,62.18,51.75,23.22,3,internal_medicine,<5_years,high,0,1,GSI only
V124,gdt,80.6,1,4,126.77,41.24,52.6,11.98,45.54,62.23,52.03,23.09,4,internal_medicine,<5_years,high,0,1,GSI only
V125,bm25,71.34,1,3,173.86,50.3,56.73,17.03,61.9,60.96,66.12,39.04,1,hospital_medicine,<5_years,low,0,0,GSI only
V125,cma,58.47,1,3,134.06,40.67,41.42,14.44,42.62,71.07,50.06,24.39,2,hospital_medicine,<5_years,low,0,1,GSI only
V125,gdt,55.17,1,3,137.79,38.18,39.45,18.48,40.2,69.56,37.68,23.73,3,hospital_medicine,<5_years,low,0,1,GSI only
V125,control,70.1,1,3,203.7,49.18,60.93,23.67,59.61,52.45,59.77,38.64,4,hospital_medicine,<5_years,low,0,0,GSI only
V126,control,70.12,1,3,177.74,45.49,50.48,10.81,59.16,60.44,60.17,31.86,1,internal_medicine,>=5_years,low,1,0,GSI only
V126,bm25,73.45,1,3,192.99,51.32,64.01,12.71,60.0,63.75,64.79,42.68,2,internal_medicine,>=5_years,low,1,0,GSI only
V126,gdt,55.03,1,3,134.21,36.6,36.98,15.18,40.27,67.72,33.77,25.66,3,internal_medicine,>=5_years,low,1,1,GSI only
V126,cma,68.53,1,3,150.8,42.32,54.67,14.96,49.96,58.76,47.58,28.01,4,internal_medicine,>=5_years,low,1,1,GSI only
V127,cma,15.07,1,1,164.89,30.86,32.85,3.8,27.26,81.69,21.26,18.32,1,emergency,>=5_years,low,0,1,GSI only
V127,gdt,18.89,1,1,118.38,26.41,19.99,4.56,18.01,77.65,25.63,12.65,2,emergency,>=5_years,low,0,1,GSI only
V127,bm25,24.88,1,1,224.51,43.05,41.16,14.65,49.05,80.25,47.98,25.19,3,emergency,>=5_years,low,0,0,GSI only
V127,control,22.0,1,1,204.06,34.79,40.79,7.84,41.31,63.81,38.13,16.84,4,emergency,>=5_years,low,0,0,GSI only
V128,gdt,63.03,1,3,122.55,38.83,37.7,13.9,40.17,71.33,43.33,26.58,1,emergency,<5_years,low,0,1,GSI only
V128,control,75.85,1,3,206.9,47.03,56.94,14.42,55.43,65.73,59.2,30.45,2,emergency,<5_years,low,0,0,GSI only
V128,bm25,70.69,1,3,204.73,49.83,57.59,22.87,61.89,54.22,62.32,40.09,3,emergency,<5_years,low,0,0,GSI only
V128,cma,62.37,1,3,147.41,41.2,45.82,11.79,44.87,74.8,46.87,23.03,4,emergency,<5_years,low,0,1,GSI only
V129,gdt,35.18,1,2,140.04,31.33,36.21,10.88,26.4,69.87,31.56,13.07,1,emergency,<5_years,low,0,1,GSI only
V129,cma,40.19,1,2,141.98,38.22,45.92,12.49,34.94,81.65,39.62,14.68,2,emergency,<5_years,low,0,1,GSI only
V129,control,49.12,1,2,189.6,44.64,54.82,12.67,49.01,66.45,54.74,30.14,3,emergency,<5_years,low,0,0,GSI only
V129,bm25,45.63,1,2,189.06,44.59,60.92,11.77,48.81,65.92,49.3,30.84,4,emergency,<5_years,low,0,0,GSI only
V130,bm25,24.65,1,1,165.37,37.41,42.12,3.58,38.25,70.98,48.3,21.25,1,emergency,>=5_years,low,0,0,GSI only
V130,gdt,14.98,1,1,137.38,25.97,20.45,1.42,13.99,86.1,21.86,11.98,2,emergency,>=5_years,low,0,1,GSI only
V130,control,21.22,1,1,240.21,39.7,44.64,5.97,39.31,77.26,43.41,27.61,3,emergency,>=5_years,low,0,0,GSI only
V130,cma,21.6,1,1,118.54,28.41,31.65,0.0,24.42,81.32,22.69,10.41,4,emergency,>=5_years,low,0,1,GSI only
V131,bm25,19.79,1,1,205.86,38.07,42.5,7.11,36.51,76.23,41.07,25.02,1,internal_medicine,<5_years,low,0,0,GSI only
V131,gdt,17.91,1,1,138.38,29.43,30.39,6.11,15.05,88.33,25.94,10.75,2,internal_medicine,<5_years,low,0,1,GSI only
V131,control,21.72,1,1,167.56,38.32,40.08,6.93,32.1,75.63,47.09,28.08,3,internal_medicine,<5_years,low,0,0,GSI only
V131,cma,17.68,1,1,130.01,29.92,35.25,5.66,25.02,83.69,25.44,4.48,4,internal_medicine,<5_years,low,0,1,GSI only
V132,gdt,93.5,1,5,133.2,46.91,58.0,26.11,50.43,61.29,53.23,32.42,1,emergency,<5_years,high,0,1,GSI only
V132,control,109.72,1,5,189.64,58.05,77.16,20.28,78.99,43.65,83.53,44.68,2,emergency,<5_years,high,0,0,GSI only
V132,bm25,125.93,1,5,199.13,61.52,82.76,26.66,82.86,45.26,77.73,53.88,3,emergency,<5_years,high,0,0,GSI only
V132,cma,95.57,1,5,150.95,50.31,58.91,25.29,57.36,62.37,57.83,40.08,4,emergency,<5_years,high,0,1,GSI only
V133,gdt,77.92,1,4,129.98,42.2,52.67,14.48,41.26,65.72,49.24,29.84,1,critical_care,<5_years,high,2,1,GSI only
V133,cma,83.67,1,4,146.9,45.12,67.44,9.8,47.18,55.23,57.68,33.41,2,critical_care,<5_years,high,2,1,GSI only
V133,bm25,93.35,1,4,187.67,54.71,71.16,20.77,69.88,56.72,68.23,41.49,3,critical_care,<5_years,high,2,0,GSI only
V133,control,84.63,1,4,192.58,54.16,76.82,17.07,68.0,53.27,67.39,42.43,4,critical_care,<5_years,high,2,0,GSI only
V134,bm25,20.92,1,1,174.18,41.4,43.82,11.87,39.94,75.46,45.48,31.8,1,critical_care,>=5_years,low,0,0,GSI only
V134,gdt,18.3,1,1,150.89,27.72,21.35,3.23,20.43,82.43,24.02,14.88,2,critical_care,>=5_years,low,0,1,GSI only
V134,cma,24.66,1,1,161.27,36.9,34.99,11.2,35.26,82.21,37.79,19.93,3,critical_care,>=5_years,low,0,1,GSI only
V134,control,19.83,1,1,156.64,37.51,41.81,12.75,35.13,73.96,40.69,20.7,4,critical_care,>=5_years,low,0,0,GSI only
V135,control,123.14,1,5,186.71,60.46,82.07,22.21,79.09,46.88,84.46,48.08,1,emergency,<5_years,high,0,0,GSI only
V135,bm25,112.29,1,5,191.75,60.93,80.09,25.17,82.11,49.04,79.43,49.72,2,emergency,<5_years,high,0,0,GSI only
V135,gdt,95.12,1,5,119.85,48.22,62.6,18.6,54.67,63.32,59.57,30.55,3,emergency,<5_years,high,0,1,GSI only
V135,cma,96.25,1,5,131.57,48.35,65.59,16.66,55.44,60.31,57.68,34.45,4,emergency,<5_years,high,0,1,GSI only
V136,cma,55.67,1,3,144.45,38.34,43.01,12.89,42.62,67.96,40.88,22.68,1,internal_medicine,<5_years,low,0,1,GSI only
V136,control,71.63,1,3,192.22,48.97,60.81,13.89,64.82,56.32,61.11,36.86,2,internal_medicine,<5_years,low,0,0,GSI only
V136,gdt,50.62,1,3,109.96,36.63,40.75,5.96,38.36,76.79,34.25,23.7,3,internal_medicine,<5_years,low,0,1,GSI only
V136,bm25,66.25,1,3,189.78,47.02,61.24,15.21,59.1,58.85,54.72,33.01,4,internal_medicine,<5_years,low,0,0,GSI only
V137,control,48.2,1,2,186.55,41.82,52.58,13.37,49.13,59.18,45.89,30.74,1,emergency,<5_years,low,0,0,GSI only
V137,gdt,40.0,1,2,124.81,32.99,32.72,9.33,28.91,77.78,31.62,17.59,2,emergency,<5_years,low,0,1,GSI only
V137,cma,37.24,1,2,150.51,34.89,34.99,12.2,31.91,78.68,36.47,15.11,3,emergency,<5_years,low,0,1,GSI only
V137,bm25,55.22,1,2,170.99,44.47,60.86,5.74,45.62,67.22,55.1,32.25,4,emergency,<5_years,low,0,0,GSI only
V138,cma,18.46,1,1,177.33,32.38,32.58,13.77,28.97,85.72,28.09,5.12,1,emergency,<5_years,low,0,1,GSI only
V138,control,22.59,1,1,173.87,39.16,44.29,13.17,32.82,76.31,46.08,22.32,2,emergency,<5_years,low,0,0,GSI only
V138,bm25,22.03,1,1,186.78,39.47,45.29,17.24,45.87,67.3,39.65,21.46,3,emergency,<5_years,low,0,0,GSI only
V138,gdt,15.05,1,1,134.67,27.18,22.33,13.01,20.75,76.32,28.48,2.19,4,emergency,<5_years,low,0,1,GSI only
V139,bm25,113.14,1,5,177.13,55.56,77.48,17.78,77.33,43.29,77.06,40.45,1,emergency,<5_years,high,0,0,GSI only
V139,gdt,99.04,1,5,127.18,45.26,57.3,10.79,56.55,53.76,61.32,31.86,2,emergency,<5_years,high,0,1,GSI only
V139,control,113.13,1,5,195.91,58.79,78.89,17.12,76.31,50.53,79.5,50.38,3,emergency,<5_years,high,0,0,GSI only
V139,cma,103.73,1,5,133.7,51.2,64.4,19.03,61.6,58.22,65.11,38.86,4,emergency,<5_years,high,0,1,GSI only
V140,bm25,23.43,1,1,179.08,38.5,43.51,5.28,51.15,66.41,42.41,22.24,1,critical_care,>=5_years,low,0,0,GSI only
V140,gdt,22.63,1,1,117.95,25.85,23.76,0.0,19.24,77.21,24.55,10.35,2,critical_care,>=5_years,low,0,1,GSI only
V140,cma,18.79,1,1,147.42,30.3,28.1,4.37,27.88,79.51,26.57,15.4,3,critical_care,>=5_years,low,0,1,GSI only
V140,control,22.63,1,1,209.34,39.93,48.03,16.08,37.84,72.92,36.61,28.08,4,critical_care,>=5_years,low,0,0,GSI only
V141,gdt,83.53,1,4,133.9,40.27,42.74,14.46,49.11,57.14,48.76,29.41,1,internal_medicine,<5_years,high,0,1,GSI only
V141,bm25,95.46,1,4,189.72,54.33,70.5,13.16,73.71,47.52,72.53,48.55,2,internal_medicine,<5_years,high,0,0,GSI only
V141,control,86.94,1,4,194.69,50.27,65.44,21.28,63.89,52.48,63.3,35.23,3,internal_medicine,<5_years,high,0,0,GSI only
V141,cma,81.07,1,4,141.23,45.97,51.87,15.9,57.6,61.87,56.32,32.25,4,internal_medicine,<5_years,high,0,1,GSI only
V142,gdt,18.51,1,1,110.93,25.23,21.51,0.0,17.66,77.38,21.38,13.42,1,hospital_medicine,>=5_years,low,0,1,GSI only
V142,cma,19.28,1,1,144.06,29.74,27.25,7.47,19.92,77.1,30.92,15.77,2,hospital_medicine,>=5_years,low,0,1,GSI only
V142,control,25.28,1,1,180.31,39.86,40.71,12.1,44.75,73.22,39.72,28.68,3,hospital_medicine,>=5_years,low,0,0,GSI only
V142,bm25,27.0,1,1,157.1,36.48,44.38,7.52,40.26,65.61,41.36,19.75,4,hospital_medicine,>=5_years,low,0,0,GSI only
V143,control,126.98,0,1,190.36,54.56,72.94,29.51,67.02,44.4,71.65,41.85,1,internal_medicine,>=5_years,low,0,0,GSI only
V143,cma,122.09,0,1,139.7,46.95,63.5,18.3,56.86,54.61,57.52,30.93,2,internal_medicine,>=5_years,low,0,1,GSI only
V143,gdt,18.13,1,1,128.53,28.78,20.58,12.85,20.74,83.04,26.89,8.58,3,internal_medicine,>=5_years,low,0,1,GSI only
V143,bm25,20.76,1,1,156.38,38.61,47.87,1.01,42.85,73.63,43.74,22.56,4,internal_medicine,>=5_years,low,0,0,GSI only
V144,cma,43.1,1,2,157.99,36.15,40.11,12.97,36.8,72.84,38.14,16.03,1,hospital_medicine,<5_years,low,0,1,GSI only
V144,bm25,147.67,0,2,180.29,61.14,82.2,24.1,75.56,42.44,85.08,57.45,2,hospital_medicine,<5_years,low,0,0,GSI only
V144,control,49.07,1,2,189.08,41.88,44.2,4.38,52.8,61.05,54.8,34.03,3,hospital_medicine,<5_years,low,0,0,GSI only
V144,gdt,41.58,1,2,125.7,33.38,33.17,8.45,31.66,75.4,36.95,14.66,4,hospital_medicine,<5_years,low,0,1,GSI only
V145,gdt,20.32,1,1,131.95,26.73,19.95,8.38,17.72,80.12,24.12,10.12,1,emergency,<5_years,low,0,1,GSI only
V145,bm25,21.52,1,1,167.03,39.8,43.39,11.22,40.03,72.95,49.83,21.39,2,emergency,<5_years,low,0,0,GSI only
V145,cma,21.18,1,1,133.24,32.8,35.1,14.43,31.62,73.89,26.98,14.78,3,emergency,<5_years,low,0,1,GSI only
V145,control,21.81,1,1,204.36,35.83,41.31,9.03,37.7,73.18,39.28,14.48,4,emergency,<5_years,low,0,0,GSI only
V146,bm25,21.48,1,1,187.58,39.05,46.72,7.98,42.17,70.01,41.0,26.41,1,hospital_medicine,>=5_years,low,0,0,GSI only
V146,control,23.78,1,1,190.57,39.57,43.26,17.03,37.83,69.13,45.56,24.6,2,hospital_medicine,>=5_years,low,0,0,GSI only
V146,gdt,18.73,1,1,158.86,29.75,21.51,11.4,21.64,87.8,27.06,9.11,3,hospital_medicine,>=5_years,low,0,1,GSI only
V146,cma,19.93,1,1,131.27,29.33,22.48,12.46,26.01,76.84,26.27,11.91,4,hospital_medicine,>=5_years,low,0,1,GSI only
V147,bm25,91.08,1,4,189.28,53.69,72.44,15.85,69.09,50.19,73.44,41.15,1,internal_medicine,<5_years,high,0,0,GSI only
V147,cma,84.73,1,4,131.45,49.22,59.11,19.6,55.46,70.09,55.02,36.06,2,internal_medicine,<5_years,high,0,1,GSI only
V147,control,86.5,1,4,192.68,52.75,69.02,13.82,66.79,54.69,71.3,40.88,3,internal_medicine,<5_years,high,0,0,GSI only
V147,gdt,83.7,1,4,131.49,41.83,48.8,18.86,45.95,61.22,50.55,25.64,4,internal_medicine,<5_years,high,0,1,GSI only
V148,cma,21.45,1,1,154.22,30.95,27.58,7.8,34.99,79.15,25.76,10.44,1,internal_medicine,<5_years,low,0,1,GSI only
V148,bm25,28.86,1,1,179.5,36.76,47.36,5.75,33.77,73.06,35.04,25.61,2,internal_medicine,<5_years,low,0,0,GSI only
V148,gdt,17.06,1,1,114.57,30.28,28.16,4.84,25.23,82.64,30.81,10.0,3,internal_medicine,<5_years,low,0,1,GSI only
V148,control,21.84,1,1,156.28,37.23,46.42,10.65,30.11,72.22,37.97,26.03,4,internal_medicine,<5_years,low,0,0,GSI only
V149,gdt,20.89,1,1,136.19,25.97,18.59,3.47,21.21,80.15,20.71,11.67,1,critical_care,<5_years,low,0,1,GSI only
V149,bm25,22.1,1,1,206.0,38.81,44.11,9.51,39.46,73.14,39.51,27.14,2,critical_care,<5_years,low,0,0,GSI only
V149,control,21.82,1,1,193.73,36.28,39.02,9.36,36.34,76.95,33.52,22.48,3,critical_care,<5_years,low,0,0,GSI only
V149,cma,18.64,1,1,147.41,30.25,25.62,11.69,22.53,78.95,28.84,13.85,4,critical_care,<5_years,low,0,1,GSI only
V150,gdt,61.7,1,3,123.99,40.12,44.3,17.52,39.06,73.36,39.72,26.77,1,hospital_medicine,<5_years,low,1,1,GSI only
V150,bm25,68.75,1,3,187.95,48.33,62.31,15.54,57.01,59.76,57.45,37.94,2,hospital_medicine,<5_years,low,1,0,GSI only
V150,control,75.35,1,3,197.04,49.84,59.58,12.34,66.12,65.27,60.39,35.36,3,hospital_medicine,<5_years,low,1,0,GSI only
V150,cma,60.88,1,3,157.44,37.93,46.38,10.73,40.07,67.42,45.56,17.44,4,hospital_medicine,<5_years,low,1,1,GSI only
V151,gdt,93.3,1,5,131.09,45.42,58.01,18.18,55.02,57.57,56.99,26.75,1,emergency,<5_years,high,1,1,GSI only
V151,control,117.98,1,5,185.93,58.53,85.3,18.56,78.05,54.91,74.11,40.27,2,emergency,<5_years,high,1,0,GSI only
V151,bm25,118.55,1,5,200.02,60.55,81.07,19.96,80.16,48.67,87.08,46.35,3,emergency,<5_years,high,1,0,GSI only
V151,cma,96.64,1,5,148.87,51.15,70.76,20.31,62.85,62.17,58.53,32.26,4,emergency,<5_years,high,1,1,GSI only
V152,bm25,47.7,1,2,167.12,42.34,51.81,8.49,48.87,64.83,48.73,31.28,1,internal_medicine,<5_years,low,0,0,GSI only
V152,control,46.46,1,2,192.14,44.78,47.48,12.35,47.73,66.23,54.84,40.07,2,internal_medicine,<5_years,low,0,0,GSI only
V152,gdt,39.18,1,2,122.89,35.17,33.94,8.53,33.05,81.26,36.17,18.08,3,internal_medicine,<5_years,low,0,1,GSI only
V152,cma,41.32,1,2,151.96,37.1,40.01,11.63,37.1,79.72,35.44,18.7,4,internal_medicine,<5_years,low,0,1,GSI only
V153,gdt,93.44,1,5,125.36,44.8,55.5,16.29,53.14,65.27,45.65,32.96,1,hospital_medicine,>=5_years,high,0,1,GSI only
V153,bm25,126.08,1,5,191.74,59.78,85.27,22.53,80.5,36.74,85.29,48.32,2,hospital_medicine,>=5_years,high,0,0,GSI only
V153,cma,99.72,1,5,156.61,49.63,60.32,24.61,59.81,60.37,60.28,32.36,3,hospital_medicine,>=5_years,high,0,1,GSI only
V153,control,118.95,1,5,174.8,60.36,78.26,24.45,84.11,48.6,82.35,44.39,4,hospital_medicine,>=5_years,high,0,0,GSI only
V154,cma,101.34,1,5,147.55,50.29,66.35,22.54,61.77,52.88,62.02,36.17,1,critical_care,<5_years,high,0,1,GSI only
V154,control,120.71,1,5,185.29,60.46,83.48,19.57,74.29,47.9,85.07,52.45,2,critical_care,<5_years,high,0,0,GSI only
V154,gdt,96.16,1,5,136.93,46.59,61.23,15.15,56.54,61.41,58.28,26.93,3,critical_care,<5_years,high,0,1,GSI only
V154,bm25,121.37,1,5,187.8,62.61,84.98,15.17,79.58,50.76,86.5,58.67,4,critical_care,<5_years,high,0,0,GSI only
V155,bm25,77.37,1,3,182.53,49.91,65.45,13.29,58.72,58.81,67.74,35.44,1,internal_medicine,>=5_years,high,2,0,GSI only
V155,control,74.57,1,3,190.94,48.51,60.26,15.43,63.55,57.55,61.12,33.12,2,internal_medicine,>=5_years,high,2,0,GSI only
V155,cma,63.76,1,3,140.28,41.84,44.46,13.89,43.53,72.06,48.18,28.94,3,internal_medicine,>=5_years,high,2,1,GSI only
V155,gdt,60.51,1,3,134.96,36.44,42.0,3.99,36.21,71.26,47.45,17.75,4,internal_medicine,>=5_years,high,2,1,GSI only
V156,cma,39.21,1,2,175.91,35.01,40.7,10.72,34.41,72.31,33.6,18.35,1,critical_care,<5_years,low,0,1,GSI only
V156,bm25,50.91,1,2,193.2,46.8,58.46,16.68,59.5,61.0,56.57,28.6,2,critical_care,<5_years,low,0,0,GSI only
V156,control,41.26,1,2,197.27,45.3,51.21,17.59,52.45,71.3,50.94,28.3,3,critical_care,<5_years,low,0,0,GSI only
V156,gdt,36.28,1,2,144.04,35.22,39.23,11.6,32.1,84.99,32.09,11.32,4,critical_care,<5_years,low,0,1,GSI only
V157,control,90.72,1,4,186.16,52.87,70.64,19.61,69.48,48.95,66.45,42.06,1,hospital_medicine,>=5_years,high,0,0,GSI only
V157,cma,81.28,1,4,145.89,41.67,53.87,5.56,45.2,60.16,60.62,24.59,2,hospital_medicine,>=5_years,high,0,1,GSI only
V157,bm25,88.89,1,4,196.93,54.84,71.12,7.33,70.19,63.06,69.55,47.75,3,hospital_medicine,>=5_years,high,0,0,GSI only
V157,gdt,76.82,1,4,124.3,40.99,48.24,11.95,51.66,61.93,48.78,23.39,4,hospital_medicine,>=5_years,high,0,1,GSI only
V158,cma,37.5,1,2,147.11,36.84,47.56,7.13,35.25,73.81,34.83,22.44,1,critical_care,>=5_years,low,0,1,GSI only
V158,gdt,35.17,1,2,139.37,32.01,34.29,3.1,25.06,80.86,35.35,13.39,2,critical_care,>=5_years,low,0,1,GSI only
V158,bm25,44.08,1,2,159.39,43.26,49.31,13.64,47.86,63.07,50.63,35.06,3,critical_care,>=5_years,low,0,0,GSI only
V158,control,38.35,1,2,179.27,39.71,45.74,5.09,41.3,69.52,47.81,28.79,4,critical_care,>=5_years,low,0,0,GSI only
V159,cma,100.2,1,5,149.01,48.24,63.39,15.7,55.33,59.96,67.0,28.04,1,critical_care,>=5_years,high,0,1,GSI only
V159,bm25,120.83,1,5,184.82,60.89,76.97,18.87,82.98,57.64,81.98,46.93,2,critical_care,>=5_years,high,0,0,GSI only
V159,control,119.38,1,5,185.58,64.17,88.64,26.37,87.31,46.66,84.54,51.53,3,critical_care,>=5_years,high,0,0,GSI only
V159,gdt,94.48,1,5,128.3,44.69,62.37,11.99,51.76,54.82,56.56,30.63,4,critical_care,>=5_years,high,0,1,GSI only
V160,cma,60.34,1,3,152.81,40.17,45.53,14.91,47.69,66.62,45.85,20.39,1,hospital_medicine,<5_years,low,0,1,GSI only
V160,control,59.8,1,3,185.56,48.29,62.04,16.55,58.44,61.76,54.21,36.71,2,hospital_medicine,<5_years,low,0,0,GSI only
V160,gdt,60.55,1,3,133.36,37.23,43.12,7.36,42.61,69.03,42.51,18.76,3,hospital_medicine,<5_years,low,0,1,GSI only
V160,bm25,70.73,1,3,203.15,51.38,65.76,20.56,59.66,59.28,62.32,40.69,4,hospital_medicine,<5_years,low,0,0,GSI only
V161,gdt,98.74,1,5,127.79,47.09,63.6,10.37,49.47,63.64,58.37,37.07,1,internal_medicine,<5_years,high,2,1,GSI only
V161,bm25,116.61,1,5,185.07,58.66,80.05,20.44,78.98,39.25,82.31,50.92,2,internal_medicine,<5_years,high,2,0,GSI only
V161,control,123.8,1,5,195.33,61.84,89.97,23.69,81.96,46.23,85.12,44.07,3,internal_medicine,<5_years,high,2,0,GSI only
V161,cma,96.15,1,5,160.48,52.07,68.95,16.33,59.98,62.54,62.87,41.75,4,internal_medicine,<5_years,high,2,1,GSI only
V162,gdt,95.52,1,5,126.53,45.36,61.43,9.94,51.43,58.44,60.19,30.75,1,emergency,>=5_years,high,0,1,GSI only
V162,control,113.11,1,5,188.1,60.51,80.91,23.71,78.53,47.21,80.16,52.53,2,emergency,>=5_years,high,0,0,GSI only
V162,cma,96.93,1,5,145.82,48.21,57.8,21.07,51.66,58.26,63.98,36.5,3,emergency,>=5_years,high,0,1,GSI only
V162,bm25,118.08,1,5,182.36,61.1,88.48,31.43,77.91,45.68,84.69,38.41,4,emergency,>=5_years,high,0,0,GSI only
V163,gdt,53.95,1,3,127.35,38.54,37.1,14.35,44.39,72.68,41.22,21.51,1,emergency,>=5_years,high,2,1,GSI only
V163,control,68.53,1,3,187.19,48.91,63.9,9.73,60.92,59.79,63.24,35.9,2,emergency,>=5_years,high,2,0,GSI only
V163,bm25,77.84,1,3,176.55,50.63,63.3,19.0,57.94,62.96,63.78,36.81,3,emergency,>=5_years,high,2,0,GSI only
V163,cma,62.4,1,3,142.36,39.53,53.08,9.37,43.16,64.29,47.99,19.31,4,emergency,>=5_years,high,2,1,GSI only
V164,gdt,100.49,1,5,128.0,48.63,62.59,19.87,51.99,58.04,57.73,41.58,1,critical_care,<5_years,high,2,1,GSI only
V164,cma,104.89,1,5,149.58,51.94,69.85,19.57,67.44,56.11,61.96,36.68,2,critical_care,<5_years,high,2,1,GSI only
V164,bm25,103.11,1,5,198.99,58.12,74.3,21.8,70.59,60.84,72.14,49.03,3,critical_care,<5_years,high,2,0,GSI only
V164,control,121.32,1,5,195.64,62.49,86.37,31.18,80.99,44.9,77.63,53.89,4,critical_care,<5_years,high,2,0,GSI only
V165,cma,16.27,1,1,162.58,31.62,26.69,9.66,25.87,78.35,30.45,18.68,1,emergency,<5_years,low,0,1,GSI only
V165,bm25,21.99,1,1,149.01,38.66,45.89,9.67,38.41,68.4,40.86,28.74,2,emergency,<5_years,low,0,0,GSI only
V165,gdt,17.13,1,1,121.15,28.95,26.63,3.62,21.01,80.73,30.14,11.56,3,emergency,<5_years,low,0,1,GSI only
V165,control,26.94,1,1,202.28,41.64,44.95,10.94,50.19,69.66,45.14,29.0,4,emergency,<5_years,low,0,0,GSI only
V166,control,97.41,1,4,186.98,52.32,67.86,17.5,69.33,54.1,64.85,40.27,1,internal_medicine,<5_years,high,2,0,GSI only
V166,cma,79.81,1,4,159.46,47.31,56.7,14.24,54.74,70.05,50.48,37.63,2,internal_medicine,<5_years,high,2,1,GSI only
V166,gdt,78.23,1,4,124.99,42.82,50.01,14.49,47.1,69.67,49.46,26.19,3,internal_medicine,<5_years,high,2,1,GSI only
V166,bm25,93.34,1,4,195.81,52.78,64.31,25.04,64.82,57.49,66.92,38.12,4,internal_medicine,<5_years,high,2,0,GSI only
V167,bm25,66.22,1,3,193.32,48.0,62.99,9.16,56.65,64.62,63.05,31.51,1,critical_care,<5_years,low,0,0,GSI only
V167,cma,69.76,1,3,137.88,41.74,50.42,13.35,44.37,68.21,49.81,24.3,2,critical_care,<5_years,low,0,1,GSI only
V167,gdt,55.99,1,3,125.84,36.41,43.75,8.63,39.97,70.45,37.28,18.36,3,critical_care,<5_years,low,0,1,GSI only
V167,control,67.13,1,3,193.14,50.19,63.98,15.64,59.33,59.13,64.81,38.23,4,critical_care,<5_years,low,0,0,GSI only
V168,cma,38.65,1,2,150.92,36.75,40.81,14.98,30.25,76.88,45.37,12.19,1,emergency,>=5_years,low,0,1,GSI only
V168,control,48.97,1,2,205.09,45.81,57.95,14.39,53.34,70.71,49.72,28.76,2,emergency,>=5_years,low,0,0,GSI only
V168,gdt,42.59,1,2,121.27,33.86,31.58,14.21,35.72,74.21,28.36,19.06,3,emergency,>=5_years,low,0,1,GSI only
V168,bm25,47.8,1,2,163.96,44.43,58.07,15.34,53.32,64.9,45.84,29.12,4,emergency,>=5_years,low,0,0,GSI only
V169,cma,19.41,1,1,109.17,31.87,22.55,16.24,25.75,79.09,26.4,21.16,1,critical_care,>=5_years,low,0,1,GSI only
V169,gdt,17.37,1,1,127.24,29.0,26.69,11.41,20.13,79.85,31.97,3.93,2,critical_care,>=5_years,low,0,1,GSI only
V169,bm25,20.53,1,1,173.69,37.93,43.33,8.48,39.22,68.35,43.1,25.1,3,critical_care,>=5_years,low,0,0,GSI only
V169,control,22.57,1,1,234.72,38.08,39.98,13.25,34.35,78.09,33.12,29.71,4,critical_care,>=5_years,low,0,0,GSI only
V170,gdt,20.9,1,1,113.04,31.34,23.23,13.49,24.16,81.71,27.13,18.31,1,critical_care,<5_years,low,0,1,GSI only
V170,cma,20.41,1,1,136.02,32.82,25.22,8.09,28.62,86.8,34.52,13.66,2,critical_care,<5_years,low,0,1,GSI only
V170,control,22.63,1,1,162.03,41.31,48.32,12.89,38.96,83.15,42.64,21.91,3,critical_care,<5_years,low,0,0,GSI only
V170,bm25,24.77,1,1,200.2,39.21,40.61,10.38,39.24,74.66,40.78,29.56,4,critical_care,<5_years,low,0,0,GSI only
V171,cma,38.19,1,2,150.33,35.45,37.02,14.68,34.46,71.64,36.95,17.93,1,internal_medicine,<5_years,low,0,1,GSI only
V171,gdt,37.58,1,2,132.91,33.56,30.23,9.98,26.56,77.86,32.93,23.8,2,internal_medicine,<5_years,low,0,1,GSI only
V171,bm25,46.51,1,2,181.28,43.02,42.2,11.51,44.37,69.73,56.5,33.83,3,internal_medicine,<5_years,low,0,0,GSI only
V171,control,46.44,1,2,191.25,43.48,45.79,6.2,56.04,67.81,50.9,34.12,4,internal_medicine,<5_years,low,0,0,GSI only
V172,control,112.76,1,5,185.65,57.92,76.06,26.01,79.09,45.63,78.68,42.05,1,critical_care,>=5_years,high,4,0,GSI only
V172,cma,100.87,1,5,136.59,50.63,67.77,18.29,56.47,60.85,68.5,31.9,2,critical_care,>=5_years,high,4,1,GSI only
V172,gdt,97.89,1,5,121.1,45.97,57.91,13.94,48.72,66.03,58.62,30.63,3,critical_care,>=5_years,high,4,1,GSI only
V172,bm25,118.42,1,5,190.27,56.97,79.24,20.83,70.79,49.07,74.97,46.91,4,critical_care,>=5_years,high,4,0,GSI only
V173,control,121.66,1,5,193.85,63.81,87.67,26.47,78.89,56.89,80.54,52.39,1,internal_medicine,<5_years,high,3,0,GSI only
V173,gdt,98.14,1,5,129.32,50.2,66.83,23.83,61.0,60.03,62.62,26.89,2,internal_medicine,<5_years,high,3,1,GSI only
V173,cma,96.67,1,5,148.22,48.97,63.58,14.54,60.1,54.57,67.53,33.49,3,internal_medicine,<5_years,high,3,1,GSI only
V173,bm25,112.07,1,5,195.7,59.71,85.05,23.03,75.71,54.53,75.95,44.01,4,internal_medicine,<5_years,high,3,0,GSI only
V174,control,118.85,1,5,185.55,57.81,86.71,20.04,72.12,39.35,82.63,46.01,1,emergency,<5_years,high,0,0,GSI only
V174,bm25,109.76,1,5,199.07,58.46,71.89,26.03,76.45,53.46,80.97,41.99,2,emergency,<5_years,high,0,0,GSI only
V174,gdt,95.31,1,5,132.15,46.75,54.27,21.08,51.91,61.94,61.27,30.02,3,emergency,<5_years,high,0,1,GSI only
V174,cma,103.68,1,5,133.97,54.98,69.9,23.9,66.91,60.8,70.9,37.49,4,emergency,<5_years,high,0,1,GSI only
V175,gdt,40.1,1,2,120.72,35.31,40.9,9.86,32.41,77.14,34.03,17.5,1,emergency,>=5_years,low,0,1,GSI only
V175,bm25,42.93,1,2,201.6,42.44,46.91,13.42,52.62,63.36,48.09,30.23,2,emergency,>=5_years,low,0,0,GSI only
V175,control,47.77,1,2,186.49,42.71,52.28,6.3,53.81,67.21,51.85,24.81,3,emergency,>=5_years,low,0,0,GSI only
V175,cma,35.76,1,2,153.43,34.53,37.4,8.05,36.71,75.75,32.21,17.07,4,emergency,>=5_years,low,0,1,GSI only
V176,cma,86.65,1,4,155.54,47.92,60.69,27.94,46.79,67.53,58.02,26.54,1,internal_medicine,>=5_years,high,3,1,GSI only
V176,bm25,92.74,1,4,211.35,54.82,71.96,13.97,68.26,55.96,70.92,47.86,2,internal_medicine,>=5_years,high,3,0,GSI only
V176,control,92.65,1,4,197.18,52.97,70.5,22.76,67.79,48.66,67.82,40.28,3,internal_medicine,>=5_years,high,3,0,GSI only
V176,gdt,73.91,1,4,124.32,44.22,53.82,16.77,45.62,71.23,48.21,29.64,4,internal_medicine,>=5_years,high,3,1,GSI only
V177,gdt,98.2,1,5,124.04,47.23,62.24,16.26,53.18,59.22,58.75,33.73,1,critical_care,>=5_years,high,1,1,GSI only
V177,cma,99.93,1,5,147.38,47.46,57.7,21.58,62.57,51.25,57.38,34.28,2,critical_care,>=5_years,high,1,1,GSI only
V177,bm25,117.83,1,5,204.34,61.8,82.78,27.13,74.85,49.1,78.81,58.14,3,critical_care,>=5_years,high,1,0,GSI only
V177,control,112.76,1,5,189.92,61.08,76.69,32.56,80.89,51.97,77.62,46.73,4,critical_care,>=5_years,high,1,0,GSI only
V178,control,91.43,1,4,219.32,52.04,75.15,12.3,64.34,49.1,76.41,34.93,1,hospital_medicine,>=5_years,high,0,0,GSI only
V178,bm25,87.78,1,4,176.69,50.59,64.98,17.16,66.83,57.67,62.56,34.36,2,hospital_medicine,>=5_years,high,0,0,GSI only
V178,cma,84.87,1,4,149.74,45.76,56.99,18.55,48.66,62.44,57.41,30.51,3,hospital_medicine,>=5_years,high,0,1,GSI only
V178,gdt,76.47,1,4,122.73,39.74,50.62,10.54,48.57,64.37,44.34,20.01,4,hospital_medicine,>=5_years,high,0,1,GSI only
V179,bm25,45.91,1,2,202.29,43.86,50.67,17.25,45.41,69.47,49.11,31.25,1,internal_medicine,>=5_years,low,0,0,GSI only
V179,cma,39.87,1,2,139.54,34.29,32.13,9.76,28.56,80.21,34.04,21.02,2,internal_medicine,>=5_years,low,0,1,GSI only
V179,control,56.3,1,2,187.18,49.41,60.75,17.86,58.51,66.11,59.19,34.05,3,internal_medicine,>=5_years,low,0,0,GSI only
V179,gdt,41.46,1,2,122.59,35.43,36.83,15.46,30.64,74.04,35.41,20.21,4,internal_medicine,>=5_years,low,0,1,GSI only
V180,control,23.63,1,1,210.01,38.6,45.51,10.65,40.9,68.5,39.59,26.42,1,critical_care,<5_years,low,0,0,GSI only
V180,cma,19.92,1,1,149.7,29.47,28.48,9.18,25.1,77.84,22.69,13.52,2,critical_care,<5_years,low,0,1,GSI only
V180,bm25,24.62,1,1,163.56,39.35,43.9,11.82,43.07,67.52,41.95,27.84,3,critical_care,<5_years,low,0,0,GSI only
V180,gdt,18.45,1,1,130.98,29.34,29.32,0.0,21.56,82.99,26.06,16.14,4,critical_care,<5_years,low,0,1,GSI only
V181,bm25,135.64,0,1,189.9,57.86,78.44,16.69,74.25,49.21,77.39,51.21,1,emergency,<5_years,low,0,0,GSI only
V181,control,25.52,1,1,182.23,39.02,44.21,7.07,39.62,75.79,43.9,23.51,2,emergency,<5_years,low,0,0,GSI only
V181,gdt,18.87,1,1,133.18,31.69,32.15,7.06,28.64,84.42,24.66,13.21,3,emergency,<5_years,low,0,1,GSI only
V181,cma,18.93,1,1,156.99,31.85,37.95,5.67,26.5,79.39,27.51,14.11,4,emergency,<5_years,low,0,1,GSI only
V182,bm25,300.0,0,4,199.01,72.01,100.0,38.11,100.0,19.43,100.0,74.54,1,critical_care,<5_years,high,0,0,GSI only
V182,cma,83.57,1,4,156.03,47.7,58.29,16.26,56.22,63.61,60.06,31.76,2,critical_care,<5_years,high,0,1,GSI only
V182,gdt,75.95,1,4,119.16,43.88,53.64,17.78,45.84,65.88,51.64,28.48,3,critical_care,<5_years,high,0,1,GSI only
V182,control,84.53,1,4,204.97,50.89,66.92,21.62,62.68,51.0,64.79,38.35,4,critical_care,<5_years,high,0,0,GSI only
V183,bm25,64.85,1,3,178.98,46.93,54.91,20.23,58.99,58.6,55.3,33.53,1,critical_care,<5_years,low,0,0,GSI only
V183,control,69.62,1,3,188.77,49.24,60.74,18.9,59.98,55.1,66.04,34.65,2,critical_care,<5_years,low,0,0,GSI only
V183,cma,64.04,1,3,159.57,44.1,60.87,11.73,40.24,77.11,44.19,30.45,3,critical_care,<5_years,low,0,1,GSI only
V183,gdt,59.37,1,3,127.13,36.01,48.32,6.87,36.24,61.36,39.91,23.36,4,critical_care,<5_years,low,0,1,GSI only
V184,bm25,92.26,1,4,176.44,53.97,74.34,15.42,80.93,48.82,64.1,40.23,1,hospital_medicine,>=5_years,high,2,0,GSI only
V184,cma,75.85,1,4,153.84,47.44,60.62,18.29,52.3,63.13,57.71,32.6,2,hospital_medicine,>=5_years,high,2,1,GSI only
V184,control,91.46,1,4,174.68,52.53,67.02,19.52,70.88,50.1,66.77,40.89,3,hospital_medicine,>=5_years,high,2,0,GSI only
V184,gdt,78.5,1,4,119.44,42.3,53.51,14.45,45.23,65.92,43.54,31.17,4,hospital_medicine,>=5_years,high,2,1,GSI only
V185,gdt,95.11,1,5,118.05,45.09,64.1,16.89,55.92,58.54,50.74,24.34,1,emergency,<5_years,high,2,1,GSI only
V185,control,117.64,1,5,185.86,61.99,82.94,22.77,78.66,51.33,84.93,51.32,2,emergency,<5_years,high,2,0,GSI only
V185,cma,98.69,1,5,142.54,52.2,70.71,13.07,60.86,64.32,68.74,35.52,3,emergency,<5_years,high,2,1,GSI only
V185,bm25,116.78,1,5,181.84,59.21,89.49,19.97,70.99,54.87,75.94,44.0,4,emergency,<5_years,high,2,0,GSI only
V186,gdt,91.5,1,5,130.57,46.21,59.37,17.92,55.97,57.16,56.1,30.73,1,critical_care,>=5_years,high,4,1,GSI only
V186,cma,95.31,1,5,143.95,51.57,67.35,21.29,59.98,60.77,64.35,35.68,2,critical_care,>=5_years,high,4,1,GSI only
V186,bm25,112.84,1,5,180.04,57.4,79.57,19.79,74.04,49.94,75.0,46.03,3,critical_care,>=5_years,high,4,0,GSI only
V186,control,113.1,1,5,199.83,59.44,80.39,14.65,84.17,46.73,83.66,47.05,4,critical_care,>=5_years,high,4,0,GSI only
V187,cma,36.99,1,2,146.56,35.36,38.16,10.25,35.4,75.06,38.25,15.04,1,critical_care,>=5_years,low,0,1,GSI only
V187,bm25,45.76,1,2,195.6,45.47,59.19,6.93,54.48,69.37,54.33,28.54,2,critical_care,>=5_years,low,0,0,GSI only
V187,gdt,41.19,1,2,120.34,34.06,35.1,11.3,35.75,73.97,32.07,16.16,3,critical_care,>=5_years,low,0,1,GSI only
V187,control,47.62,1,2,191.28,43.98,59.87,11.74,50.41,68.45,43.34,30.05,4,critical_care,>=5_years,low,0,0,GSI only
V188,cma,21.86,1,1,152.4,35.6,44.97,16.13,21.16,83.56,34.32,13.44,1,internal_medicine,>=5_years,low,0,1,GSI only
V188,control,27.48,1,1,193.42,38.7,39.46,10.89,38.35,73.16,41.36,28.97,2,internal_medicine,>=5_years,low,0,0,GSI only
V188,gdt,22.63,1,1,113.83,32.26,29.26,6.25,33.41,85.27,19.9,19.45,3,internal_medicine,>=5_years,low,0,1,GSI only
V188,bm25,23.39,1,1,220.55,38.09,41.24,10.52,36.4,70.26,45.17,24.96,4,internal_medicine,>=5_years,low,0,0,GSI only
V189,bm25,46.24,1,2,184.12,43.11,54.91,12.93,44.0,60.1,54.56,32.17,1,internal_medicine,<5_years,low,0,0,GSI only
V189,control,47.91,1,2,176.81,44.7,51.77,17.72,48.52,70.26,51.84,28.11,2,internal_medicine,<5_years,low,0,0,GSI only
V189,cma,38.89,1,2,147.4,35.81,38.73,15.36,37.17,72.67,32.47,18.47,3,internal_medicine,<5_years,low,0,1,GSI only
V189,gdt,40.29,1,2,120.01,34.5,36.37,4.78,38.3,74.58,37.08,15.9,4,internal_medicine,<5_years,low,0,1,GSI only
V190,gdt,56.96,1,3,116.32,34.79,42.02,3.15,42.64,67.23,35.54,18.13,1,critical_care,>=5_years,low,0,1,GSI only
V190,cma,60.49,1,3,141.93,42.26,61.72,11.65,41.56,67.76,44.4,26.49,2,critical_care,>=5_years,low,0,1,GSI only
V190,bm25,76.93,1,3,195.5,48.21,66.32,14.11,54.11,59.65,63.18,31.86,3,critical_care,>=5_years,low,0,0,GSI only
V190,control,76.01,1,3,197.72,52.39,63.57,21.37,66.78,62.35,64.64,35.65,4,critical_care,>=5_years,low,0,0,GSI only
V191,cma,67.88,1,3,146.85,42.08,50.96,17.7,44.46,69.84,42.57,26.93,1,critical_care,<5_years,low,0,1,GSI only
V191,control,63.9,1,3,175.35,50.21,65.96,16.86,61.53,56.35,67.59,33.01,2,critical_care,<5_years,low,0,0,GSI only
V191,gdt,55.76,1,3,115.85,36.47,38.52,14.36,32.23,72.48,41.58,19.64,3,critical_care,<5_years,low,0,1,GSI only
V191,bm25,68.16,1,3,192.7,48.83,59.74,18.41,57.83,60.04,63.43,33.51,4,critical_care,<5_years,low,0,0,GSI only
V192,bm25,162.6,0,2,175.62,63.23,89.75,25.67,86.39,37.3,90.69,49.61,1,critical_care,<5_years,low,0,0,GSI only
V192,control,41.45,1,2,181.3,40.11,52.98,12.63,38.71,62.97,48.54,24.81,2,critical_care,<5_years,low,0,0,GSI only
V192,cma,41.94,1,2,136.16,36.18,42.07,14.72,32.73,71.76,39.7,16.1,3,critical_care,<5_years,low,0,1,GSI only
V192,gdt,37.13,1,2,109.03,31.93,36.13,4.75,31.35,76.58,32.67,10.1,4,critical_care,<5_years,low,0,1,GSI only
V193,control,93.81,1,4,188.2,54.8,68.3,24.13,74.2,53.59,65.86,42.72,1,critical_care,<5_years,high,0,0,GSI only
V193,cma,84.36,1,4,134.82,45.44,59.37,9.63,53.62,65.6,53.09,31.31,2,critical_care,<5_years,high,0,1,GSI only
V193,bm25,82.43,1,4,175.6,51.76,68.92,12.32,63.95,55.73,71.44,38.2,3,critical_care,<5_years,high,0,0,GSI only
V193,gdt,73.48,1,4,125.03,41.54,53.26,10.88,42.24,72.27,44.42,26.15,4,critical_care,<5_years,high,0,1,GSI only
V194,bm25,24.88,1,1,215.14,38.84,40.84,11.18,39.06,76.87,42.15,22.94,1,hospital_medicine,>=5_years,low,0,0,GSI only
V194,cma,23.3,1,1,171.42,31.88,29.99,10.88,25.4,76.2,38.06,10.73,2,hospital_medicine,>=5_years,low,0,1,GSI only
V194,control,23.27,1,1,159.8,40.18,41.59,18.53,41.4,71.26,41.51,26.77,3,hospital_medicine,>=5_years,low,0,0,GSI only
V194,gdt,17.99,1,1,113.84,30.68,20.39,14.55,25.29,82.85,28.59,12.39,4,hospital_medicine,>=5_years,low,0,1,GSI only
V195,gdt,89.4,1,5,130.27,45.28,55.68,15.15,49.07,58.87,62.5,30.44,1,critical_care,>=5_years,high,0,1,GSI only
V195,control,111.52,1,5,191.44,58.13,71.29,16.13,81.66,44.36,79.58,55.76,2,critical_care,>=5_years,high,0,0,GSI only
V195,bm25,116.54,1,5,197.79,59.19,78.52,29.39,72.3,43.96,81.99,48.95,3,critical_care,>=5_years,high,0,0,GSI only
V195,cma,101.84,1,5,163.44,52.67,68.2,23.48,66.68,58.99,62.98,35.71,4,critical_care,>=5_years,high,0,1,GSI only
V196,gdt,22.61,1,1,121.78,27.39,25.02,3.27,20.94,78.26,26.09,10.73,1,emergency,<5_years,low,0,1,GSI only
V196,cma,18.39,1,1,139.61,33.14,27.99,15.92,23.1,88.03,26.34,17.47,2,emergency,<5_years,low,0,1,GSI only
V196,bm25,23.79,1,1,180.08,39.22,48.84,10.51,41.3,74.87,42.66,17.17,3,emergency,<5_years,low,0,0,GSI only
V196,control,18.75,1,1,226.69,38.4,39.83,12.55,35.96,73.34,44.56,24.17,4,emergency,<5_years,low,0,0,GSI only
V197,gdt,21.48,1,1,143.35,28.88,28.54,7.51,20.34,78.83,27.8,10.23,1,hospital_medicine,<5_years,low,0,1,GSI only
V197,control,25.6,1,1,202.08,35.78,35.67,9.36,34.26,63.29,46.09,26.02,2,hospital_medicine,<5_years,low,0,0,GSI only
V197,bm25,20.92,1,1,219.56,39.04,48.6,13.0,37.17,66.52,38.18,30.78,3,hospital_medicine,<5_years,low,0,0,GSI only
V197,cma,17.81,1,1,166.58,31.97,35.23,6.41,26.25,84.26,28.84,10.8,4,hospital_medicine,<5_years,low,0,1,GSI only
V198,cma,23.64,1,1,144.19,27.93,25.34,2.89,23.2,75.44,25.83,14.86,1,hospital_medicine,>=5_years,low,0,1,GSI only
V198,gdt,21.28,1,1,128.64,30.73,26.31,11.8,19.94,84.5,31.11,10.76,2,hospital_medicine,>=5_years,low,0,1,GSI only
V198,bm25,22.61,1,1,214.69,37.11,38.45,10.64,33.9,73.77,40.61,25.28,3,hospital_medicine,>=5_years,low,0,0,GSI only
V198,control,21.93,1,1,179.6,38.8,34.79,13.31,40.88,73.3,49.58,20.97,4,hospital_medicine,>=5_years,low,0,0,GSI only
V199,control,69.19,1,3,182.26,49.72,58.26,17.94,59.22,57.2,66.52,39.16,1,internal_medicine,<5_years,low,0,0,GSI only
V199,cma,62.26,1,3,141.08,41.42,46.65,15.03,45.05,70.95,47.1,23.76,2,internal_medicine,<5_years,low,0,1,GSI only
V199,gdt,55.88,1,3,132.92,37.9,48.73,11.33,38.43,63.58,45.54,19.79,3,internal_medicine,<5_years,low,0,1,GSI only
V199,bm25,74.43,1,3,214.43,50.59,69.52,15.56,61.68,62.39,60.2,34.2,4,internal_medicine,<5_years,low,0,0,GSI only
V200,cma,21.94,1,1,146.75,33.41,34.68,8.19,28.04,79.15,31.31,19.11,1,critical_care,<5_years,low,0,1,GSI only
V200,gdt,19.31,1,1,116.08,29.16,29.22,8.87,12.32,86.53,20.43,17.6,2,critical_care,<5_years,low,0,1,GSI only
V200,control,19.45,1,1,164.39,39.28,40.42,17.89,39.09,71.56,42.83,23.88,3,critical_care,<5_years,low,0,0,GSI only
V200,bm25,22.05,1,1,170.21,42.59,46.98,13.25,46.32,75.4,45.5,28.08,4,critical_care,<5_years,low,0,0,GSI only
V201,bm25,75.7,1,3,189.71,46.67,59.66,10.7,55.39,63.36,55.63,35.27,1,internal_medicine,<5_years,low,0,0,GSI only
V201,control,73.32,1,3,205.79,51.26,65.42,21.65,59.18,62.08,63.55,35.65,2,internal_medicine,<5_years,low,0,0,GSI only
V201,cma,60.75,1,3,147.02,40.62,51.96,11.69,43.38,65.25,43.7,27.74,3,internal_medicine,<5_years,low,0,1,GSI only
V201,gdt,56.87,1,3,120.99,38.2,51.48,11.46,35.89,72.5,33.78,24.08,4,internal_medicine,<5_years,low,0,1,GSI only
V202,control,69.12,1,3,172.67,47.41,67.06,8.86,55.53,59.06,53.51,40.46,1,hospital_medicine,<5_years,low,0,0,GSI only
V202,bm25,67.57,1,3,186.09,47.08,51.91,19.48,56.34,62.84,60.7,31.21,2,hospital_medicine,<5_years,low,0,0,GSI only
V202,gdt,56.57,1,3,131.6,37.36,41.86,8.95,35.56,72.54,44.21,21.02,3,hospital_medicine,<5_years,low,0,1,GSI only
V202,cma,54.22,1,3,139.0,38.15,39.82,9.05,39.48,74.13,51.29,15.12,4,hospital_medicine,<5_years,low,0,1,GSI only
V203,gdt,54.99,1,3,123.94,37.9,43.57,13.54,30.12,72.13,38.77,29.24,1,emergency,>=5_years,low,0,1,GSI only
V203,cma,60.02,1,3,155.58,38.43,47.77,13.85,38.91,64.47,42.98,22.59,2,emergency,>=5_years,low,0,1,GSI only
V203,bm25,69.96,1,3,165.56,51.2,68.44,20.2,61.55,60.7,58.06,38.26,3,emergency,>=5_years,low,0,0,GSI only
V203,control,74.06,1,3,196.6,53.0,66.74,20.22,55.71,67.26,64.71,43.38,4,emergency,>=5_years,low,0,0,GSI only
V204,control,66.27,1,3,191.09,51.14,55.74,20.63,63.65,70.72,59.66,36.45,1,hospital_medicine,>=5_years,low,0,0,GSI only
V204,gdt,55.59,1,3,125.36,38.75,35.14,15.9,34.76,77.12,45.23,24.36,2,hospital_medicine,>=5_years,low,0,1,GSI only
V204,cma,57.8,1,3,143.71,42.13,47.12,15.48,46.1,66.87,48.35,28.84,3,hospital_medicine,>=5_years,low,0,1,GSI only
V204,bm25,66.5,1,3,186.25,47.72,56.37,18.67,58.68,61.46,58.83,32.33,4,hospital_medicine,>=5_years,low,0,0,GSI only
V205,control,42.76,1,2,197.22,40.85,48.01,14.36,46.93,61.54,44.78,29.48,1,internal_medicine,<5_years,low,0,0,GSI only
V205,gdt,35.77,1,2,122.7,33.74,32.89,16.34,23.37,80.49,34.1,15.28,2,internal_medicine,<5_years,low,0,1,GSI only
V205,bm25,46.26,1,2,216.79,44.56,45.96,15.63,53.53,71.04,48.51,32.68,3,internal_medicine,<5_years,low,0,0,GSI only
V205,cma,37.94,1,2,145.75,37.03,38.89,18.09,36.09,73.53,35.24,20.33,4,internal_medicine,<5_years,low,0,1,GSI only
V206,cma,42.22,1,2,159.92,36.41,38.25,11.52,36.2,78.3,37.72,16.49,1,hospital_medicine,>=5_years,low,0,1,GSI only
V206,gdt,36.2,1,2,127.52,32.46,35.64,14.47,32.9,73.61,29.18,8.94,2,hospital_medicine,>=5_years,low,0,1,GSI only
V206,control,44.93,1,2,170.08,41.47,52.18,10.23,47.2,64.78,50.0,24.43,3,hospital_medicine,>=5_years,low,0,0,GSI only
V206,bm25,48.7,1,2,192.41,42.83,51.7,17.6,48.61,63.47,49.93,25.69,4,hospital_medicine,>=5_years,low,0,0,GSI only
V207,bm25,22.14,1,1,183.48,39.71,55.95,7.12,40.51,72.55,39.64,22.5,1,emergency,<5_years,low,0,0,GSI only
V207,gdt,16.82,1,1,140.33,30.07,26.18,14.54,17.35,80.75,24.9,16.72,2,emergency,<5_years,low,0,1,GSI only
V207,cma,16.74,1,1,148.74,27.95,24.53,1.53,29.34,77.33,25.65,9.32,3,emergency,<5_years,low,0,1,GSI only
V207,control,22.66,1,1,198.05,37.02,33.81,7.15,42.81,74.21,40.91,23.22,4,emergency,<5_years,low,0,0,GSI only
V208,control,116.53,1,5,193.3,57.43,72.89,23.79,72.95,46.54,78.72,49.68,1,critical_care,>=5_years,high,0,0,GSI only
V208,gdt,94.77,1,5,132.88,47.04,56.84,17.09,53.55,56.82,60.52,37.45,2,critical_care,>=5_years,high,0,1,GSI only
V208,bm25,111.44,1,5,183.47,57.1,80.9,21.11,69.21,48.33,71.98,51.08,3,critical_care,>=5_years,high,0,0,GSI only
V208,cma,102.08,1,5,137.45,51.65,73.61,20.39,61.43,53.38,63.14,37.92,4,critical_care,>=5_years,high,0,1,GSI only
V209,bm25,20.2,1,1,191.9,37.08,43.1,5.92,45.88,70.83,34.16,22.59,1,hospital_medicine,>=5_years,low,0,0,GSI only
V209,gdt,18.58,1,1,137.48,28.28,19.97,6.3,21.76,80.3,22.55,18.76,2,hospital_medicine,>=5_years,low,0,1,GSI only
V209,cma,20.07,1,1,144.91,32.73,31.43,3.62,29.73,82.32,32.81,16.47,3,hospital_medicine,>=5_years,low,0,1,GSI only
V209,control,21.19,1,1,194.75,39.11,44.32,13.5,47.16,70.96,41.35,17.39,4,hospital_medicine,>=5_years,low,0,0,GSI only
V210,control,121.55,1,5,201.64,60.06,85.01,17.88,77.34,47.84,85.72,46.54,1,hospital_medicine,<5_years,high,2,0,GSI only
V210,gdt,85.79,1,5,119.39,45.65,55.86,20.52,51.66,68.17,55.38,22.29,2,hospital_medicine,<5_years,high,2,1,GSI only
V210,bm25,105.83,1,5,188.83,58.42,82.09,22.81,79.29,47.03,72.93,46.4,3,hospital_medicine,<5_years,high,2,0,GSI only
V210,cma,103.31,1,5,147.0,50.35,70.28,16.97,62.09,49.88,62.84,40.06,4,hospital_medicine,<5_years,high,2,1,GSI only
V211,bm25,22.67,1,1,168.23,35.19,36.7,11.13,37.07,73.27,38.83,14.16,1,emergency,<5_years,low,0,0,GSI only
V211,control,22.14,1,1,223.08,39.14,36.82,5.65,43.01,78.04,45.3,26.02,2,emergency,<5_years,low,0,0,GSI only
V211,gdt,21.34,1,1,132.28,30.12,29.02,8.29,25.89,79.14,27.06,11.34,3,emergency,<5_years,low,0,1,GSI only
V211,cma,18.72,1,1,153.48,33.94,24.98,16.22,32.95,87.72,28.62,13.16,4,emergency,<5_years,low,0,1,GSI only
V212,control,22.64,1,1,193.14,39.31,42.78,7.99,42.4,72.12,44.92,25.64,1,emergency,>=5_years,low,0,0,GSI only
V212,bm25,25.96,1,1,192.83,36.47,37.02,9.09,41.04,67.69,38.87,25.09,2,emergency,>=5_years,low,0,0,GSI only
V212,cma,18.49,1,1,161.58,30.12,29.19,0.95,20.45,77.83,33.4,18.88,3,emergency,>=5_years,low,0,1,GSI only
V212,gdt,18.31,1,1,144.54,30.33,29.0,7.19,24.72,87.51,28.03,5.55,4,emergency,>=5_years,low,0,1,GSI only
V213,control,96.72,1,4,183.07,56.88,72.81,24.42,68.05,52.67,76.64,46.71,1,critical_care,>=5_years,high,0,0,GSI only
V213,gdt,86.08,1,4,140.08,45.36,60.75,15.59,57.02,64.4,46.69,27.71,2,critical_care,>=5_years,high,0,1,GSI only
V213,cma,83.5,1,4,136.35,44.14,55.3,14.49,53.16,60.47,48.56,32.89,3,critical_care,>=5_years,high,0,1,GSI only
V213,bm25,89.77,1,4,185.39,52.04,65.96,17.98,62.9,54.82,68.39,42.19,4,critical_care,>=5_years,high,0,0,GSI only
V214,cma,80.39,1,4,145.69,45.33,55.67,11.53,56.79,61.28,58.25,28.43,1,internal_medicine,>=5_years,high,0,1,GSI only
V214,control,97.73,1,4,174.3,53.15,72.2,13.48,72.47,53.3,69.8,37.63,2,internal_medicine,>=5_years,high,0,0,GSI only
V214,bm25,94.26,1,4,189.09,53.67,76.92,10.27,66.12,58.43,74.98,35.34,3,internal_medicine,>=5_years,high,0,0,GSI only
V214,gdt,76.6,1,4,127.16,42.82,49.56,8.47,55.84,69.5,44.37,29.16,4,internal_medicine,>=5_years,high,0,1,GSI only
V215,bm25,27.0,1,1,204.56,41.89,47.51,13.68,49.01,74.41,40.02,26.69,1,internal_medicine,>=5_years,low,0,0,GSI only
V215,gdt,19.93,1,1,137.77,28.79,27.83,4.17,19.3,83.22,27.44,10.75,2,internal_medicine,>=5_years,low,0,1,GSI only
V215,control,27.07,1,1,189.84,43.25,49.89,20.61,45.46,73.65,41.17,28.68,3,internal_medicine,>=5_years,low,0,0,GSI only
V215,cma,19.86,1,1,128.39,30.59,34.86,0.35,28.94,73.77,33.25,12.36,4,internal_medicine,>=5_years,low,0,1,GSI only
V216,control,100.37,1,4,189.21,55.05,67.45,22.52,75.85,53.92,72.3,38.25,1,hospital_medicine,>=5_years,high,0,0,GSI only
V216,bm25,88.49,1,4,183.15,55.45,79.39,17.85,71.4,54.93,66.23,42.92,2,hospital_medicine,>=5_years,high,0,0,GSI only
V216,cma,74.14,1,4,152.6,44.85,57.9,17.8,48.68,62.17,47.27,35.29,3,hospital_medicine,>=5_years,high,0,1,GSI only
V216,gdt,77.75,1,4,134.35,43.84,52.89,15.35,45.57,67.06,46.12,36.04,4,hospital_medicine,>=5_years,high,0,1,GSI only
V217,cma,80.99,1,4,147.45,44.02,50.47,12.87,50.48,62.26,51.17,36.84,1,critical_care,>=5_years,high,0,1,GSI only
V217,control,88.83,1,4,182.4,55.4,75.2,16.76,73.66,55.85,67.18,43.76,2,critical_care,>=5_years,high,0,0,GSI only
V217,bm25,90.46,1,4,187.06,57.63,75.79,23.82,70.52,55.87,71.38,48.39,3,critical_care,>=5_years,high,0,0,GSI only
V217,gdt,80.34,1,4,123.66,42.61,49.96,15.3,50.79,67.04,48.61,23.97,4,critical_care,>=5_years,high,0,1,GSI only
V218,gdt,36.05,1,2,121.62,33.49,33.58,16.91,29.06,74.39,28.33,18.64,1,internal_medicine,<5_years,low,0,1,GSI only
V218,cma,40.9,1,2,147.19,36.1,35.12,6.91,34.5,78.65,38.32,23.11,2,internal_medicine,<5_years,low,0,1,GSI only
V218,bm25,47.23,1,2,192.14,47.22,54.81,13.4,53.24,69.95,61.04,30.9,3,internal_medicine,<5_years,low,0,0,GSI only
V218,control,41.54,1,2,202.55,40.6,47.77,5.42,40.45,64.61,51.78,33.58,4,internal_medicine,<5_years,low,0,0,GSI only
V219,bm25,118.41,1,5,199.11,59.08,84.32,22.6,71.21,52.11,77.95,46.27,1,critical_care,>=5_years,high,3,0,GSI only
V219,cma,105.2,1,5,147.71,48.45,64.78,16.24,66.27,53.65,57.37,32.39,2,critical_care,>=5_years,high,3,1,GSI only
V219,gdt,93.78,1,5,125.42,46.8,61.15,16.52,60.7,52.98,54.99,34.46,3,critical_care,>=5_years,high,3,1,GSI only
V219,control,116.65,1,5,182.68,58.15,85.69,24.29,71.19,48.73,78.59,40.4,4,critical_care,>=5_years,high,3,0,GSI only
V220,gdt,73.38,1,4,127.22,43.38,46.96,23.8,43.42,69.03,48.47,28.61,1,internal_medicine,<5_years,high,0,1,GSI only
V220,cma,71.75,1,4,148.62,44.91,58.12,8.94,57.01,68.08,47.64,29.65,2,internal_medicine,<5_years,high,0,1,GSI only
V220,bm25,92.87,1,4,191.9,54.68,77.39,13.19,72.9,55.26,68.61,40.73,3,internal_medicine,<5_years,high,0,0,GSI only
V220,control,90.13,1,4,188.07,53.96,66.93,21.7,66.17,56.5,69.93,42.51,4,internal_medicine,<5_years,high,0,0,GSI only
V221,cma,36.68,1,2,159.96,33.8,35.9,10.33,29.79,68.9,34.44,23.44,1,hospital_medicine,>=5_years,low,0,1,GSI only
V221,bm25,46.06,1,2,165.05,47.23,56.35,15.1,51.86,71.55,55.13,33.39,2,hospital_medicine,>=5_years,low,0,0,GSI only
V221,gdt,40.63,1,2,124.94,30.13,33.18,9.51,28.68,68.75,24.46,16.21,3,hospital_medicine,>=5_years,low,0,1,GSI only
V221,control,51.18,1,2,186.88,44.85,45.74,16.81,55.63,65.3,52.44,33.2,4,hospital_medicine,>=5_years,low,0,0,GSI only
V222,bm25,108.53,1,5,180.15,56.42,84.84,22.19,78.79,39.33,70.79,42.58,1,emergency,<5_years,high,1,0,GSI only
V222,cma,99.34,1,5,155.43,54.34,71.89,24.35,70.81,60.21,64.32,34.47,2,emergency,<5_years,high,1,1,GSI only
V222,control,116.01,1,5,189.38,57.64,83.8,20.81,77.88,43.49,75.46,44.41,3,emergency,<5_years,high,1,0,GSI only
V222,gdt,90.24,1,5,126.4,43.72,62.29,13.55,54.15,57.78,45.6,28.93,4,emergency,<5_years,high,1,1,GSI only
V223,bm25,94.01,1,4,201.65,54.33,75.07,19.59,70.56,49.41,69.17,42.16,1,emergency,<5_years,high,2,0,GSI only
V223,gdt,78.92,1,4,130.68,40.86,51.24,13.44,41.9,59.76,55.14,23.68,2,emergency,<5_years,high,2,1,GSI only
V223,control,105.6,1,4,180.62,56.74,74.74,21.43,78.76,44.29,77.7,43.55,3,emergency,<5_years,high,2,0,GSI only
V223,cma,84.2,1,4,138.98,50.37,63.71,17.65,58.72,67.65,59.48,35.02,4,emergency,<5_years,high,2,1,GSI only
V224,bm25,70.78,1,3,186.28,49.38,60.46,19.17,58.79,61.2,60.17,36.48,1,internal_medicine,>=5_years,low,0,0,GSI only
V224,control,74.72,1,3,206.65,49.66,69.91,11.41,61.95,59.9,63.72,31.1,2,internal_medicine,>=5_years,low,0,0,GSI only
V224,gdt,54.41,1,3,119.63,37.95,48.98,8.12,44.02,66.84,38.93,20.78,3,internal_medicine,>=5_years,low,0,1,GSI only
V224,cma,69.07,1,3,142.1,44.55,50.89,19.79,46.11,68.92,53.49,28.09,4,internal_medicine,>=5_years,low,0,1,GSI only
V225,cma,96.33,1,5,146.05,51.6,66.74,20.97,63.74,56.3,63.49,38.36,1,hospital_medicine,>=5_years,high,2,1,GSI only
V225,bm25,112.7,1,5,187.0,58.74,87.32,20.71,77.83,44.0,78.13,44.45,2,hospital_medicine,>=5_years,high,2,0,GSI only
V225,gdt,98.74,1,5,131.45,45.98,53.93,19.73,55.14,59.43,55.68,31.94,3,hospital_medicine,>=5_years,high,2,1,GSI only
V225,control,117.43,1,5,172.93,61.6,82.5,29.1,80.19,47.65,83.66,46.52,4,hospital_medicine,>=5_years,high,2,0,GSI only
V226,gdt,99.33,1,5,134.93,44.33,56.35,21.59,52.64,57.21,51.83,26.38,1,emergency,<5_years,high,0,1,GSI only
V226,control,111.47,1,5,186.8,58.18,74.81,24.04,72.82,50.17,82.01,45.26,2,emergency,<5_years,high,0,0,GSI only
V226,bm25,110.92,1,5,186.57,62.01,80.76,24.22,74.75,49.38,84.76,58.22,3,emergency,<5_years,high,0,0,GSI only
V226,cma,99.36,1,5,143.93,49.52,60.96,22.01,59.99,52.6,65.28,36.26,4,emergency,<5_years,high,0,1,GSI only
V227,cma,23.81,1,1,134.33,31.03,32.71,9.08,23.39,74.85,31.48,14.69,1,emergency,>=5_years,low,0,1,GSI only
V227,gdt,18.87,1,1,128.81,26.69,20.65,5.65,19.5,75.36,27.83,11.17,2,emergency,>=5_years,low,0,1,GSI only
V227,control,23.35,1,1,171.55,38.33,44.4,13.25,38.62,71.32,35.5,26.88,3,emergency,>=5_years,low,0,0,GSI only
V227,bm25,24.67,1,1,199.75,40.21,47.62,20.34,35.85,71.01,43.15,23.28,4,emergency,>=5_years,low,0,0,GSI only
V228,gdt,98.08,1,5,128.29,44.48,57.63,12.19,52.58,55.89,52.34,36.25,1,emergency,<5_years,high,0,1,GSI only
V228,cma,103.64,1,5,134.94,47.2,65.92,16.2,55.32,47.36,60.5,37.93,2,emergency,<5_years,high,0,1,GSI only
V228,control,124.12,1,5,188.53,57.92,84.59,15.45,80.15,43.05,79.57,44.69,3,emergency,<5_years,high,0,0,GSI only
V228,bm25,109.06,1,5,199.7,57.53,82.63,21.52,80.38,41.62,71.27,47.75,4,emergency,<5_years,high,0,0,GSI only
V229,cma,197.5,0,4,144.4,63.74,98.78,24.8,79.8,31.91,91.31,55.85,1,hospital_medicine,<5_years,high,2,1,GSI only
V229,control,200.16,0,4,177.27,72.39,100.0,26.96,100.0,35.0,100.0,72.36,2,hospital_medicine,<5_years,high,2,0,GSI only
V229,gdt,74.28,1,4,124.93,40.93,51.09,16.32,36.55,68.74,50.32,22.55,3,hospital_medicine,<5_years,high,2,1,GSI only
V229,bm25,192.3,0,4,186.7,71.46,100.0,26.6,100.0,33.41,96.48,72.3,4,hospital_medicine,<5_years,high,2,0,GSI only
V230,gdt,41.2,1,2,120.0,32.71,32.12,4.37,33.52,70.21,36.0,20.04,1,hospital_medicine,>=5_years,low,0,1,GSI only
V230,cma,41.62,1,2,150.51,36.47,33.21,15.53,33.92,75.09,38.84,22.25,2,hospital_medicine,>=5_years,low,0,1,GSI only
V230,bm25,47.2,1,2,199.45,46.23,50.34,20.55,49.93,70.26,53.07,33.22,3,hospital_medicine,>=5_years,low,0,0,GSI only
V230,control,45.95,1,2,202.52,48.29,53.69,15.37,50.52,73.75,59.15,37.22,4,hospital_medicine,>=5_years,low,0,0,GSI only
V231,bm25,49.58,1,2,183.85,45.41,60.87,13.85,54.85,64.24,46.22,32.41,1,hospital_medicine,>=5_years,low,0,0,GSI only
V231,gdt,39.33,1,2,127.51,33.83,34.93,7.2,30.25,82.59,29.74,18.25,2,hospital_medicine,>=5_years,low,0,1,GSI only
V231,control,48.08,1,2,189.48,44.96,49.85,16.6,48.21,65.68,51.91,37.5,3,hospital_medicine,>=5_years,low,0,0,GSI only
V231,cma,42.29,1,2,136.5,33.35,35.57,11.02,32.76,69.02,41.9,9.81,4,hospital_medicine,>=5_years,low,0,1,GSI only
V232,bm25,25.57,1,1,192.56,39.58,48.78,13.52,40.29,67.82,42.73,24.31,1,internal_medicine,<5_years,low,0,0,GSI only
V232,control,21.0,1,1,200.74,37.86,46.03,14.62,34.53,74.1,36.38,21.51,2,internal_medicine,<5_years,low,0,0,GSI only
V232,cma,22.04,1,1,134.83,34.79,35.34,17.41,25.84,84.81,32.79,12.54,3,internal_medicine,<5_years,low,0,1,GSI only
V232,gdt,18.56,1,1,138.76,25.9,23.79,11.05,13.51,82.95,14.88,9.2,4,internal_medicine,<5_years,low,0,1,GSI only
V233,control,24.18,1,1,171.55,39.29,40.12,17.43,33.76,72.47,47.0,24.95,1,emergency,<5_years,low,0,0,GSI only
V233,gdt,19.43,1,1,124.53,27.0,19.89,4.18,26.24,75.14,20.76,15.78,2,emergency,<5_years,low,0,1,GSI only
V233,cma,20.21,1,1,127.3,31.19,28.25,14.42,23.29,76.5,32.41,12.27,3,emergency,<5_years,low,0,1,GSI only
V233,bm25,25.57,1,1,153.93,41.06,37.55,17.4,49.13,77.52,38.39,26.36,4,emergency,<5_years,low,0,0,GSI only
V234,cma,65.48,1,3,152.08,39.63,52.34,7.67,47.58,63.75,48.58,17.83,1,critical_care,>=5_years,low,0,1,GSI only
V234,gdt,59.22,1,3,130.59,36.85,42.3,15.49,38.01,65.62,38.61,21.07,2,critical_care,>=5_years,low,0,1,GSI only
V234,control,66.03,1,3,206.26,52.8,65.73,15.6,62.62,70.22,61.26,41.37,3,critical_care,>=5_years,low,0,0,GSI only
V234,bm25,69.11,1,3,195.04,50.45,67.81,20.1,53.8,63.42,65.12,32.44,4,critical_care,>=5_years,low,0,0,GSI only
V235,cma,43.78,1,2,143.18,35.56,38.25,10.08,34.83,70.42,35.21,24.55,1,emergency,<5_years,low,0,1,GSI only
V235,control,48.95,1,2,195.0,46.94,55.26,14.54,48.27,71.37,58.12,34.08,2,emergency,<5_years,low,0,0,GSI only
V235,gdt,35.69,1,2,111.44,35.75,31.29,17.98,36.46,75.76,32.97,20.05,3,emergency,<5_years,low,0,1,GSI only
V235,bm25,49.09,1,2,173.72,46.56,61.0,11.56,52.08,71.49,52.14,31.06,4,emergency,<5_years,low,0,0,GSI only
V236,bm25,43.8,1,2,203.4,41.63,45.48,11.09,49.66,73.0,39.94,30.58,1,critical_care,>=5_years,low,0,0,GSI only
V236,control,43.74,1,2,178.44,45.23,61.27,15.96,46.73,63.13,57.62,26.66,2,critical_care,>=5_years,low,0,0,GSI only
V236,gdt,35.17,1,2,138.59,35.74,39.09,10.02,26.28,79.82,33.04,26.22,3,critical_care,>=5_years,low,0,1,GSI only
V236,cma,38.27,1,2,150.41,32.85,33.73,11.21,30.1,70.94,32.25,18.87,4,critical_care,>=5_years,low,0,1,GSI only
V237,control,101.16,1,4,196.7,55.27,76.85,18.35,68.76,50.6,66.93,50.15,1,internal_medicine,<5_years,high,0,0,GSI only
V237,gdt,82.7,1,4,130.42,44.4,50.82,15.42,47.3,71.73,54.28,26.86,2,internal_medicine,<5_years,high,0,1,GSI only
V237,cma,84.99,1,4,146.28,46.86,60.82,22.28,52.97,61.14,58.34,25.64,3,internal_medicine,<5_years,high,0,1,GSI only
V237,bm25,92.03,1,4,194.92,53.84,73.98,19.02,64.82,53.98,72.25,38.98,4,internal_medicine,<5_years,high,0,0,GSI only
V238,control,112.27,1,5,191.54,57.2,78.25,29.91,71.06,44.27,75.92,43.77,1,internal_medicine,>=5_years,high,1,0,GSI only
V238,bm25,113.53,1,5,196.97,58.17,83.13,15.68,73.33,43.06,83.29,50.54,2,internal_medicine,>=5_years,high,1,0,GSI only
V238,cma,102.95,1,5,148.25,51.39,67.52,21.2,60.88,54.7,64.25,39.8,3,internal_medicine,>=5_years,high,1,1,GSI only
V238,gdt,96.15,1,5,127.75,45.69,59.41,8.5,54.58,60.14,57.3,34.21,4,internal_medicine,>=5_years,high,1,1,GSI only
V239,bm25,93.49,1,4,177.69,54.18,71.86,25.34,65.98,47.2,71.44,43.27,1,critical_care,>=5_years,high,0,0,GSI only
V239,gdt,76.04,1,4,131.15,41.31,48.41,9.68,42.51,71.27,48.42,27.55,2,critical_care,>=5_years,high,0,1,GSI only
V239,cma,71.98,1,4,150.43,44.64,58.14,15.68,47.12,70.33,50.53,26.02,3,critical_care,>=5_years,high,0,1,GSI only
V239,control,90.45,1,4,196.48,54.19,74.37,17.91,70.63,50.37,73.24,38.6,4,critical_care,>=5_years,high,0,0,GSI only
V240,cma,37.21,1,2,132.15,38.3,40.1,11.01,39.03,74.15,47.66,17.85,1,emergency,<5_years,low,0,1,GSI only
V240,gdt,44.93,1,2,119.1,32.36,34.7,4.63,33.5,71.7,31.34,18.29,2,emergency,<5_years,low,0,1,GSI only
V240,control,51.94,1,2,187.28,41.52,46.73,13.65,46.74,60.87,54.03,27.09,3,emergency,<5_years,low,0,0,GSI only
V240,bm25,50.1,1,2,196.07,47.63,55.25,16.1,55.19,72.93,51.83,34.47,4,emergency,<5_years,low,0,0,GSI only
V241,gdt,59.94,1,3,120.59,41.11,47.35,20.98,37.7,79.89,42.07,18.66,1,internal_medicine,<5_years,low,0,1,GSI only
V241,cma,169.82,0,3,146.35,59.56,80.09,27.43,78.3,49.88,82.94,38.71,2,internal_medicine,<5_years,low,0,1,GSI only
V241,bm25,171.39,0,3,208.77,68.72,99.86,23.56,97.55,42.37,90.36,58.63,3,internal_medicine,<5_years,low,0,0,GSI only
V241,control,184.24,0,3,201.98,68.76,100.0,35.59,99.61,29.48,93.75,54.11,4,internal_medicine,<5_years,low,0,0,GSI only
V242,control,17.68,1,1,149.78,42.26,41.33,18.46,35.46,85.32,43.82,29.2,1,emergency,<5_years,low,0,0,GSI only
V242,gdt,18.06,1,1,155.55,30.98,25.3,5.12,24.68,88.86,24.34,17.56,2,emergency,<5_years,low,0,1,GSI only
V242,cma,20.81,1,1,179.32,30.91,25.44,12.47,31.88,84.35,26.22,5.09,3,emergency,<5_years,low,0,1,GSI only
V242,bm25,22.76,1,1,214.6,38.18,42.14,7.57,40.33,72.47,38.01,28.58,4,emergency,<5_years,low,0,0,GSI only
V243,control,28.01,1,1,166.72,40.91,48.84,7.78,46.69,70.37,49.33,22.48,1,internal_medicine,<5_years,low,0,0,GSI only
V243,bm25,23.16,1,1,187.67,37.74,43.74,7.09,40.76,72.15,36.61,26.1,2,internal_medicine,<5_years,low,0,0,GSI only
V243,cma,24.26,1,1,136.23,32.09,25.68,11.37,27.79,77.0,29.48,21.23,3,internal_medicine,<5_years,low,0,1,GSI only
V243,gdt,23.56,1,1,139.21,29.04,32.37,1.15,25.82,80.4,26.11,8.36,4,internal_medicine,<5_years,low,0,1,GSI only
V244,bm25,52.53,1,2,180.18,43.36,46.9,15.29,51.3,67.76,46.93,31.98,1,critical_care,<5_years,low,0,0,GSI only
V244,control,41.88,1,2,213.33,42.68,44.08,15.34,49.43,67.77,53.39,26.08,2,critical_care,<5_years,low,0,0,GSI only
V244,cma,43.66,1,2,148.98,37.92,39.79,15.55,39.73,68.59,43.42,20.46,3,critical_care,<5_years,low,0,1,GSI only
V244,gdt,41.27,1,2,120.93,34.64,45.03,9.97,25.82,78.59,37.4,11.03,4,critical_care,<5_years,low,0,1,GSI only
V245,gdt,90.63,1,5,148.07,45.08,61.18,20.71,46.83,61.05,53.7,26.99,1,critical_care,<5_years,high,0,1,GSI only
V245,bm25,108.7,1,5,184.36,54.4,73.2,21.74,72.48,47.31,70.81,40.86,2,critical_care,<5_years,high,0,0,GSI only
V245,control,113.59,1,5,192.18,59.26,79.95,15.79,75.5,52.96,78.79,52.57,3,critical_care,<5_years,high,0,0,GSI only
V245,cma,97.29,1,5,150.11,49.25,62.18,18.81,57.06,58.87,64.72,33.89,4,critical_care,<5_years,high,0,1,GSI only
V246,control,113.56,1,5,190.0,56.78,79.42,23.83,70.15,49.47,74.91,42.89,1,critical_care,>=5_years,high,0,0,GSI only
V246,bm25,116.74,1,5,192.84,59.69,79.52,23.23,73.59,50.88,82.59,48.32,2,critical_care,>=5_years,high,0,0,GSI only
V246,cma,94.73,1,5,156.67,49.06,68.57,21.91,53.37,56.55,64.18,29.76,3,critical_care,>=5_years,high,0,1,GSI only
V246,gdt,91.49,1,5,132.39,44.9,61.2,14.76,49.36,65.01,52.63,26.43,4,critical_care,>=5_years,high,0,1,GSI only
V247,bm25,124.13,1,5,204.51,57.36,80.92,20.6,74.43,39.19,84.11,44.89,1,internal_medicine,>=5_years,high,0,0,GSI only
V247,gdt,90.17,1,5,126.85,46.49,58.37,14.11,50.42,61.7,62.36,31.96,2,internal_medicine,>=5_years,high,0,1,GSI only
V247,control,119.99,1,5,187.95,59.73,85.51,21.87,78.71,41.41,81.16,49.69,3,internal_medicine,>=5_years,high,0,0,GSI only
V247,cma,101.84,1,5,146.83,50.83,66.19,17.34,56.35,60.61,60.34,44.14,4,internal_medicine,>=5_years,high,0,1,GSI only
V248,cma,79.87,1,4,135.15,45.29,49.74,22.12,52.78,63.49,54.87,28.76,1,emergency,>=5_years,high,0,1,GSI only
V248,bm25,87.33,1,4,197.47,50.21,67.56,9.76,64.01,54.55,68.22,37.17,2,emergency,>=5_years,high,0,0,GSI only
V248,control,87.45,1,4,191.63,55.99,71.78,22.36,63.96,59.72,76.75,41.37,3,emergency,>=5_years,high,0,0,GSI only
V248,gdt,72.57,1,4,144.58,40.68,50.41,10.15,43.56,65.81,50.77,23.38,4,emergency,>=5_years,high,0,1,GSI only
V249,bm25,45.98,1,2,181.76,43.25,55.49,14.54,45.98,61.28,56.08,26.15,1,emergency,>=5_years,low,0,0,GSI only
V249,cma,40.37,1,2,152.55,35.28,34.86,15.39,36.11,69.89,38.04,17.41,2,emergency,>=5_years,low,0,1,GSI only
V249,gdt,39.14,1,2,133.58,32.51,34.63,11.16,28.87,74.35,29.15,16.91,3,emergency,>=5_years,low,0,1,GSI only
V249,control,45.87,1,2,164.92,45.23,54.77,18.63,44.7,66.29,56.31,30.7,4,emergency,>=5_years,low,0,0,GSI only
V250,bm25,114.21,1,5,186.62,62.28,82.66,29.95,79.48,47.99,80.98,52.65,1,emergency,>=5_years,high,0,0,GSI only
V250,control,116.08,1,5,188.87,58.25,77.58,22.86,80.14,48.54,80.14,40.23,2,emergency,>=5_years,high,0,0,GSI only
V250,cma,99.38,1,5,142.15,48.55,62.92,16.57,60.53,56.35,64.91,30.0,3,emergency,>=5_years,high,0,1,GSI only
V250,gdt,90.75,1,5,134.1,45.57,57.57,17.19,49.33,62.2,53.21,33.94,4,emergency,>=5_years,high,0,1,GSI only
V251,bm25,92.49,1,4,186.86,56.1,75.86,21.6,69.11,52.41,76.91,40.74,1,emergency,<5_years,high,0,0,GSI only
V251,cma,73.08,1,4,154.57,45.89,58.44,14.35,48.93,71.46,49.78,32.41,2,emergency,<5_years,high,0,1,GSI only
V251,control,87.72,1,4,183.74,54.13,69.65,20.14,64.35,57.31,72.67,40.65,3,emergency,<5_years,high,0,0,GSI only
V251,gdt,76.82,1,4,132.08,45.9,53.09,18.84,47.93,68.77,57.54,29.22,4,emergency,<5_years,high,0,1,GSI only
V252,gdt,51.41,1,3,137.68,35.1,43.33,7.21,37.21,71.38,34.44,17.03,1,internal_medicine,<5_years,low,0,1,GSI only
V252,bm25,75.95,1,3,193.99,47.95,64.41,18.27,54.34,59.58,61.47,29.65,2,internal_medicine,<5_years,low,0,0,GSI only
V252,control,72.92,1,3,171.77,49.72,63.3,20.52,61.33,54.54,63.88,34.78,3,internal_medicine,<5_years,low,0,0,GSI only
V252,cma,64.73,1,3,159.25,43.18,45.04,19.81,48.77,73.92,44.92,26.61,4,internal_medicine,<5_years,low,0,1,GSI only
V253,bm25,27.39,1,1,180.63,40.19,42.17,14.58,46.2,67.59,43.59,27.04,1,hospital_medicine,>=5_years,low,0,0,GSI only
V253,gdt,17.93,1,1,133.42,29.51,21.54,17.22,21.63,82.07,23.99,10.62,2,hospital_medicine,>=5_years,low,0,1,GSI only
V253,cma,19.08,1,1,147.9,31.18,34.64,7.13,25.14,78.57,32.15,9.44,3,hospital_medicine,>=5_years,low,0,1,GSI only
V253,control,22.45,1,1,160.77,39.21,46.16,13.81,34.52,77.33,40.18,23.26,4,hospital_medicine,>=5_years,low,0,0,GSI only
V254,control,52.85,1,2,193.11,46.52,52.65,15.81,53.53,61.78,56.96,38.4,1,emergency,>=5_years,low,0,0,GSI only
V254,gdt,37.06,1,2,122.4,32.35,30.64,6.45,25.58,84.74,34.41,12.31,2,emergency,>=5_years,low,0,1,GSI only
V254,cma,40.3,1,2,149.73,34.43,36.54,11.08,34.59,70.34,38.18,15.84,3,emergency,>=5_years,low,0,1,GSI only
V254,bm25,51.06,1,2,205.62,45.64,56.61,16.44,52.79,64.08,50.82,33.13,4,emergency,>=5_years,low,0,0,GSI only
V255,cma,24.49,1,1,119.55,27.86,28.47,2.97,19.42,76.37,22.13,17.81,1,emergency,>=5_years,low,0,1,GSI only
V255,bm25,21.92,1,1,186.66,37.03,46.48,12.18,38.07,70.41,36.27,18.74,2,emergency,>=5_years,low,0,0,GSI only
V255,gdt,21.98,1,1,124.09,29.47,28.59,8.41,19.03,83.42,24.68,12.67,3,emergency,>=5_years,low,0,1,GSI only
V255,control,21.59,1,1,194.37,40.21,45.98,17.6,37.37,70.76,41.94,27.61,4,emergency,>=5_years,low,0,0,GSI only
V256,cma,17.45,1,1,181.86,30.58,28.54,7.07,27.4,78.49,29.05,12.92,1,internal_medicine,>=5_years,low,0,1,GSI only
V256,control,18.53,1,1,184.54,41.68,47.82,13.66,43.63,71.98,43.67,29.28,2,internal_medicine,>=5_years,low,0,0,GSI only
V256,gdt,16.78,1,1,144.11,27.38,21.22,3.34,17.88,82.02,30.89,8.9,3,internal_medicine,>=5_years,low,0,1,GSI only
V256,bm25,22.43,1,1,165.57,39.75,37.69,14.68,40.84,73.47,49.27,22.53,4,internal_medicine,>=5_years,low,0,0,GSI only
V257,bm25,45.57,1,2,218.33,41.87,56.51,13.58,43.61,67.33,43.94,26.27,1,hospital_medicine,>=5_years,low,0,0,GSI only
V257,control,45.12,1,2,173.54,42.32,56.59,10.79,46.65,63.31,47.72,28.83,2,hospital_medicine,>=5_years,low,0,0,GSI only
V257,gdt,34.99,1,2,125.74,33.43,32.36,10.14,27.66,86.06,28.54,15.81,3,hospital_medicine,>=5_years,low,0,1,GSI only
V257,cma,39.7,1,2,157.21,35.08,38.97,9.88,38.37,68.12,38.53,16.6,4,hospital_medicine,>=5_years,low,0,1,GSI only
V258,cma,66.3,1,3,139.92,39.02,57.4,12.36,40.76,63.77,35.42,24.41,1,critical_care,>=5_years,low,0,1,GSI only
V258,control,66.36,1,3,177.16,47.56,58.98,17.26,62.77,56.4,54.9,35.05,2,critical_care,>=5_years,low,0,0,GSI only
V258,bm25,71.62,1,3,203.36,47.63,60.35,17.41,55.65,57.78,60.89,33.7,3,critical_care,>=5_years,low,0,0,GSI only
V258,gdt,65.43,1,3,126.84,39.08,45.67,11.99,37.48,79.35,38.61,21.38,4,critical_care,>=5_years,low,0,1,GSI only
V259,bm25,20.32,1,1,170.21,38.56,38.27,12.87,33.53,74.02,41.29,31.4,1,internal_medicine,>=5_years,low,0,0,GSI only
V259,gdt,18.03,1,1,150.68,29.65,20.39,15.29,17.42,81.37,28.08,15.33,2,internal_medicine,>=5_years,low,0,1,GSI only
V259,control,24.84,1,1,185.87,40.41,44.57,11.05,42.6,80.33,39.71,24.19,3,internal_medicine,>=5_years,low,0,0,GSI only
V259,cma,19.51,1,1,136.79,32.29,32.68,7.34,29.55,78.29,28.25,17.64,4,internal_medicine,>=5_years,low,0,1,GSI only
V260,bm25,91.89,1,4,201.51,52.67,64.47,17.27,75.95,49.23,65.52,43.58,1,internal_medicine,>=5_years,high,0,0,GSI only
V260,control,92.31,1,4,182.67,57.39,69.48,13.74,71.71,62.67,82.43,44.31,2,internal_medicine,>=5_years,high,0,0,GSI only
V260,cma,85.1,1,4,141.02,46.4,61.6,17.67,50.07,62.3,53.85,32.93,3,internal_medicine,>=5_years,high,0,1,GSI only
V260,gdt,73.96,1,4,122.26,41.25,46.14,10.23,43.88,67.24,49.15,30.87,4,internal_medicine,>=5_years,high,0,1,GSI only
V261,cma,56.67,1,3,137.2,38.71,42.14,15.53,33.23,72.02,45.48,23.89,1,critical_care,>=5_years,low,0,1,GSI only
V261,gdt,55.85,1,3,107.08,37.42,40.1,17.15,41.44,68.31,43.41,14.14,2,critical_care,>=5_years,low,0,1,GSI only
V261,control,72.4,1,3,183.07,46.64,55.52,11.98,54.96,59.27,60.2,37.9,3,critical_care,>=5_years,low,0,0,GSI only
V261,bm25,178.5,0,3,189.95,67.13,96.11,21.22,94.68,43.9,96.27,50.63,4,critical_care,>=5_years,low,0,0,GSI only
V262,gdt,19.62,1,1,131.61,28.65,29.42,10.53,18.12,86.25,22.12,5.48,1,internal_medicine,<5_years,low,0,1,GSI only
V262,bm25,20.51,1,1,215.38,37.35,45.4,9.34,37.22,71.97,37.9,22.3,2,internal_medicine,<5_years,low,0,0,GSI only
V262,cma,20.9,1,1,168.25,28.43,26.45,12.32,20.8,72.25,28.16,10.59,3,internal_medicine,<5_years,low,0,1,GSI only
V262,control,25.2,1,1,193.95,36.84,44.55,9.88,36.8,67.37,40.17,22.25,4,internal_medicine,<5_years,low,0,0,GSI only
V263,control,44.12,1,2,196.7,44.99,50.93,16.87,49.8,72.19,52.53,27.6,1,internal_medicine,>=5_years,low,0,0,GSI only
V263,cma,39.06,1,2,151.2,36.11,41.28,2.97,38.21,76.16,38.06,19.99,2,internal_medicine,>=5_years,low,0,1,GSI only
V263,bm25,50.38,1,2,167.75,42.45,54.97,10.18,48.32,66.7,47.71,26.85,3,internal_medicine,>=5_years,low,0,0,GSI only
V263,gdt,41.44,1,2,128.54,33.48,38.23,14.15,35.38,73.12,32.61,7.41,4,internal_medicine,>=5_years,low,0,1,GSI only
V264,gdt,62.02,1,3,124.87,38.27,46.02,5.04,39.34,68.66,44.86,25.7,1,internal_medicine,<5_years,low,1,1,GSI only
V264,control,75.45,1,3,192.21,49.64,59.37,11.86,59.0,65.34,65.93,36.35,2,internal_medicine,<5_years,low,1,0,GSI only
V264,cma,60.1,1,3,146.54,40.57,39.31,15.31,52.18,66.54,48.6,21.49,3,internal_medicine,<5_years,low,1,1,GSI only
V264,bm25,73.37,1,3,203.62,47.81,64.01,8.97,54.6,56.76,60.89,41.63,4,internal_medicine,<5_years,low,1,0,GSI only
V265,control,89.89,1,4,167.87,57.04,81.55,20.07,64.81,61.18,67.09,47.53,1,hospital_medicine,<5_years,high,1,0,GSI only
V265,bm25,96.85,1,4,179.38,49.63,70.38,13.2,67.57,43.39,63.91,39.34,2,hospital_medicine,<5_years,high,1,0,GSI only
V265,cma,80.65,1,4,138.19,43.39,54.24,8.7,55.39,55.41,57.72,28.85,3,hospital_medicine,<5_years,high,1,1,GSI only
V265,gdt,79.59,1,4,118.71,43.8,54.51,13.71,47.75,70.68,50.4,25.74,4,hospital_medicine,<5_years,high,1,1,GSI only
V266,control,93.44,1,4,183.09,54.5,66.49,25.87,70.63,57.12,65.19,41.68,1,hospital_medicine,>=5_years,high,0,0,GSI only
V266,gdt,76.47,1,4,132.37,42.39,52.18,9.37,44.93,71.37,56.05,20.44,2,hospital_medicine,>=5_years,high,0,1,GSI only
V266,cma,75.93,1,4,142.75,46.86,54.38,26.52,48.5,60.81,56.79,34.17,3,hospital_medicine,>=5_years,high,0,1,GSI only
V266,bm25,98.59,1,4,187.26,55.68,75.23,20.4,72.36,50.03,75.39,40.66,4,hospital_medicine,>=5_years,high,0,0,GSI only
V267,bm25,21.61,1,1,186.03,38.66,40.75,13.4,30.33,79.49,43.62,24.38,1,emergency,>=5_years,low,0,0,GSI only
V267,gdt,19.89,1,1,129.21,31.15,30.99,14.22,21.98,81.99,27.51,10.21,2,emergency,>=5_years,low,0,1,GSI only
V267,cma,19.82,1,1,135.94,30.58,20.91,12.26,31.71,81.53,24.86,12.22,3,emergency,>=5_years,low,0,1,GSI only
V267,control,26.79,1,1,171.71,38.86,37.7,9.4,41.84,70.38,44.78,29.09,4,emergency,>=5_years,low,0,0,GSI only
V268,bm25,205.96,0,5,197.4,69.5,100.0,21.1,100.0,30.93,100.0,64.97,1,emergency,<5_years,high,1,0,GSI only
V268,control,123.0,1,5,197.23,59.7,83.81,12.29,81.29,50.89,83.27,46.63,2,emergency,<5_years,high,1,0,GSI only
V268,cma,100.72,1,5,154.2,49.83,64.31,15.93,62.17,57.84,67.94,30.8,3,emergency,<5_years,high,1,1,GSI only
V268,gdt,91.82,1,5,135.03,44.14,56.5,11.33,53.36,61.39,53.23,29.02,4,emergency,<5_years,high,1,1,GSI only
V269,cma,81.99,1,4,148.6,47.09,58.73,18.24,52.11,62.21,60.2,31.08,1,internal_medicine,>=5_years,high,1,1,GSI only
V269,bm25,83.34,1,4,193.84,53.5,73.38,17.66,60.38,62.36,63.74,43.47,2,internal_medicine,>=5_years,high,1,0,GSI only
V269,control,95.68,1,4,187.08,54.79,78.02,16.32,73.89,52.58,68.21,39.77,3,internal_medicine,>=5_years,high,1,0,GSI only
V269,gdt,74.35,1,4,125.07,40.42,53.05,5.77,41.93,70.37,48.99,22.44,4,internal_medicine,>=5_years,high,1,1,GSI only
V270,bm25,71.09,1,3,190.28,49.65,65.1,14.55,65.8,55.46,62.42,34.59,1,internal_medicine,<5_years,low,0,0,GSI only
V270,gdt,63.55,1,3,119.5,37.25,53.27,6.85,35.39,74.98,28.9,24.13,2,internal_medicine,<5_years,low,0,1,GSI only
V270,cma,57.03,1,3,147.86,40.13,44.46,14.05,44.12,69.53,41.44,27.18,3,internal_medicine,<5_years,low,0,1,GSI only
V270,control,68.48,1,3,182.79,49.01,56.51,18.71,54.89,59.48,66.94,37.52,4,internal_medicine,<5_years,low,0,0,GSI only
V271,control,40.98,1,2,180.1,39.62,44.0,18.26,43.44,56.24,46.39,29.4,1,internal_medicine,<5_years,low,0,0,GSI only
V271,cma,43.08,1,2,154.44,38.83,45.75,12.4,40.66,75.49,37.38,21.3,2,internal_medicine,<5_years,low,0,1,GSI only
V271,bm25,43.3,1,2,206.27,43.53,49.57,11.48,43.82,64.03,56.63,35.66,3,internal_medicine,<5_years,low,0,0,GSI only
V271,gdt,37.66,1,2,118.72,34.42,40.39,7.81,24.91,81.48,37.29,14.63,4,internal_medicine,<5_years,low,0,1,GSI only
V272,control,69.87,1,3,171.6,49.37,57.33,15.75,67.09,61.13,65.35,29.57,1,hospital_medicine,<5_years,low,0,0,GSI only
V272,gdt,58.54,1,3,116.28,35.04,42.51,5.23,39.18,68.76,37.74,16.81,2,hospital_medicine,<5_years,low,0,1,GSI only
V272,bm25,70.63,1,3,163.41,47.96,62.78,15.97,55.06,59.62,58.44,35.91,3,hospital_medicine,<5_years,low,0,0,GSI only
V272,cma,59.83,1,3,139.25,37.24,42.48,9.63,46.89,71.56,33.3,19.57,4,hospital_medicine,<5_years,low,0,1,GSI only
V273,gdt,81.73,1,4,128.32,42.33,52.13,17.23,49.26,64.86,50.86,19.63,1,internal_medicine,<5_years,high,0,1,GSI only
V273,control,102.21,1,4,196.4,56.44,77.24,23.1,75.08,50.65,68.74,43.81,2,internal_medicine,<5_years,high,0,0,GSI only
V273,cma,76.49,1,4,145.28,46.22,58.29,11.69,52.04,64.86,58.58,31.85,3,internal_medicine,<5_years,high,0,1,GSI only
V273,bm25,89.79,1,4,210.53,53.44,67.75,23.95,68.81,50.61,68.62,40.93,4,internal_medicine,<5_years,high,0,0,GSI only
V274,bm25,221.96,0,5,198.95,70.02,100.0,26.26,100.0,25.85,100.0,68.03,1,critical_care,<5_years,high,0,0,GSI only
V274,control,126.09,1,5,207.71,61.23,90.46,25.58,77.82,42.76,83.92,46.85,2,critical_care,<5_years,high,0,0,GSI only
V274,cma,100.95,1,5,142.4,51.75,68.45,18.78,58.43,60.62,62.7,41.5,3,critical_care,<5_years,high,0,1,GSI only
V274,gdt,94.5,1,5,129.21,44.8,46.21,22.15,51.88,65.4,56.56,26.59,4,critical_care,<5_years,high,0,1,GSI only
V275,bm25,206.05,0,4,181.36,72.65,100.0,34.95,100.0,29.09,100.0,71.85,1,internal_medicine,<5_years,high,2,0,GSI only
V275,control,95.52,1,4,189.04,53.79,66.68,19.87,73.16,54.46,69.04,39.52,2,internal_medicine,<5_years,high,2,0,GSI only
V275,cma,83.46,1,4,141.8,48.45,60.83,11.54,62.96,69.45,52.3,33.63,3,internal_medicine,<5_years,high,2,1,GSI only
V275,gdt,73.28,1,4,131.18,43.93,53.91,13.34,42.48,73.43,52.23,28.22,4,internal_medicine,<5_years,high,2,1,GSI only
V276,control,68.87,1,3,200.3,47.63,63.54,12.79,55.34,56.86,63.16,34.12,1,internal_medicine,<5_years,low,0,0,GSI only
V276,cma,64.0,1,3,153.96,42.66,47.87,18.99,44.85,70.62,44.74,28.88,2,internal_medicine,<5_years,low,0,1,GSI only
V276,gdt,59.8,1,3,131.34,34.61,38.85,5.07,34.69,68.37,38.21,22.48,3,internal_medicine,<5_years,low,0,1,GSI only
V276,bm25,65.97,1,3,179.55,48.43,59.82,23.5,56.49,58.03,59.58,33.18,4,internal_medicine,<5_years,low,0,0,GSI only
V277,control,117.57,1,5,194.54,60.18,82.73,19.68,76.14,39.93,88.48,54.1,1,internal_medicine,<5_years,high,0,0,GSI only
V277,gdt,94.02,1,5,130.71,47.39,59.25,22.27,50.88,58.99,57.41,35.52,2,internal_medicine,<5_years,high,0,1,GSI only
V277,bm25,109.45,1,5,193.52,60.05,75.08,24.71,80.89,54.59,81.31,43.73,3,internal_medicine,<5_years,high,0,0,GSI only
V277,cma,99.1,1,5,145.76,48.5,58.89,15.79,60.81,56.35,64.4,34.78,4,internal_medicine,<5_years,high,0,1,GSI only
V278,cma,102.0,1,5,140.76,49.37,69.41,14.91,53.82,61.64,65.77,30.65,1,critical_care,<5_years,high,3,1,GSI only
V278,gdt,92.67,1,5,127.35,45.03,59.45,9.6,54.13,61.1,50.88,35.0,2,critical_care,<5_years,high,3,1,GSI only
V278,bm25,110.55,1,5,193.7,56.8,75.42,15.88,71.79,52.95,78.07,46.69,3,critical_care,<5_years,high,3,0,GSI only
V278,control,118.87,1,5,192.3,60.73,77.82,22.35,82.42,46.76,81.33,53.67,4,critical_care,<5_years,high,3,0,GSI only
V279,control,25.06,1,1,202.9,39.77,50.31,8.13,36.54,72.66,39.7,31.3,1,emergency,<5_years,low,0,0,GSI only
V279,gdt,19.57,1,1,142.16,28.82,29.92,5.42,16.97,90.3,24.11,6.22,2,emergency,<5_years,low,0,1,GSI only
V279,bm25,22.62,1,1,164.32,41.23,44.84,9.44,39.3,74.58,42.57,36.62,3,emergency,<5_years,low,0,0,GSI only
V279,cma,18.65,1,1,158.84,30.96,36.24,11.9,23.07,79.59,22.04,12.9,4,emergency,<5_years,low,0,1,GSI only
V280,bm25,88.59,1,4,190.44,51.82,67.23,14.35,60.62,57.89,71.32,39.53,1,critical_care,<5_years,high,0,0,GSI only
V280,cma,85.86,1,4,137.95,45.86,63.16,17.49,50.48,57.7,52.42,33.89,2,critical_care,<5_years,high,0,1,GSI only
V280,gdt,71.46,1,4,130.66,42.21,47.58,18.65,39.13,67.73,49.79,30.38,3,critical_care,<5_years,high,0,1,GSI only
V280,control,87.52,1,4,191.36,54.0,74.33,21.8,64.21,54.95,64.93,43.78,4,critical_care,<5_years,high,0,0,GSI only
V281,cma,61.7,1,3,148.03,40.17,50.24,16.34,37.49,68.76,42.96,25.24,1,hospital_medicine,<5_years,low,0,1,GSI only
V281,bm25,72.51,1,3,182.96,50.38,60.59,15.78,60.67,64.53,63.79,36.92,2,hospital_medicine,<5_years,low,0,0,GSI only
V281,gdt,59.37,1,3,125.93,37.42,38.78,15.78,40.35,70.42,34.63,24.56,3,hospital_medicine,<5_years,low,0,1,GSI only
V281,control,67.84,1,3,201.08,46.85,60.24,11.52,52.96,62.35,55.42,38.61,4,hospital_medicine,<5_years,low,0,0,GSI only
V282,control,118.91,1,5,183.01,60.08,85.06,19.86,80.73,44.66,85.51,44.62,1,emergency,<5_years,high,0,0,GSI only
V282,bm25,229.67,0,5,180.76,71.48,100.0,34.57,100.0,19.95,100.0,74.35,2,emergency,<5_years,high,0,0,GSI only
V282,cma,102.3,1,5,138.73,49.38,65.26,20.74,57.4,56.77,57.2,38.92,3,emergency,<5_years,high,0,1,GSI only
V282,gdt,91.49,1,5,124.48,44.99,61.29,9.88,51.37,59.74,56.09,31.57,4,emergency,<5_years,high,0,1,GSI only
V283,cma,58.26,1,3,152.84,41.3,53.87,14.9,40.32,68.7,50.47,19.53,1,critical_care,<5_years,low,0,1,GSI only
V283,bm25,63.21,1,3,176.04,49.5,58.85,20.96,59.56,65.56,62.89,29.21,2,critical_care,<5_years,low,0,0,GSI only
V283,gdt,57.92,1,3,131.17,36.14,42.45,5.49,38.95,69.59,42.08,18.32,3,critical_care,<5_years,low,0,1,GSI only
V283,control,65.03,1,3,202.73,49.88,64.64,13.83,66.13,61.31,59.83,33.51,4,critical_care,<5_years,low,0,0,GSI only
V284,cma,64.08,1,3,157.04,42.14,46.32,21.3,37.07,73.52,47.42,27.18,1,emergency,<5_years,low,1,1,GSI only
V284,gdt,59.85,1,3,124.34,37.45,43.64,17.04,32.78,69.01,42.99,19.26,2,emergency,<5_years,low,1,1,GSI only
V284,bm25,66.57,1,3,187.68,48.92,63.4,17.77,55.17,64.67,60.73,31.76,3,emergency,<5_years,low,1,0,GSI only
V284,control,70.95,1,3,181.14,50.16,61.2,21.81,60.41,57.77,64.58,35.22,4,emergency,<5_years,low,1,0,GSI only
V285,cma,36.12,1,2,148.71,31.81,37.55,10.38,35.18,64.73,27.08,15.94,1,emergency,>=5_years,low,0,1,GSI only
V285,gdt,37.96,1,2,131.38,32.66,35.54,12.23,33.41,74.89,30.98,8.89,2,emergency,>=5_years,low,0,1,GSI only
V285,control,43.94,1,2,168.97,47.85,51.09,19.87,57.18,68.36,56.01,34.6,3,emergency,>=5_years,low,0,0,GSI only
V285,bm25,148.48,0,2,186.08,60.85,87.3,18.3,83.59,48.27,78.04,49.59,4,emergency,>=5_years,low,0,0,GSI only
V286,cma,99.93,1,5,142.13,46.34,56.65,18.17,61.39,49.28,58.89,33.69,1,emergency,<5_years,high,2,1,GSI only
V286,gdt,187.43,0,5,132.14,60.79,96.86,21.58,81.47,41.35,77.49,46.0,2,emergency,<5_years,high,2,1,GSI only
V286,bm25,124.41,1,5,181.38,62.1,83.72,29.87,74.79,45.6,81.69,56.92,3,emergency,<5_years,high,2,0,GSI only
V286,control,114.58,1,5,195.28,60.57,84.73,21.65,80.55,46.09,80.71,49.7,4,emergency,<5_years,high,2,0,GSI only
V287,control,43.94,1,2,176.56,42.07,47.99,8.13,49.76,67.58,47.75,31.19,1,critical_care,<5_years,low,0,0,GSI only
V287,gdt,38.58,1,2,124.27,36.16,39.02,17.0,29.48,81.67,33.57,16.2,2,critical_care,<5_years,low,0,1,GSI only
V287,cma,37.42,1,2,145.18,32.7,31.56,0.66,30.23,77.87,38.92,16.98,3,critical_care,<5_years,low,0,1,GSI only
V287,bm25,45.42,1,2,174.1,43.71,50.08,14.09,46.16,68.71,52.99,30.21,4,critical_care,<5_years,low,0,0,GSI only
V288,control,116.98,1,5,185.84,58.01,84.09,19.36,71.24,51.66,74.84,46.85,1,emergency,<5_years,high,1,0,GSI only
V288,cma,102.59,1,5,148.03,46.82,62.48,10.14,62.46,63.79,52.87,29.16,2,emergency,<5_years,high,1,1,GSI only
V288,bm25,109.14,1,5,195.33,58.95,80.73,21.13,73.25,44.63,82.61,51.36,3,emergency,<5_years,high,1,0,GSI only
V288,gdt,103.37,1,5,119.5,47.95,63.6,17.13,54.61,59.19,60.64,32.51,4,emergency,<5_years,high,1,1,GSI only
V289,bm25,91.13,1,4,176.63,53.78,68.75,13.99,75.49,56.58,73.33,34.53,1,critical_care,<5_years,high,0,0,GSI only
V289,gdt,75.35,1,4,123.27,42.09,52.78,16.65,45.4,67.24,41.88,28.58,2,critical_care,<5_years,high,0,1,GSI only
V289,control,89.11,1,4,177.55,52.19,75.07,19.53,58.67,51.5,65.71,42.68,3,critical_care,<5_years,high,0,0,GSI only
V289,cma,75.53,1,4,156.57,45.44,54.0,20.82,40.88,70.28,51.17,35.49,4,critical_care,<5_years,high,0,1,GSI only
V290,gdt,34.44,1,2,141.63,31.94,23.1,6.44,26.37,78.45,36.56,20.76,1,internal_medicine,<5_years,low,0,1,GSI only
V290,cma,40.5,1,2,139.14,36.24,40.91,17.31,34.42,74.86,38.01,11.94,2,internal_medicine,<5_years,low,0,1,GSI only
V290,bm25,48.52,1,2,196.95,45.49,55.48,18.77,45.71,64.92,57.95,30.12,3,internal_medicine,<5_years,low,0,0,GSI only
V290,control,46.38,1,2,198.88,45.59,55.86,15.3,51.65,68.94,53.89,27.89,4,internal_medicine,<5_years,low,0,0,GSI only
V291,cma,18.53,1,1,158.29,30.26,30.55,8.92,26.61,77.49,25.63,12.37,1,critical_care,>=5_years,low,0,1,GSI only
V291,control,21.26,1,1,181.77,42.67,41.93,18.81,43.81,78.98,48.1,24.36,2,critical_care,>=5_years,low,0,0,GSI only
V291,gdt,19.73,1,1,146.96,26.14,23.72,3.29,17.73,82.33,22.77,6.97,3,critical_care,>=5_years,low,0,1,GSI only
V291,bm25,22.67,1,1,164.82,37.32,35.25,11.54,47.71,70.9,32.88,25.65,4,critical_care,>=5_years,low,0,0,GSI only
V292,control,46.16,1,2,186.72,42.96,48.84,11.81,51.19,65.23,57.64,23.06,1,emergency,<5_years,low,0,0,GSI only
V292,cma,38.67,1,2,125.87,37.6,43.23,11.57,29.82,74.12,45.36,21.52,2,emergency,<5_years,low,0,1,GSI only
V292,bm25,43.79,1,2,197.08,42.45,53.02,11.42,45.49,65.5,47.13,32.15,3,emergency,<5_years,low,0,0,GSI only
V292,gdt,36.4,1,2,123.84,34.27,31.14,10.22,27.11,75.55,37.51,24.09,4,emergency,<5_years,low,0,1,GSI only
V293,bm25,88.57,1,4,189.06,52.59,74.8,18.29,62.16,48.92,73.07,38.26,1,emergency,<5_years,high,1,0,GSI only
V293,cma,78.42,1,4,137.36,47.06,57.47,14.0,55.95,62.89,59.45,32.61,2,emergency,<5_years,high,1,1,GSI only
V293,control,88.76,1,4,204.43,52.02,71.75,10.62,62.74,53.36,72.35,41.32,3,emergency,<5_years,high,1,0,GSI only
V293,gdt,77.98,1,4,119.65,41.22,50.24,12.6,45.72,69.44,45.3,24.01,4,emergency,<5_years,high,1,1,GSI only
V294,control,46.04,1,2,187.85,42.46,46.11,12.71,51.1,67.15,48.29,29.4,1,critical_care,<5_years,low,0,0,GSI only
V294,bm25,43.32,1,2,179.5,44.54,43.17,13.79,51.85,75.01,51.47,31.93,2,critical_care,<5_years,low,0,0,GSI only
V294,cma,45.24,1,2,156.73,35.47,39.67,11.42,40.73,66.7,34.45,19.85,3,critical_care,<5_years,low,0,1,GSI only
V294,gdt,36.5,1,2,124.81,34.83,36.47,13.38,28.87,78.46,30.92,20.86,4,critical_care,<5_years,low,0,1,GSI only
V295,cma,56.7,1,3,145.28,39.36,43.31,11.23,44.46,70.64,43.6,22.92,1,critical_care,>=5_years,low,0,1,GSI only
V295,control,67.26,1,3,194.04,48.83,59.17,13.56,59.24,62.11,64.16,34.73,2,critical_care,>=5_years,low,0,0,GSI only
V295,bm25,67.24,1,3,172.69,49.6,58.62,20.66,54.11,64.61,64.36,35.23,3,critical_care,>=5_years,low,0,0,GSI only
V295,gdt,60.42,1,3,131.18,39.55,46.19,18.37,34.93,80.63,38.11,19.06,4,critical_care,>=5_years,low,0,1,GSI only
V296,gdt,80.04,1,4,134.49,45.26,56.34,23.9,56.06,67.66,44.26,23.35,1,critical_care,>=5_years,high,0,1,GSI only
V296,cma,85.48,1,4,149.34,46.32,58.13,10.72,53.51,65.33,56.49,33.76,2,critical_care,>=5_years,high,0,1,GSI only
V296,control,88.87,1,4,200.83,57.53,76.95,13.68,74.39,61.41,73.8,44.93,3,critical_care,>=5_years,high,0,0,GSI only
V296,bm25,95.5,1,4,183.06,56.88,75.04,13.97,74.58,57.72,78.41,41.53,4,critical_care,>=5_years,high,0,0,GSI only
V297,bm25,48.66,1,2,186.81,42.98,54.26,16.64,49.4,57.21,47.3,33.1,1,critical_care,<5_years,low,0,0,GSI only
V297,gdt,40.0,1,2,134.61,32.8,31.11,12.52,31.83,75.47,31.01,14.88,2,critical_care,<5_years,low,0,1,GSI only
V297,cma,40.65,1,2,152.72,36.44,35.54,12.83,38.01,75.9,36.79,19.6,3,critical_care,<5_years,low,0,1,GSI only
V297,control,48.38,1,2,185.07,44.71,53.66,13.92,52.56,67.79,51.48,28.83,4,critical_care,<5_years,low,0,0,GSI only
V298,control,107.62,1,5,190.24,58.31,74.59,20.42,82.18,52.74,70.36,49.55,1,emergency,<5_years,high,0,0,GSI only
V298,bm25,117.5,1,5,191.75,58.95,78.52,18.42,81.18,49.08,80.89,45.61,2,emergency,<5_years,high,0,0,GSI only
V298,cma,96.0,1,5,141.95,49.33,60.51,9.25,59.59,62.47,61.73,42.41,3,emergency,<5_years,high,0,1,GSI only
V298,gdt,97.75,1,5,123.48,45.15,56.2,20.16,51.43,60.97,49.14,32.98,4,emergency,<5_years,high,0,1,GSI only
V299,control,20.97,1,1,209.42,39.79,38.79,11.02,43.77,75.22,44.7,25.2,1,internal_medicine,<5_years,low,0,0,GSI only
V299,gdt,21.84,1,1,142.55,31.41,30.8,8.18,32.14,85.67,23.6,8.07,2,internal_medicine,<5_years,low,0,1,GSI only
V299,cma,19.77,1,1,128.28,31.0,23.15,14.56,28.7,77.79,27.19,14.64,3,internal_medicine,<5_years,low,0,1,GSI only
V299,bm25,22.49,1,1,195.83,37.31,39.56,10.45,32.42,73.11,40.59,27.73,4,internal_medicine,<5_years,low,0,0,GSI only
V300,bm25,20.44,1,1,179.48,34.81,38.51,1.46,43.93,72.72,35.91,16.36,1,emergency,<5_years,low,0,0,GSI only
V300,control,26.8,1,1,161.42,39.7,42.3,11.46,44.07,73.91,38.3,28.13,2,emergency,<5_years,low,0,0,GSI only
V300,cma,19.48,1,1,147.9,30.54,35.93,4.53,21.94,77.43,26.13,17.31,3,emergency,<5_years,low,0,1,GSI only
V300,gdt,16.71,1,1,114.85,27.79,20.31,0.0,19.34,86.94,23.43,16.7,4,emergency,<5_years,low,0,1,GSI only
V001,gdt,36.64,1,2,125.72,34.94,23.4,12.27,30.93,85.88,35.15,22.05,1,emergency,<5_years,low,1,1,JEPA only
V001,bm25,46.94,1,2,220.9,43.83,49.41,19.19,50.89,67.37,46.79,29.35,2,emergency,<5_years,low,1,0,JEPA only
V001,control,41.97,1,2,174.98,42.87,45.94,5.62,51.01,66.28,53.39,35.02,3,emergency,<5_years,low,1,0,JEPA only
V001,cma,42.17,1,2,144.56,34.82,27.86,11.09,32.76,74.57,40.33,22.33,4,emergency,<5_years,low,1,1,JEPA only
V002,control,93.63,1,4,178.68,53.24,70.01,10.56,69.81,53.7,69.71,45.65,1,internal_medicine,<5_years,high,2,0,JEPA only
V002,gdt,81.95,1,4,123.1,43.09,52.47,12.55,49.32,60.44,52.27,31.48,2,internal_medicine,<5_years,high,2,1,JEPA only
V002,cma,79.1,1,4,147.05,42.61,49.75,17.86,49.73,66.07,49.81,22.46,3,internal_medicine,<5_years,high,2,1,JEPA only
V002,bm25,92.6,1,4,179.27,52.58,66.4,19.96,63.83,46.24,74.35,44.7,4,internal_medicine,<5_years,high,2,0,JEPA only
V003,control,66.14,1,3,182.72,47.54,58.06,13.08,63.92,53.76,62.33,34.08,1,emergency,<5_years,low,1,0,JEPA only
V003,cma,66.32,1,3,141.07,42.01,47.29,13.65,52.05,65.96,44.77,28.35,2,emergency,<5_years,low,1,1,JEPA only
V003,gdt,60.84,1,3,129.91,39.28,43.97,18.49,38.48,67.76,43.05,23.93,3,emergency,<5_years,low,1,1,JEPA only
V003,bm25,72.34,1,3,192.0,45.43,58.13,14.42,52.92,52.36,60.97,33.77,4,emergency,<5_years,low,1,0,JEPA only
V004,control,70.87,1,3,203.03,48.7,66.41,15.16,61.05,56.45,54.04,39.1,1,emergency,>=5_years,low,0,0,JEPA only
V004,gdt,58.34,1,3,119.62,37.42,41.9,2.88,46.86,66.74,43.71,22.43,2,emergency,>=5_years,low,0,1,JEPA only
V004,cma,60.58,1,3,141.05,39.42,48.6,18.36,42.92,64.19,39.89,22.57,3,emergency,>=5_years,low,0,1,JEPA only
V004,bm25,65.81,1,3,185.04,47.61,65.02,14.37,52.11,59.8,59.09,35.26,4,emergency,>=5_years,low,0,0,JEPA only
V005,gdt,19.98,1,1,147.2,28.61,29.46,12.95,15.7,77.45,24.28,11.8,1,emergency,<5_years,low,0,1,JEPA only
V005,cma,19.92,1,1,165.16,29.12,30.79,0.2,24.55,78.44,30.69,10.09,2,emergency,<5_years,low,0,1,JEPA only
V005,bm25,25.53,1,1,165.05,40.66,49.3,18.09,40.86,68.45,46.82,20.46,3,emergency,<5_years,low,0,0,JEPA only
V005,control,24.77,1,1,183.82,41.46,45.36,11.96,45.11,74.47,43.72,28.12,4,emergency,<5_years,low,0,0,JEPA only
V006,gdt,72.93,1,4,137.9,38.54,47.34,10.22,36.22,68.33,44.25,24.88,1,internal_medicine,<5_years,high,0,1,JEPA only
V006,control,90.7,1,4,204.11,52.12,72.52,11.72,66.92,51.87,69.71,40.0,2,internal_medicine,<5_years,high,0,0,JEPA only
V006,bm25,300.0,0,4,188.39,73.11,100.0,39.28,100.0,11.13,100.0,88.26,3,internal_medicine,<5_years,high,0,0,JEPA only
V006,cma,78.18,1,4,152.33,43.37,49.75,20.1,57.33,66.26,48.63,18.17,4,internal_medicine,<5_years,high,0,1,JEPA only
V007,control,20.2,1,1,209.11,36.49,42.74,3.82,40.78,73.61,35.36,22.61,1,internal_medicine,<5_years,low,0,0,JEPA only
V007,gdt,18.81,1,1,131.69,27.07,24.17,4.27,22.89,88.02,21.51,1.57,2,internal_medicine,<5_years,low,0,1,JEPA only
V007,bm25,25.44,1,1,194.21,38.91,48.0,11.99,36.8,73.08,39.17,24.4,3,internal_medicine,<5_years,low,0,0,JEPA only
V007,cma,24.39,1,1,153.62,30.88,32.5,6.16,24.68,77.7,30.45,13.76,4,internal_medicine,<5_years,low,0,1,JEPA only
V008,cma,101.07,1,5,158.01,50.9,68.64,18.83,64.95,61.7,56.88,34.43,1,internal_medicine,<5_years,high,1,1,JEPA only
V008,gdt,97.58,1,5,131.81,48.18,57.42,16.99,52.99,64.19,63.83,33.64,2,internal_medicine,<5_years,high,1,1,JEPA only
V008,control,113.78,1,5,181.42,59.9,83.47,20.7,80.7,50.06,74.98,49.5,3,internal_medicine,<5_years,high,1,0,JEPA only
V008,bm25,109.43,1,5,196.59,57.18,80.53,16.87,79.76,42.94,75.96,47.02,4,internal_medicine,<5_years,high,1,0,JEPA only
V009,gdt,103.21,1,5,124.38,47.11,59.54,20.4,58.25,58.27,54.28,31.93,1,critical_care,<5_years,high,0,1,JEPA only
V009,bm25,114.65,1,5,208.39,57.38,78.75,14.53,74.94,47.73,82.2,46.16,2,critical_care,<5_years,high,0,0,JEPA only
V009,control,130.72,1,5,197.84,64.47,88.46,29.56,80.24,48.37,89.96,50.2,3,critical_care,<5_years,high,0,0,JEPA only
V009,cma,102.48,1,5,149.0,50.67,60.4,22.95,56.63,61.52,68.46,34.05,4,critical_care,<5_years,high,0,1,JEPA only
V010,bm25,90.05,1,4,187.68,54.73,70.66,18.2,64.94,61.99,70.99,41.57,1,hospital_medicine,>=5_years,high,1,0,JEPA only
V010,cma,85.28,1,4,149.08,45.33,59.75,15.49,50.96,56.49,60.84,28.44,2,hospital_medicine,>=5_years,high,1,1,JEPA only
V010,gdt,74.62,1,4,116.5,43.24,53.15,8.98,50.87,73.46,56.86,16.14,3,hospital_medicine,>=5_years,high,1,1,JEPA only
V010,control,91.85,1,4,198.86,52.86,69.02,15.09,64.96,53.06,72.31,42.72,4,hospital_medicine,>=5_years,high,1,0,JEPA only
V011,cma,36.78,1,2,154.47,33.21,29.94,8.58,33.43,71.45,32.82,23.01,1,internal_medicine,>=5_years,low,1,1,JEPA only
V011,gdt,37.32,1,2,129.78,31.94,32.72,9.72,24.54,77.11,33.76,13.81,2,internal_medicine,>=5_years,low,1,1,JEPA only
V011,bm25,48.72,1,2,194.83,45.58,60.88,16.38,52.85,68.77,49.61,24.99,3,internal_medicine,>=5_years,low,1,0,JEPA only
V011,control,47.21,1,2,185.68,45.99,59.48,17.17,53.77,61.98,51.81,31.71,4,internal_medicine,>=5_years,low,1,0,JEPA only
V012,bm25,20.07,1,1,141.09,38.56,39.68,7.27,43.29,75.89,40.03,25.17,1,hospital_medicine,<5_years,low,0,0,JEPA only
V012,control,24.25,1,1,209.49,39.48,46.7,10.37,38.45,70.61,44.29,26.44,2,hospital_medicine,<5_years,low,0,0,JEPA only
V012,cma,19.46,1,1,173.64,30.98,32.53,14.7,23.18,74.41,27.17,13.87,3,hospital_medicine,<5_years,low,0,1,JEPA only
V012,gdt,15.56,1,1,138.12,29.12,27.01,9.13,27.8,84.8,16.65,9.35,4,hospital_medicine,<5_years,low,0,1,JEPA only
V013,cma,56.1,1,3,149.33,39.88,44.79,14.75,45.39,70.47,37.7,26.22,1,internal_medicine,<5_years,low,1,1,JEPA only
V013,bm25,73.76,1,3,190.73,47.21,67.59,13.1,55.3,53.51,54.42,39.33,2,internal_medicine,<5_years,low,1,0,JEPA only
V013,control,62.85,1,3,183.21,47.96,62.72,11.62,58.27,59.01,59.69,36.44,3,internal_medicine,<5_years,low,1,0,JEPA only
V013,gdt,57.56,1,3,132.68,34.22,39.14,9.18,36.7,70.05,37.67,12.55,4,internal_medicine,<5_years,low,1,1,JEPA only
V014,gdt,37.78,1,2,132.62,32.85,26.21,9.5,28.45,77.24,39.97,15.74,1,internal_medicine,<5_years,low,0,1,JEPA only
V014,control,45.75,1,2,198.94,46.98,57.37,16.15,46.4,73.08,55.61,33.24,2,internal_medicine,<5_years,low,0,0,JEPA only
V014,bm25,44.11,1,2,191.81,47.4,62.59,10.81,50.87,69.84,60.48,29.84,3,internal_medicine,<5_years,low,0,0,JEPA only
V014,cma,42.22,1,2,139.22,40.01,46.07,16.57,38.28,74.55,39.97,24.61,4,internal_medicine,<5_years,low,0,1,JEPA only
V015,bm25,45.9,1,2,192.17,43.8,51.37,9.91,50.44,69.22,47.66,34.21,1,critical_care,<5_years,low,0,0,JEPA only
V015,gdt,37.25,1,2,128.86,34.11,39.98,7.75,36.17,75.75,25.71,19.31,2,critical_care,<5_years,low,0,1,JEPA only
V015,cma,48.31,1,2,150.14,34.9,36.85,6.89,31.71,74.86,37.96,21.14,3,critical_care,<5_years,low,0,1,JEPA only
V015,control,52.51,1,2,195.35,45.56,54.71,11.28,52.46,64.66,60.14,30.12,4,critical_care,<5_years,low,0,0,JEPA only
V016,bm25,20.86,1,1,207.48,37.84,35.75,10.0,37.58,79.74,42.19,21.76,1,emergency,>=5_years,low,0,0,JEPA only
V016,control,20.94,1,1,212.28,34.88,37.47,4.16,32.17,71.01,35.49,28.97,2,emergency,>=5_years,low,0,0,JEPA only
V016,cma,20.41,1,1,160.08,30.47,21.57,9.74,23.18,81.06,30.7,16.59,3,emergency,>=5_years,low,0,1,JEPA only
V016,gdt,18.49,1,1,133.27,27.87,23.81,14.51,14.46,84.46,18.4,11.6,4,emergency,>=5_years,low,0,1,JEPA only
V017,cma,40.59,1,2,154.76,35.29,41.31,15.22,29.88,67.57,32.74,25.02,1,hospital_medicine,>=5_years,low,0,1,JEPA only
V017,bm25,49.25,1,2,206.22,46.84,56.54,13.77,58.47,64.49,52.84,34.93,2,hospital_medicine,>=5_years,low,0,0,JEPA only
V017,control,46.45,1,2,224.68,42.8,43.66,10.88,43.67,69.52,57.16,31.88,3,hospital_medicine,>=5_years,low,0,0,JEPA only
V017,gdt,38.6,1,2,129.41,33.42,35.67,8.26,30.33,77.24,35.19,13.81,4,hospital_medicine,>=5_years,low,0,1,JEPA only
V018,control,69.72,1,3,200.92,48.86,52.94,19.25,55.61,64.65,66.81,33.92,1,internal_medicine,<5_years,low,0,0,JEPA only
V018,bm25,73.05,1,3,190.48,48.36,55.7,18.08,59.83,58.22,61.05,37.29,2,internal_medicine,<5_years,low,0,0,JEPA only
V018,gdt,63.25,1,3,133.41,38.74,44.21,19.44,35.19,66.67,40.28,26.62,3,internal_medicine,<5_years,low,0,1,JEPA only
V018,cma,58.91,1,3,163.93,39.6,52.8,12.36,42.33,68.88,40.04,21.15,4,internal_medicine,<5_years,low,0,1,JEPA only
V019,control,20.91,1,1,178.9,37.72,38.63,14.48,40.25,69.99,38.49,24.47,1,internal_medicine,<5_years,low,0,0,JEPA only
V019,cma,23.25,1,1,149.54,29.55,33.35,3.98,21.93,79.16,33.41,5.48,2,internal_medicine,<5_years,low,0,1,JEPA only
V019,bm25,24.54,1,1,193.08,41.23,46.73,11.3,42.87,73.78,43.76,28.91,3,internal_medicine,<5_years,low,0,0,JEPA only
V019,gdt,18.7,1,1,137.41,31.44,16.59,11.47,19.36,86.59,32.84,21.78,4,internal_medicine,<5_years,low,0,1,JEPA only
V020,cma,15.99,1,1,138.65,31.17,25.38,14.48,22.74,82.61,32.13,9.7,1,critical_care,<5_years,low,0,1,JEPA only
V020,control,22.89,1,1,193.56,39.52,39.11,7.69,38.71,78.52,40.15,32.95,2,critical_care,<5_years,low,0,0,JEPA only
V020,bm25,19.6,1,1,177.17,41.79,45.13,19.25,39.13,82.27,38.43,26.53,3,critical_care,<5_years,low,0,0,JEPA only
V020,gdt,18.79,1,1,144.16,28.93,30.9,5.53,21.01,84.71,22.38,9.04,4,critical_care,<5_years,low,0,1,JEPA only
V021,control,61.96,1,3,170.75,47.24,57.29,18.31,60.52,64.78,49.34,33.22,1,hospital_medicine,>=5_years,low,0,0,JEPA only
V021,bm25,68.62,1,3,183.28,47.59,60.66,20.04,60.01,62.06,49.28,33.52,2,hospital_medicine,>=5_years,low,0,0,JEPA only
V021,gdt,56.94,1,3,120.83,40.64,44.26,14.67,43.49,74.9,43.0,23.54,3,hospital_medicine,>=5_years,low,0,1,JEPA only
V021,cma,59.13,1,3,132.29,40.92,50.3,11.86,48.0,64.01,46.34,24.99,4,hospital_medicine,>=5_years,low,0,1,JEPA only
V022,bm25,119.07,1,5,185.79,61.07,81.85,29.37,76.8,51.59,79.96,46.84,1,critical_care,>=5_years,high,0,0,JEPA only
V022,control,118.94,1,5,204.32,57.38,83.77,17.41,76.33,45.61,81.48,39.67,2,critical_care,>=5_years,high,0,0,JEPA only
V022,gdt,93.76,1,5,137.46,45.44,60.89,11.37,56.1,62.26,55.59,26.44,3,critical_care,>=5_years,high,0,1,JEPA only
V022,cma,100.6,1,5,147.05,50.08,68.07,14.77,59.81,63.84,60.15,33.86,4,critical_care,>=5_years,high,0,1,JEPA only
V023,control,50.54,1,2,183.94,46.37,54.54,15.52,58.17,67.53,51.94,30.54,1,hospital_medicine,<5_years,low,0,0,JEPA only
V023,bm25,150.23,0,2,190.23,61.7,90.21,29.23,73.74,43.69,87.69,45.65,2,hospital_medicine,<5_years,low,0,0,JEPA only
V023,gdt,35.23,1,2,129.22,34.97,34.67,7.76,31.36,80.61,39.21,16.21,3,hospital_medicine,<5_years,low,0,1,JEPA only
V023,cma,37.71,1,2,142.95,35.25,37.15,15.11,30.16,78.34,32.79,17.97,4,hospital_medicine,<5_years,low,0,1,JEPA only
V024,bm25,207.96,0,5,190.29,72.23,100.0,35.51,100.0,32.36,100.0,65.48,1,hospital_medicine,>=5_years,high,0,0,JEPA only
V024,control,111.96,1,5,189.73,58.18,75.51,20.37,80.7,52.27,74.2,46.02,2,hospital_medicine,>=5_years,high,0,0,JEPA only
V024,cma,98.47,1,5,146.72,51.61,66.82,19.28,60.79,56.6,65.79,40.38,3,hospital_medicine,>=5_years,high,0,1,JEPA only
V024,gdt,94.27,1,5,130.05,48.91,62.33,19.55,59.59,59.47,60.77,31.73,4,hospital_medicine,>=5_years,high,0,1,JEPA only
V025,control,25.44,1,1,166.14,40.38,42.54,14.72,45.45,74.17,40.12,25.26,1,internal_medicine,>=5_years,low,0,0,JEPA only
V025,bm25,19.98,1,1,166.97,37.78,46.7,7.77,38.43,72.51,37.7,23.57,2,internal_medicine,>=5_years,low,0,0,JEPA only
V025,cma,21.52,1,1,132.76,30.43,27.44,8.23,26.01,73.7,35.76,11.46,3,internal_medicine,>=5_years,low,0,1,JEPA only
V025,gdt,17.59,1,1,122.81,29.12,28.09,13.08,18.92,77.18,29.3,8.17,4,internal_medicine,>=5_years,low,0,1,JEPA only
V026,control,70.03,1,3,195.79,50.48,67.85,18.98,63.85,54.84,64.77,32.62,1,emergency,>=5_years,low,0,0,JEPA only
V026,bm25,70.03,1,3,189.66,52.01,69.18,20.63,55.9,63.39,66.37,36.61,2,emergency,>=5_years,low,0,0,JEPA only
V026,gdt,54.43,1,3,130.94,37.1,36.28,21.59,36.5,68.41,40.62,19.22,3,emergency,>=5_years,low,0,1,JEPA only
V026,cma,64.14,1,3,146.8,40.48,44.56,15.42,42.93,67.15,44.3,28.5,4,emergency,>=5_years,low,0,1,JEPA only
V027,bm25,113.04,1,5,202.46,56.76,79.27,19.52,71.43,55.02,70.49,44.8,1,emergency,>=5_years,high,0,0,JEPA only
V027,cma,107.71,1,5,162.33,52.37,69.68,17.74,65.37,56.85,69.83,34.75,2,emergency,>=5_years,high,0,1,JEPA only
V027,control,110.44,1,5,204.46,56.91,71.66,24.3,76.63,43.56,73.6,51.7,3,emergency,>=5_years,high,0,0,JEPA only
V027,gdt,95.8,1,5,121.76,48.19,55.48,20.2,62.54,61.39,59.52,29.98,4,emergency,>=5_years,high,0,1,JEPA only
V028,gdt,74.13,1,4,130.46,41.56,49.34,11.36,47.31,68.84,49.5,23.0,1,hospital_medicine,>=5_years,high,2,1,JEPA only
V028,bm25,93.42,1,4,186.41,55.24,70.92,17.5,73.31,53.32,69.95,46.41,2,hospital_medicine,>=5_years,high,2,0,JEPA only
V028,control,92.17,1,4,190.52,54.98,77.58,21.94,65.22,58.05,67.55,39.56,3,hospital_medicine,>=5_years,high,2,0,JEPA only
V028,cma,80.74,1,4,150.85,46.19,60.44,8.91,62.42,65.02,54.66,25.68,4,hospital_medicine,>=5_years,high,2,1,JEPA only
V029,control,104.31,1,4,167.07,58.12,84.46,16.0,73.62,53.46,73.92,47.27,1,emergency,>=5_years,high,0,0,JEPA only
V029,bm25,88.03,1,4,177.73,55.96,72.69,24.78,68.02,57.94,72.69,39.62,2,emergency,>=5_years,high,0,0,JEPA only
V029,cma,79.44,1,4,141.5,43.92,52.73,15.73,52.54,67.0,54.56,20.98,3,emergency,>=5_years,high,0,1,JEPA only
V029,gdt,75.26,1,4,132.98,41.94,50.95,16.17,43.96,62.25,48.83,29.49,4,emergency,>=5_years,high,0,1,JEPA only
V030,gdt,20.43,1,1,118.53,27.45,23.37,2.78,18.69,79.51,28.44,11.9,1,emergency,<5_years,low,0,1,JEPA only
V030,cma,22.31,1,1,171.42,30.02,29.26,10.34,31.87,71.89,23.96,12.77,2,emergency,<5_years,low,0,1,JEPA only
V030,control,27.05,1,1,192.23,41.74,48.2,16.2,44.15,76.31,39.73,25.86,3,emergency,<5_years,low,0,0,JEPA only
V030,bm25,28.57,1,1,191.51,44.24,52.35,20.77,49.43,76.65,41.51,24.71,4,emergency,<5_years,low,0,0,JEPA only
V031,cma,65.04,1,3,160.18,43.0,51.28,17.2,42.96,67.35,51.95,27.3,1,emergency,>=5_years,low,0,1,JEPA only
V031,control,61.2,1,3,187.1,46.33,66.22,14.56,56.62,57.33,52.89,30.36,2,emergency,>=5_years,low,0,0,JEPA only
V031,bm25,68.41,1,3,193.01,50.24,67.71,19.83,60.3,61.74,60.21,31.64,3,emergency,>=5_years,low,0,0,JEPA only
V031,gdt,64.23,1,3,123.21,40.59,42.03,19.66,40.94,67.68,48.2,25.02,4,emergency,>=5_years,low,0,1,JEPA only
V032,bm25,97.54,1,4,198.01,55.72,75.13,21.42,69.27,52.97,72.4,43.1,1,internal_medicine,>=5_years,high,0,0,JEPA only
V032,cma,81.24,1,4,150.07,45.44,56.91,19.4,53.34,62.01,58.54,22.47,2,internal_medicine,>=5_years,high,0,1,JEPA only
V032,control,94.33,1,4,183.8,54.97,70.17,19.05,70.53,58.15,68.12,43.82,3,internal_medicine,>=5_years,high,0,0,JEPA only
V032,gdt,72.84,1,4,128.88,43.2,55.04,19.05,42.9,65.96,50.91,25.37,4,internal_medicine,>=5_years,high,0,1,JEPA only
V033,gdt,35.86,1,2,120.44,32.47,32.22,8.81,25.47,75.1,33.6,19.6,1,emergency,>=5_years,low,0,1,JEPA only
V033,cma,44.24,1,2,137.51,36.61,38.95,11.12,37.03,75.38,35.42,21.75,2,emergency,>=5_years,low,0,1,JEPA only
V033,bm25,40.36,1,2,202.0,43.47,47.1,9.0,46.76,66.82,56.67,34.46,3,emergency,>=5_years,low,0,0,JEPA only
V033,control,47.97,1,2,204.76,44.81,55.67,11.67,51.68,65.47,48.88,35.47,4,emergency,>=5_years,low,0,0,JEPA only
V034,bm25,124.76,1,5,183.6,60.42,80.25,22.7,87.69,37.66,80.5,53.74,1,hospital_medicine,<5_years,high,3,0,JEPA only
V034,gdt,101.09,1,5,138.75,46.87,62.93,17.55,59.2,58.62,52.81,30.12,2,hospital_medicine,<5_years,high,3,1,JEPA only
V034,control,132.15,1,5,181.44,64.42,83.1,32.2,82.23,47.04,91.66,50.26,3,hospital_medicine,<5_years,high,3,0,JEPA only
V034,cma,102.23,1,5,141.36,50.96,65.1,18.1,58.84,59.98,62.95,40.8,4,hospital_medicine,<5_years,high,3,1,JEPA only
V035,gdt,21.88,1,1,117.73,25.94,24.77,9.54,13.29,75.19,22.73,10.12,1,internal_medicine,<5_years,low,0,1,JEPA only
V035,bm25,21.52,1,1,180.88,38.28,44.13,9.8,36.17,70.23,40.79,28.58,2,internal_medicine,<5_years,low,0,0,JEPA only
V035,cma,18.69,1,1,153.2,32.69,31.55,10.24,23.07,81.9,27.04,22.32,3,internal_medicine,<5_years,low,0,1,JEPA only
V035,control,22.45,1,1,171.79,39.12,43.09,14.2,38.08,78.72,36.03,24.6,4,internal_medicine,<5_years,low,0,0,JEPA only
V036,cma,39.01,1,2,133.63,37.83,39.56,16.8,45.52,70.61,42.53,11.95,1,hospital_medicine,>=5_years,low,0,1,JEPA only
V036,bm25,46.58,1,2,186.53,46.01,55.11,21.18,49.99,66.72,48.77,34.32,2,hospital_medicine,>=5_years,low,0,0,JEPA only
V036,gdt,43.1,1,2,127.68,33.98,36.58,14.21,31.09,71.09,36.69,14.24,3,hospital_medicine,>=5_years,low,0,1,JEPA only
V036,control,42.93,1,2,194.64,41.16,52.21,9.29,41.08,67.94,49.79,26.62,4,hospital_medicine,>=5_years,low,0,0,JEPA only
V037,cma,94.2,1,5,154.21,49.55,52.58,15.88,66.84,63.21,59.31,39.47,1,internal_medicine,<5_years,high,0,1,JEPA only
V037,control,105.29,1,5,189.32,57.36,78.92,17.29,76.85,50.43,80.68,39.98,2,internal_medicine,<5_years,high,0,0,JEPA only
V037,gdt,93.18,1,5,145.78,50.06,65.57,22.75,58.49,61.98,62.17,29.42,3,internal_medicine,<5_years,high,0,1,JEPA only
V037,bm25,121.79,1,5,185.1,58.54,96.37,13.32,78.18,39.05,81.3,43.03,4,internal_medicine,<5_years,high,0,0,JEPA only
V038,control,120.99,1,5,187.46,61.05,96.17,24.08,77.76,40.01,80.16,48.12,1,internal_medicine,>=5_years,high,0,0,JEPA only
V038,bm25,120.58,1,5,191.77,59.11,83.29,15.23,81.08,48.22,82.63,44.2,2,internal_medicine,>=5_years,high,0,0,JEPA only
V038,cma,98.73,1,5,144.13,51.21,70.88,14.22,60.95,58.99,65.28,36.95,3,internal_medicine,>=5_years,high,0,1,JEPA only
V038,gdt,98.49,1,5,122.43,45.6,61.57,14.43,59.56,62.31,48.38,27.35,4,internal_medicine,>=5_years,high,0,1,JEPA only
V039,control,118.49,1,5,189.31,61.69,85.14,19.1,81.28,48.06,87.29,49.25,1,hospital_medicine,<5_years,high,2,0,JEPA only
V039,bm25,115.64,1,5,185.14,56.14,77.91,16.36,82.66,45.06,67.38,47.45,2,hospital_medicine,<5_years,high,2,0,JEPA only
V039,cma,92.02,1,5,144.76,49.25,63.35,20.83,56.88,59.45,63.56,31.4,3,hospital_medicine,<5_years,high,2,1,JEPA only
V039,gdt,99.32,1,5,137.86,46.9,59.82,16.46,52.03,59.41,57.33,36.32,4,hospital_medicine,<5_years,high,2,1,JEPA only
V040,gdt,37.23,1,2,116.16,33.19,27.28,8.3,30.5,80.4,34.34,18.32,1,internal_medicine,<5_years,low,0,1,JEPA only
V040,cma,45.58,1,2,132.7,37.64,41.49,13.45,36.5,73.58,37.08,23.72,2,internal_medicine,<5_years,low,0,1,JEPA only
V040,bm25,48.63,1,2,181.09,45.04,51.69,17.49,53.21,66.91,49.66,31.27,3,internal_medicine,<5_years,low,0,0,JEPA only
V040,control,42.52,1,2,199.78,44.87,52.12,19.57,53.98,65.62,45.89,32.03,4,internal_medicine,<5_years,low,0,0,JEPA only
V041,control,47.57,1,2,210.11,42.35,48.62,15.01,52.69,66.56,45.44,25.78,1,critical_care,<5_years,low,0,0,JEPA only
V041,gdt,38.35,1,2,123.38,33.54,36.15,13.42,30.46,71.21,30.65,19.33,2,critical_care,<5_years,low,0,1,JEPA only
V041,cma,39.75,1,2,157.22,37.55,45.01,8.28,35.4,80.12,36.92,19.58,3,critical_care,<5_years,low,0,1,JEPA only
V041,bm25,52.83,1,2,199.46,45.49,53.94,13.9,48.81,65.09,58.95,32.26,4,critical_care,<5_years,low,0,0,JEPA only
V042,gdt,56.47,1,3,118.9,36.98,40.23,14.25,39.03,65.5,38.82,24.04,1,internal_medicine,<5_years,low,0,1,JEPA only
V042,control,69.52,1,3,205.92,51.11,67.72,19.01,60.83,61.57,65.07,32.45,2,internal_medicine,<5_years,low,0,0,JEPA only
V042,bm25,69.4,1,3,179.7,49.33,67.08,16.17,58.99,55.64,59.87,38.24,3,internal_medicine,<5_years,low,0,0,JEPA only
V042,cma,57.87,1,3,149.39,38.27,40.98,13.73,38.31,64.8,48.05,23.78,4,internal_medicine,<5_years,low,0,1,JEPA only
V043,gdt,97.24,1,5,135.26,50.58,69.17,21.66,56.78,70.63,57.45,27.77,1,critical_care,<5_years,high,0,1,JEPA only
V043,bm25,214.7,0,5,190.61,70.98,100.0,26.62,100.0,28.39,100.0,70.86,2,critical_care,<5_years,high,0,0,JEPA only
V043,control,115.82,1,5,187.57,58.37,71.4,21.89,76.86,45.14,84.16,50.79,3,critical_care,<5_years,high,0,0,JEPA only
V043,cma,97.41,1,5,151.28,49.74,58.6,27.61,59.12,57.24,60.67,35.24,4,critical_care,<5_years,high,0,1,JEPA only
V044,cma,95.85,1,5,151.68,48.64,62.9,13.27,68.07,57.31,59.49,30.8,1,critical_care,<5_years,high,0,1,JEPA only
V044,bm25,116.33,1,5,190.44,57.11,81.2,12.77,74.59,46.64,79.43,48.03,2,critical_care,<5_years,high,0,0,JEPA only
V044,gdt,94.17,1,5,127.9,45.47,57.77,17.87,52.09,55.04,55.02,35.04,3,critical_care,<5_years,high,0,1,JEPA only
V044,control,114.09,1,5,196.26,58.1,73.22,19.66,79.73,55.79,77.57,42.63,4,critical_care,<5_years,high,0,0,JEPA only
V045,cma,21.8,1,1,185.25,32.37,27.49,14.41,28.67,80.91,30.19,12.54,1,emergency,>=5_years,low,0,1,JEPA only
V045,control,24.61,1,1,181.42,37.38,36.1,12.29,43.02,71.92,46.2,14.78,2,emergency,>=5_years,low,0,0,JEPA only
V045,gdt,18.72,1,1,141.35,28.76,26.98,6.81,25.33,77.3,25.67,10.46,3,emergency,>=5_years,low,0,1,JEPA only
V045,bm25,23.91,1,1,204.05,36.99,39.65,11.02,38.72,69.89,38.08,24.59,4,emergency,>=5_years,low,0,0,JEPA only
V046,bm25,48.23,1,2,189.72,44.71,56.87,15.54,42.46,67.61,52.55,33.21,1,emergency,<5_years,low,0,0,JEPA only
V046,cma,39.9,1,2,133.48,36.12,37.26,8.31,30.94,76.97,36.67,26.59,2,emergency,<5_years,low,0,1,JEPA only
V046,control,44.23,1,2,210.02,43.74,54.26,13.7,52.94,61.11,52.54,27.91,3,emergency,<5_years,low,0,0,JEPA only
V046,gdt,37.46,1,2,136.97,32.41,35.89,10.37,26.6,75.02,37.75,8.8,4,emergency,<5_years,low,0,1,JEPA only
V047,cma,106.68,1,5,148.5,51.96,66.54,24.86,56.81,57.81,70.97,34.75,1,hospital_medicine,<5_years,high,0,1,JEPA only
V047,gdt,95.75,1,5,133.97,44.4,55.85,15.91,55.63,56.85,51.96,30.18,2,hospital_medicine,<5_years,high,0,1,JEPA only
V047,control,111.22,1,5,196.75,57.87,81.11,23.12,75.81,46.07,79.12,41.97,3,hospital_medicine,<5_years,high,0,0,JEPA only
V047,bm25,110.43,1,5,181.49,56.71,86.44,22.64,68.86,41.86,74.38,46.07,4,hospital_medicine,<5_years,high,0,0,JEPA only
V048,control,29.36,1,1,182.09,40.39,46.63,8.11,44.37,74.39,40.51,28.33,1,emergency,>=5_years,low,0,0,JEPA only
V048,gdt,22.04,1,1,119.71,28.98,28.11,8.5,17.38,81.37,27.81,10.71,2,emergency,>=5_years,low,0,1,JEPA only
V048,cma,20.91,1,1,139.56,33.76,29.34,7.99,29.66,82.19,36.12,17.26,3,emergency,>=5_years,low,0,1,JEPA only
V048,bm25,18.37,1,1,224.03,36.76,42.9,9.53,37.77,71.19,41.67,17.53,4,emergency,>=5_years,low,0,0,JEPA only
V049,gdt,20.16,1,1,129.77,27.75,26.21,5.77,17.05,83.07,23.47,10.95,1,critical_care,<5_years,low,0,1,JEPA only
V049,control,24.13,1,1,179.34,38.97,45.93,7.76,42.16,73.85,37.9,26.2,2,critical_care,<5_years,low,0,0,JEPA only
V049,bm25,19.87,1,1,198.73,40.61,46.14,12.97,42.67,70.58,47.19,24.15,3,critical_care,<5_years,low,0,0,JEPA only
V049,cma,24.32,1,1,166.61,31.6,35.25,5.67,32.13,74.36,28.29,13.93,4,critical_care,<5_years,low,0,1,JEPA only
V050,control,89.87,1,4,177.37,54.91,70.65,18.39,75.64,57.74,72.95,34.06,1,internal_medicine,<5_years,high,0,0,JEPA only
V050,cma,78.82,1,4,140.79,46.26,61.29,10.9,52.62,66.36,51.27,35.13,2,internal_medicine,<5_years,high,0,1,JEPA only
V050,gdt,79.35,1,4,120.55,44.46,56.77,15.73,54.59,62.93,50.93,25.82,3,internal_medicine,<5_years,high,0,1,JEPA only
V050,bm25,90.67,1,4,206.31,53.7,68.17,16.99,71.03,59.88,65.28,40.87,4,internal_medicine,<5_years,high,0,0,JEPA only
V051,gdt,38.89,1,2,131.89,30.78,32.17,9.42,30.18,73.66,24.13,15.12,1,internal_medicine,>=5_years,low,0,1,JEPA only
V051,bm25,41.61,1,2,174.82,41.47,48.36,17.87,41.08,68.43,44.58,28.47,2,internal_medicine,>=5_years,low,0,0,JEPA only
V051,cma,36.6,1,2,152.56,33.92,31.27,10.65,30.8,75.32,33.05,22.44,3,internal_medicine,>=5_years,low,0,1,JEPA only
V051,control,44.65,1,2,170.45,41.19,47.55,14.49,42.49,62.72,42.73,37.18,4,internal_medicine,>=5_years,low,0,0,JEPA only
V052,gdt,92.27,1,5,127.89,44.13,51.68,15.31,50.25,62.79,58.7,26.03,1,emergency,<5_years,high,0,1,JEPA only
V052,control,119.97,1,5,193.85,63.17,86.98,20.3,78.55,53.43,86.83,52.93,2,emergency,<5_years,high,0,0,JEPA only
V052,cma,97.68,1,5,133.43,48.96,62.62,16.21,60.79,53.32,55.68,45.13,3,emergency,<5_years,high,0,1,JEPA only
V052,bm25,109.42,1,5,191.28,57.93,80.87,28.58,74.41,47.73,72.0,44.02,4,emergency,<5_years,high,0,0,JEPA only
V053,bm25,85.11,1,4,192.75,54.3,75.75,14.27,66.4,53.08,72.84,43.46,1,hospital_medicine,>=5_years,high,0,0,JEPA only
V053,control,90.72,1,4,206.07,54.95,67.9,21.75,71.69,52.47,69.7,46.21,2,hospital_medicine,>=5_years,high,0,0,JEPA only
V053,gdt,82.98,1,4,136.34,45.5,56.18,22.53,49.67,63.53,53.39,27.68,3,hospital_medicine,>=5_years,high,0,1,JEPA only
V053,cma,77.61,1,4,137.89,45.33,56.34,13.31,55.98,65.61,50.03,30.7,4,hospital_medicine,>=5_years,high,0,1,JEPA only
V054,gdt,42.66,1,2,131.91,35.65,39.31,10.68,28.78,75.08,35.51,24.51,1,critical_care,>=5_years,low,0,1,JEPA only
V054,bm25,44.24,1,2,183.75,43.36,49.35,8.63,58.14,65.43,49.54,29.09,2,critical_care,>=5_years,low,0,0,JEPA only
V054,cma,45.01,1,2,145.68,37.36,40.26,7.58,35.24,73.85,40.08,27.1,3,critical_care,>=5_years,low,0,1,JEPA only
V054,control,43.12,1,2,188.81,45.36,51.15,16.82,52.12,64.48,53.02,34.59,4,critical_care,>=5_years,low,0,0,JEPA only
V055,bm25,155.1,0,2,180.79,62.6,92.78,19.78,86.05,47.47,85.35,44.19,1,hospital_medicine,>=5_years,low,0,0,JEPA only
V055,control,43.13,1,2,196.02,44.15,55.22,12.26,50.73,58.63,50.57,37.47,2,hospital_medicine,>=5_years,low,0,0,JEPA only
V055,cma,43.46,1,2,149.34,34.43,39.58,16.09,24.96,71.44,37.35,17.15,3,hospital_medicine,>=5_years,low,0,1,JEPA only
V055,gdt,35.43,1,2,130.15,32.06,35.7,6.42,20.33,75.98,35.52,18.43,4,hospital_medicine,>=5_years,low,0,1,JEPA only
V056,gdt,56.32,1,3,126.34,37.98,43.1,5.78,30.81,75.5,50.49,22.21,1,internal_medicine,>=5_years,low,1,1,JEPA only
V056,control,63.68,1,3,179.01,50.08,60.57,18.25,57.96,66.93,62.88,33.9,2,internal_medicine,>=5_years,low,1,0,JEPA only
V056,cma,59.66,1,3,135.36,41.7,48.73,13.1,45.49,73.88,47.83,21.19,3,internal_medicine,>=5_years,low,1,1,JEPA only
V056,bm25,64.45,1,3,196.64,49.31,61.54,15.17,60.19,59.21,64.71,35.03,4,internal_medicine,>=5_years,low,1,0,JEPA only
V057,control,50.27,1,2,168.97,44.24,54.67,11.7,53.25,57.37,56.97,31.48,1,hospital_medicine,>=5_years,low,0,0,JEPA only
V057,bm25,42.48,1,2,170.83,42.25,50.81,14.2,46.68,57.96,59.85,24.02,2,hospital_medicine,>=5_years,low,0,0,JEPA only
V057,gdt,34.93,1,2,117.52,34.09,36.32,8.07,31.43,73.4,41.02,14.31,3,hospital_medicine,>=5_years,low,0,1,JEPA only
V057,cma,42.35,1,2,128.58,35.9,35.86,18.88,34.52,73.25,32.3,20.6,4,hospital_medicine,>=5_years,low,0,1,JEPA only
V058,cma,58.24,1,3,149.54,39.76,43.07,18.73,40.17,67.7,44.44,24.44,1,internal_medicine,<5_years,low,1,1,JEPA only
V058,control,67.3,1,3,184.25,50.8,73.14,19.63,57.77,62.66,56.9,34.71,2,internal_medicine,<5_years,low,1,0,JEPA only
V058,gdt,55.83,1,3,118.67,34.56,36.6,8.65,41.55,65.55,40.16,14.84,3,internal_medicine,<5_years,low,1,1,JEPA only
V058,bm25,66.43,1,3,198.39,50.39,64.47,19.42,64.75,60.28,54.12,39.3,4,internal_medicine,<5_years,low,1,0,JEPA only
V059,gdt,81.0,1,4,125.44,39.98,47.26,13.99,40.58,64.95,46.43,26.65,1,emergency,<5_years,high,1,1,JEPA only
V059,bm25,88.89,1,4,183.12,50.17,69.29,15.83,66.67,56.85,64.14,28.24,2,emergency,<5_years,high,1,0,JEPA only
V059,cma,83.22,1,4,142.2,44.48,56.97,10.6,55.2,66.81,56.78,20.5,3,emergency,<5_years,high,1,1,JEPA only
V059,control,93.98,1,4,196.44,54.45,71.2,18.67,68.79,51.25,70.5,46.27,4,emergency,<5_years,high,1,0,JEPA only
V060,bm25,116.84,1,5,196.64,58.54,83.5,22.37,75.56,43.71,79.31,46.8,1,hospital_medicine,<5_years,high,0,0,JEPA only
V060,gdt,199.2,0,5,133.16,64.13,89.28,24.79,86.0,41.54,87.22,55.98,2,hospital_medicine,<5_years,high,0,1,JEPA only
V060,control,216.81,0,5,209.34,72.15,100.0,30.28,100.0,32.49,100.0,70.11,3,hospital_medicine,<5_years,high,0,0,JEPA only
V060,cma,194.7,0,5,153.68,64.84,94.8,21.33,89.18,40.12,91.19,52.38,4,hospital_medicine,<5_years,high,0,1,JEPA only
V061,bm25,103.17,1,4,190.42,55.52,70.03,19.8,73.33,50.8,75.82,43.35,1,hospital_medicine,>=5_years,high,0,0,JEPA only
V061,gdt,74.84,1,4,123.58,42.5,45.41,15.47,45.52,67.51,57.16,23.91,2,hospital_medicine,>=5_years,high,0,1,JEPA only
V061,cma,81.83,1,4,131.31,44.58,50.39,16.16,49.62,62.02,60.19,29.13,3,hospital_medicine,>=5_years,high,0,1,JEPA only
V061,control,94.43,1,4,194.84,55.79,80.52,25.59,65.98,49.67,67.51,45.49,4,hospital_medicine,>=5_years,high,0,0,JEPA only
V062,bm25,71.43,1,3,186.43,49.56,63.82,18.84,64.96,57.38,59.54,32.81,1,internal_medicine,>=5_years,low,0,0,JEPA only
V062,control,69.94,1,3,196.78,48.87,59.84,11.39,57.92,60.85,60.23,43.0,2,internal_medicine,>=5_years,low,0,0,JEPA only
V062,cma,56.86,1,3,143.69,41.1,48.3,20.48,41.74,59.95,49.88,26.22,3,internal_medicine,>=5_years,low,0,1,JEPA only
V062,gdt,58.04,1,3,135.86,37.95,41.22,12.35,40.8,72.55,37.43,23.38,4,internal_medicine,>=5_years,low,0,1,JEPA only
V063,bm25,26.07,1,1,204.75,41.67,46.92,8.51,50.73,70.0,48.47,25.39,1,internal_medicine,<5_years,low,0,0,JEPA only
V063,cma,23.87,1,1,135.77,36.6,34.44,17.92,31.54,83.2,33.91,18.6,2,internal_medicine,<5_years,low,0,1,JEPA only
V063,gdt,19.47,1,1,127.51,29.4,20.73,7.46,26.56,85.2,23.85,12.59,3,internal_medicine,<5_years,low,0,1,JEPA only
V063,control,21.55,1,1,174.34,38.43,40.9,13.09,37.34,72.92,38.83,27.52,4,internal_medicine,<5_years,low,0,0,JEPA only
V064,bm25,21.98,1,1,205.75,37.28,42.85,16.73,42.57,68.24,36.1,17.18,1,hospital_medicine,<5_years,low,0,0,JEPA only
V064,gdt,17.39,1,1,154.53,30.31,29.81,5.86,26.02,84.38,22.43,13.35,2,hospital_medicine,<5_years,low,0,1,JEPA only
V064,control,21.32,1,1,184.46,37.66,38.81,11.14,35.69,72.65,42.02,25.63,3,hospital_medicine,<5_years,low,0,0,JEPA only
V064,cma,18.73,1,1,152.78,32.17,29.86,12.28,24.51,82.12,30.05,14.21,4,hospital_medicine,<5_years,low,0,1,JEPA only
V065,bm25,116.43,1,5,186.0,58.49,77.58,22.67,78.94,46.36,81.39,43.96,1,critical_care,<5_years,high,0,0,JEPA only
V065,control,109.76,1,5,196.33,58.28,78.7,16.27,78.85,49.2,82.78,43.87,2,critical_care,<5_years,high,0,0,JEPA only
V065,cma,94.95,1,5,137.98,49.08,61.77,21.3,59.09,54.77,65.13,32.39,3,critical_care,<5_years,high,0,1,JEPA only
V065,gdt,101.7,1,5,130.51,48.64,65.36,11.38,53.2,68.13,59.43,34.36,4,critical_care,<5_years,high,0,1,JEPA only
V066,control,22.43,1,1,155.92,37.9,41.95,14.98,38.77,69.61,41.56,20.52,1,critical_care,<5_years,low,0,0,JEPA only
V066,gdt,17.95,1,1,130.57,31.06,29.6,10.31,20.3,77.48,28.5,20.19,2,critical_care,<5_years,low,0,1,JEPA only
V066,cma,18.09,1,1,146.4,34.79,36.44,13.55,29.67,79.13,27.15,22.82,3,critical_care,<5_years,low,0,1,JEPA only
V066,bm25,18.8,1,1,181.25,34.83,33.92,6.49,43.36,69.01,35.78,20.41,4,critical_care,<5_years,low,0,0,JEPA only
V067,bm25,25.44,1,1,210.03,40.46,46.35,16.66,38.43,73.33,50.48,17.48,1,critical_care,<5_years,low,0,0,JEPA only
V067,cma,20.15,1,1,135.45,27.85,29.49,1.49,23.12,75.18,23.03,14.76,2,critical_care,<5_years,low,0,1,JEPA only
V067,control,25.07,1,1,182.61,37.95,44.37,2.81,41.31,70.69,46.7,21.78,3,critical_care,<5_years,low,0,0,JEPA only
V067,gdt,19.25,1,1,121.84,27.3,29.35,7.47,10.79,82.92,20.93,12.37,4,critical_care,<5_years,low,0,1,JEPA only
V068,control,77.83,1,3,194.72,54.53,62.67,19.29,71.73,61.8,70.96,40.76,1,emergency,<5_years,low,0,0,JEPA only
V068,cma,56.88,1,3,149.05,40.51,53.15,18.88,43.73,69.69,37.7,19.91,2,emergency,<5_years,low,0,1,JEPA only
V068,bm25,160.55,0,3,185.13,64.73,89.1,27.48,81.77,41.13,91.9,56.98,3,emergency,<5_years,low,0,0,JEPA only
V068,gdt,56.24,1,3,115.87,40.31,40.92,14.19,50.52,70.7,43.3,22.24,4,emergency,<5_years,low,0,1,JEPA only
V069,bm25,71.98,1,3,193.68,50.84,60.17,19.0,61.92,64.34,62.43,37.17,1,hospital_medicine,<5_years,low,0,0,JEPA only
V069,cma,65.08,1,3,152.36,43.38,53.87,17.08,49.74,66.52,46.44,26.61,2,hospital_medicine,<5_years,low,0,1,JEPA only
V069,control,67.26,1,3,200.42,48.1,61.07,16.3,60.14,61.54,53.61,35.97,3,hospital_medicine,<5_years,low,0,0,JEPA only
V069,gdt,61.87,1,3,116.31,36.92,42.89,2.81,41.87,76.16,35.28,22.51,4,hospital_medicine,<5_years,low,0,1,JEPA only
V070,bm25,21.2,1,1,188.98,42.14,46.02,16.26,41.58,71.94,44.64,32.4,1,emergency,>=5_years,low,0,0,JEPA only
V070,gdt,17.45,1,1,123.12,29.12,30.81,3.24,20.59,80.69,21.48,17.93,2,emergency,>=5_years,low,0,1,JEPA only
V070,cma,19.44,1,1,139.93,30.42,33.59,11.26,22.93,69.93,27.99,16.79,3,emergency,>=5_years,low,0,1,JEPA only
V070,control,24.14,1,1,189.67,38.69,49.68,0.08,44.05,71.96,40.68,25.68,4,emergency,>=5_years,low,0,0,JEPA only
V071,cma,161.92,0,3,150.95,54.84,75.06,16.86,69.82,41.13,83.46,42.7,1,internal_medicine,>=5_years,low,0,1,JEPA only
V071,control,172.23,0,3,197.95,67.22,90.44,27.34,90.38,38.94,99.04,57.2,2,internal_medicine,>=5_years,low,0,0,JEPA only
V071,bm25,165.02,0,3,194.55,67.96,100.0,26.71,97.67,42.77,85.91,54.73,3,internal_medicine,>=5_years,low,0,0,JEPA only
V071,gdt,155.8,0,3,132.84,54.65,75.47,20.34,69.96,54.47,71.38,36.29,4,internal_medicine,>=5_years,low,0,1,JEPA only
V072,gdt,72.3,1,4,140.43,40.24,53.63,6.19,44.51,63.96,48.16,25.0,1,internal_medicine,<5_years,high,1,1,JEPA only
V072,bm25,87.69,1,4,191.51,54.96,72.78,24.29,66.12,60.04,65.81,40.75,2,internal_medicine,<5_years,high,1,0,JEPA only
V072,control,83.18,1,4,202.81,53.73,69.18,23.25,69.56,54.45,69.35,36.62,3,internal_medicine,<5_years,high,1,0,JEPA only
V072,cma,82.35,1,4,138.8,45.96,54.66,14.07,56.1,67.33,48.69,34.94,4,internal_medicine,<5_years,high,1,1,JEPA only
V073,control,67.3,1,3,194.07,49.95,66.61,14.73,54.42,67.01,62.91,34.04,1,critical_care,<5_years,low,0,0,JEPA only
V073,gdt,56.61,1,3,125.2,36.85,39.81,18.07,34.21,70.3,38.19,20.5,2,critical_care,<5_years,low,0,1,JEPA only
V073,cma,62.6,1,3,139.65,39.06,47.06,8.35,47.03,63.77,43.03,25.15,3,critical_care,<5_years,low,0,1,JEPA only
V073,bm25,66.56,1,3,170.07,49.08,63.49,15.41,56.86,61.3,62.73,34.66,4,critical_care,<5_years,low,0,0,JEPA only
V074,control,117.89,1,5,186.3,59.49,81.85,21.81,76.43,49.55,80.09,47.19,1,emergency,<5_years,high,0,0,JEPA only
V074,gdt,93.33,1,5,125.98,47.34,65.59,15.4,56.93,63.11,56.6,26.42,2,emergency,<5_years,high,0,1,JEPA only
V074,cma,100.44,1,5,136.1,48.21,65.09,21.14,56.19,65.02,55.9,25.94,3,emergency,<5_years,high,0,1,JEPA only
V074,bm25,112.85,1,5,190.46,57.57,81.1,22.07,74.09,46.28,84.99,36.88,4,emergency,<5_years,high,0,0,JEPA only
V075,bm25,39.28,1,2,181.34,43.71,57.85,9.57,44.62,73.04,51.55,25.66,1,hospital_medicine,<5_years,low,0,0,JEPA only
V075,gdt,35.03,1,2,135.05,29.98,27.96,8.87,24.88,67.59,29.67,20.89,2,hospital_medicine,<5_years,low,0,1,JEPA only
V075,cma,40.37,1,2,156.77,37.33,40.77,12.46,35.86,78.0,37.33,19.57,3,hospital_medicine,<5_years,low,0,1,JEPA only
V075,control,48.09,1,2,208.25,43.06,52.16,16.48,51.11,63.13,51.33,24.14,4,hospital_medicine,<5_years,low,0,0,JEPA only
V076,bm25,112.48,1,5,184.2,58.27,81.68,19.56,78.87,44.66,78.01,46.86,1,emergency,<5_years,high,0,0,JEPA only
V076,control,112.26,1,5,189.74,57.84,82.57,23.48,81.47,41.0,77.08,41.43,2,emergency,<5_years,high,0,0,JEPA only
V076,gdt,94.16,1,5,121.4,45.71,52.74,17.61,54.35,62.18,55.06,32.3,3,emergency,<5_years,high,0,1,JEPA only
V076,cma,97.26,1,5,146.6,50.87,69.06,22.13,58.22,60.47,64.08,31.26,4,emergency,<5_years,high,0,1,JEPA only
V077,gdt,17.31,1,1,126.97,23.91,19.97,9.79,10.85,77.98,20.05,4.83,1,hospital_medicine,<5_years,low,0,1,JEPA only
V077,control,20.73,1,1,189.14,37.78,43.51,4.11,48.45,70.77,39.69,20.18,2,hospital_medicine,<5_years,low,0,0,JEPA only
V077,cma,18.22,1,1,148.28,33.27,32.69,12.95,31.71,79.71,27.35,15.22,3,hospital_medicine,<5_years,low,0,1,JEPA only
V077,bm25,24.76,1,1,160.98,41.92,40.66,16.63,44.0,70.98,48.69,30.55,4,hospital_medicine,<5_years,low,0,0,JEPA only
V078,control,75.68,1,3,197.86,50.34,62.05,18.54,63.84,60.1,66.41,31.07,1,internal_medicine,<5_years,low,0,0,JEPA only
V078,bm25,67.92,1,3,197.53,48.24,56.02,9.53,59.06,63.26,62.87,38.69,2,internal_medicine,<5_years,low,0,0,JEPA only
V078,cma,66.56,1,3,155.51,39.34,47.69,7.4,39.57,65.66,48.49,27.24,3,internal_medicine,<5_years,low,0,1,JEPA only
V078,gdt,58.56,1,3,123.68,38.81,42.96,15.28,34.61,77.67,39.85,22.48,4,internal_medicine,<5_years,low,0,1,JEPA only
V079,control,25.76,1,1,161.43,39.67,43.31,12.8,47.69,68.74,47.69,17.8,1,hospital_medicine,<5_years,low,0,0,JEPA only
V079,bm25,24.15,1,1,164.25,41.37,46.52,12.36,46.69,75.75,36.86,30.04,2,hospital_medicine,<5_years,low,0,0,JEPA only
V079,gdt,17.15,1,1,127.2,28.39,35.61,3.48,16.09,84.26,22.37,8.55,3,hospital_medicine,<5_years,low,0,1,JEPA only
V079,cma,18.89,1,1,156.07,30.9,33.35,7.45,21.39,74.02,35.22,13.95,4,hospital_medicine,<5_years,low,0,1,JEPA only
V080,bm25,143.9,0,2,212.35,59.33,87.17,24.24,79.37,41.64,78.51,45.07,1,hospital_medicine,>=5_years,low,0,0,JEPA only
V080,cma,35.71,1,2,139.55,33.93,38.95,11.52,29.03,71.78,36.83,15.46,2,hospital_medicine,>=5_years,low,0,1,JEPA only
V080,gdt,37.78,1,2,117.0,33.11,35.09,9.22,33.84,74.95,31.34,14.23,3,hospital_medicine,>=5_years,low,0,1,JEPA only
V080,control,46.38,1,2,187.65,43.96,58.45,13.53,54.49,68.38,49.06,19.82,4,hospital_medicine,>=5_years,low,0,0,JEPA only
V081,gdt,39.28,1,2,120.84,33.73,36.63,10.12,28.66,81.49,32.56,12.94,1,internal_medicine,>=5_years,low,1,1,JEPA only
V081,bm25,39.23,1,2,179.75,39.44,40.67,11.12,46.76,65.22,49.3,23.57,2,internal_medicine,>=5_years,low,1,0,JEPA only
V081,cma,43.03,1,2,139.34,37.03,42.73,8.82,41.04,73.52,40.68,15.38,3,internal_medicine,>=5_years,low,1,1,JEPA only
V081,control,43.09,1,2,186.06,43.65,45.22,16.47,43.92,75.79,49.1,31.37,4,internal_medicine,>=5_years,low,1,0,JEPA only
V082,gdt,76.41,1,4,123.32,41.2,48.97,17.47,38.76,67.05,47.12,27.87,1,critical_care,<5_years,high,0,1,JEPA only
V082,control,94.82,1,4,184.45,54.05,74.88,20.1,66.26,50.22,68.88,43.96,2,critical_care,<5_years,high,0,0,JEPA only
V082,bm25,88.67,1,4,204.52,53.28,72.31,19.35,71.29,52.54,70.24,33.95,3,critical_care,<5_years,high,0,0,JEPA only
V082,cma,77.36,1,4,149.14,41.36,54.64,10.66,46.06,53.3,55.16,28.36,4,critical_care,<5_years,high,0,1,JEPA only
V083,control,87.23,1,4,183.85,54.28,76.74,22.94,72.74,54.47,64.99,33.77,1,hospital_medicine,<5_years,high,0,0,JEPA only
V083,gdt,75.96,1,4,123.67,42.96,54.76,10.09,50.97,63.25,45.77,32.92,2,hospital_medicine,<5_years,high,0,1,JEPA only
V083,bm25,85.29,1,4,188.2,55.96,72.09,23.67,65.54,63.83,71.05,39.6,3,hospital_medicine,<5_years,high,0,0,JEPA only
V083,cma,84.79,1,4,142.97,45.29,58.59,13.22,53.9,60.32,54.33,31.41,4,hospital_medicine,<5_years,high,0,1,JEPA only
V084,gdt,62.67,1,3,121.09,41.4,45.88,13.16,40.47,79.08,43.78,26.07,1,hospital_medicine,<5_years,high,2,1,JEPA only
V084,cma,64.7,1,3,139.69,39.91,45.12,9.89,46.19,70.59,45.06,22.61,2,hospital_medicine,<5_years,high,2,1,JEPA only
V084,bm25,65.6,1,3,183.02,48.93,58.56,18.29,64.25,61.33,57.09,34.02,3,hospital_medicine,<5_years,high,2,0,JEPA only
V084,control,66.43,1,3,167.52,49.63,64.0,17.62,56.36,62.55,58.96,38.27,4,hospital_medicine,<5_years,high,2,0,JEPA only
V085,control,101.75,1,4,193.61,54.02,69.92,19.13,68.31,55.61,72.19,38.99,1,emergency,<5_years,high,1,0,JEPA only
V085,bm25,90.42,1,4,189.96,54.86,73.09,18.37,69.3,50.12,76.02,42.25,2,emergency,<5_years,high,1,0,JEPA only
V085,gdt,77.87,1,4,121.14,37.84,45.1,12.93,37.59,64.71,46.42,20.27,3,emergency,<5_years,high,1,1,JEPA only
V085,cma,74.88,1,4,150.41,43.78,53.72,11.26,53.59,62.26,49.24,32.64,4,emergency,<5_years,high,1,1,JEPA only
V086,cma,21.35,1,1,170.38,32.77,27.86,9.69,30.48,79.43,31.95,17.21,1,hospital_medicine,>=5_years,low,0,1,JEPA only
V086,bm25,27.5,1,1,166.04,42.85,42.1,18.05,51.81,67.67,50.68,26.78,2,hospital_medicine,>=5_years,low,0,0,JEPA only
V086,control,19.66,1,1,197.01,40.24,41.96,14.54,43.54,68.57,49.93,22.9,3,hospital_medicine,>=5_years,low,0,0,JEPA only
V086,gdt,20.42,1,1,151.57,30.8,21.88,7.79,29.02,86.74,24.04,15.35,4,hospital_medicine,>=5_years,low,0,1,JEPA only
V087,gdt,18.84,1,1,154.53,29.7,34.47,4.79,24.26,85.53,17.02,12.11,1,critical_care,<5_years,low,0,1,JEPA only
V087,bm25,25.39,1,1,191.98,39.2,48.43,13.56,37.76,73.19,38.75,23.51,2,critical_care,<5_years,low,0,0,JEPA only
V087,control,21.08,1,1,214.46,38.19,37.68,14.8,40.0,81.19,37.49,17.98,3,critical_care,<5_years,low,0,0,JEPA only
V087,cma,19.15,1,1,132.34,31.36,29.0,6.36,25.34,85.62,31.7,10.13,4,critical_care,<5_years,low,0,1,JEPA only
V088,bm25,115.14,1,5,204.17,56.39,80.73,22.28,73.29,44.98,71.98,45.09,1,internal_medicine,>=5_years,high,0,0,JEPA only
V088,gdt,90.76,1,5,124.18,45.42,55.11,22.7,53.71,65.15,51.44,24.44,2,internal_medicine,>=5_years,high,0,1,JEPA only
V088,control,118.48,1,5,196.98,59.52,85.83,20.67,70.79,47.33,82.75,49.73,3,internal_medicine,>=5_years,high,0,0,JEPA only
V088,cma,99.8,1,5,142.92,49.58,66.68,15.82,63.15,57.73,60.45,33.69,4,internal_medicine,>=5_years,high,0,1,JEPA only
V089,control,20.55,1,1,212.63,36.54,38.27,1.89,36.96,75.59,38.87,27.67,1,hospital_medicine,>=5_years,low,0,0,JEPA only
V089,cma,16.82,1,1,127.66,28.39,23.98,6.42,25.3,76.42,22.65,15.59,2,hospital_medicine,>=5_years,low,0,1,JEPA only
V089,bm25,25.01,1,1,155.08,36.25,41.84,2.88,43.15,68.97,37.21,23.48,3,hospital_medicine,>=5_years,low,0,0,JEPA only
V089,gdt,18.54,1,1,143.19,30.74,27.89,11.39,21.29,90.55,21.13,12.17,4,hospital_medicine,>=5_years,low,0,1,JEPA only
V090,gdt,58.46,1,3,130.58,38.02,51.12,10.91,32.22,73.38,38.09,22.42,1,emergency,>=5_years,low,0,1,JEPA only
V090,cma,61.18,1,3,152.59,39.57,51.24,14.06,43.52,65.49,41.72,21.39,2,emergency,>=5_years,low,0,1,JEPA only
V090,bm25,69.42,1,3,183.35,51.47,67.09,19.86,63.06,63.39,62.11,33.29,3,emergency,>=5_years,low,0,0,JEPA only
V090,control,69.24,1,3,176.46,47.3,61.52,12.76,58.2,58.19,61.58,31.55,4,emergency,>=5_years,low,0,0,JEPA only
V091,control,67.75,1,3,180.5,47.88,58.58,11.7,60.19,63.23,56.74,36.85,1,emergency,>=5_years,low,0,0,JEPA only
V091,gdt,60.95,1,3,125.16,38.25,38.13,13.92,40.48,64.08,46.65,26.23,2,emergency,>=5_years,low,0,1,JEPA only
V091,cma,57.92,1,3,145.67,39.61,48.36,8.91,41.4,65.15,51.89,21.98,3,emergency,>=5_years,low,0,1,JEPA only
V091,bm25,69.68,1,3,199.02,51.17,69.81,19.95,60.73,57.18,64.86,34.47,4,emergency,>=5_years,low,0,0,JEPA only
V092,bm25,25.67,1,1,216.91,39.88,40.12,18.62,39.68,71.0,43.67,26.19,1,critical_care,<5_years,low,0,0,JEPA only
V092,gdt,20.05,1,1,128.57,29.74,18.28,11.57,26.71,82.82,24.27,14.79,2,critical_care,<5_years,low,0,1,JEPA only
V092,cma,18.93,1,1,138.45,32.05,34.92,7.89,27.15,81.0,28.63,12.71,3,critical_care,<5_years,low,0,1,JEPA only
V092,control,22.5,1,1,195.47,40.91,44.36,11.12,40.28,83.51,47.24,18.94,4,critical_care,<5_years,low,0,0,JEPA only
V093,cma,95.48,1,5,142.17,50.3,62.69,15.67,58.59,61.78,62.45,40.61,1,hospital_medicine,>=5_years,high,0,1,JEPA only
V093,bm25,124.19,1,5,185.13,60.92,87.81,19.34,79.81,49.36,82.59,46.59,2,hospital_medicine,>=5_years,high,0,0,JEPA only
V093,gdt,96.31,1,5,125.17,48.87,60.79,19.41,55.45,61.34,62.23,34.03,3,hospital_medicine,>=5_years,high,0,1,JEPA only
V093,control,113.65,1,5,186.61,59.06,81.61,20.34,76.39,52.29,76.05,47.65,4,hospital_medicine,>=5_years,high,0,0,JEPA only
V094,control,90.71,1,4,184.76,52.53,69.94,16.72,70.93,52.77,67.09,37.71,1,internal_medicine,<5_years,high,0,0,JEPA only
V094,cma,85.64,1,4,143.61,47.11,62.53,11.18,54.19,61.9,51.31,41.52,2,internal_medicine,<5_years,high,0,1,JEPA only
V094,gdt,79.44,1,4,128.31,40.6,45.6,14.32,50.9,63.14,50.39,19.26,3,internal_medicine,<5_years,high,0,1,JEPA only
V094,bm25,89.32,1,4,204.6,55.49,74.91,24.69,68.16,50.37,71.84,43.0,4,internal_medicine,<5_years,high,0,0,JEPA only
V095,cma,20.96,1,1,169.3,28.46,20.84,1.29,28.92,79.82,24.61,15.26,1,internal_medicine,>=5_years,low,0,1,JEPA only
V095,gdt,17.2,1,1,122.48,30.36,21.7,7.84,31.56,79.93,27.68,13.48,2,internal_medicine,>=5_years,low,0,1,JEPA only
V095,bm25,27.28,1,1,185.77,41.59,48.57,9.65,48.09,75.29,40.02,27.91,3,internal_medicine,>=5_years,low,0,0,JEPA only
V095,control,20.94,1,1,172.88,38.7,38.65,8.96,46.16,78.54,38.65,21.25,4,internal_medicine,>=5_years,low,0,0,JEPA only
V096,cma,38.93,1,2,144.97,35.31,42.02,11.65,30.01,74.99,37.13,16.05,1,critical_care,>=5_years,low,0,1,JEPA only
V096,gdt,35.22,1,2,139.1,29.66,21.99,8.17,26.04,77.8,28.31,15.66,2,critical_care,>=5_years,low,0,1,JEPA only
V096,bm25,46.37,1,2,198.25,45.42,53.15,12.75,48.96,67.35,56.41,33.87,3,critical_care,>=5_years,low,0,0,JEPA only
V096,control,46.3,1,2,193.67,41.48,49.73,10.26,49.12,58.01,52.17,29.6,4,critical_care,>=5_years,low,0,0,JEPA only
V097,cma,19.85,1,1,131.41,32.83,34.99,12.08,20.09,79.42,35.09,15.29,1,internal_medicine,>=5_years,low,0,1,JEPA only
V097,control,24.02,1,1,206.07,39.27,43.47,21.45,40.29,67.23,40.67,22.5,2,internal_medicine,>=5_years,low,0,0,JEPA only
V097,gdt,19.14,1,1,154.39,25.89,26.34,9.13,15.04,84.78,18.69,1.36,3,internal_medicine,>=5_years,low,0,1,JEPA only
V097,bm25,24.41,1,1,204.56,40.47,45.08,12.65,34.0,76.35,48.34,26.4,4,internal_medicine,>=5_years,low,0,0,JEPA only
V098,cma,72.25,1,4,149.74,44.93,58.05,24.33,46.94,58.44,53.41,28.4,1,internal_medicine,<5_years,high,0,1,JEPA only
V098,bm25,89.22,1,4,175.38,52.16,71.98,13.68,64.2,55.38,70.77,36.95,2,internal_medicine,<5_years,high,0,0,JEPA only
V098,control,95.55,1,4,196.41,54.36,75.54,17.98,69.12,53.12,70.15,40.25,3,internal_medicine,<5_years,high,0,0,JEPA only
V098,gdt,75.71,1,4,127.45,42.57,54.33,15.6,40.03,67.35,52.05,26.07,4,internal_medicine,<5_years,high,0,1,JEPA only
V099,cma,36.23,1,2,137.81,38.5,39.18,13.77,40.94,73.51,39.09,24.49,1,internal_medicine,<5_years,low,0,1,JEPA only
V099,gdt,43.94,1,2,122.04,34.61,35.82,11.69,33.54,78.27,33.82,14.49,2,internal_medicine,<5_years,low,0,1,JEPA only
V099,bm25,44.8,1,2,185.55,46.52,53.53,18.14,50.12,72.49,55.69,29.16,3,internal_medicine,<5_years,low,0,0,JEPA only
V099,control,48.48,1,2,175.4,46.82,53.72,18.68,49.04,69.06,54.26,36.17,4,internal_medicine,<5_years,low,0,0,JEPA only
V100,bm25,64.62,1,3,195.9,46.81,56.64,14.47,52.18,65.81,53.66,38.09,1,emergency,<5_years,low,0,0,JEPA only
V100,gdt,60.7,1,3,143.17,36.37,44.65,16.42,30.87,63.63,43.56,19.07,2,emergency,<5_years,low,0,1,JEPA only
V100,control,68.9,1,3,190.18,49.93,60.75,19.67,63.24,62.09,58.28,35.54,3,emergency,<5_years,low,0,0,JEPA only
V100,cma,63.55,1,3,140.98,37.72,41.4,11.77,39.15,67.7,41.83,24.49,4,emergency,<5_years,low,0,1,JEPA only
V101,control,89.26,1,4,176.37,55.52,69.76,23.56,73.28,53.35,73.02,40.18,1,internal_medicine,<5_years,high,0,0,JEPA only
V101,gdt,74.66,1,4,110.22,41.29,53.48,14.02,48.77,62.95,45.29,23.25,2,internal_medicine,<5_years,high,0,1,JEPA only
V101,cma,84.16,1,4,133.35,46.42,66.46,12.21,52.76,58.86,59.69,28.52,3,internal_medicine,<5_years,high,0,1,JEPA only
V101,bm25,104.99,1,4,195.95,58.69,79.56,23.13,73.13,53.0,77.35,45.95,4,internal_medicine,<5_years,high,0,0,JEPA only
V102,gdt,17.7,1,1,132.84,28.75,24.92,11.44,13.63,78.08,30.6,13.82,1,internal_medicine,<5_years,low,0,1,JEPA only
V102,bm25,135.32,0,1,208.73,57.1,81.51,23.94,71.61,48.97,74.59,41.98,2,internal_medicine,<5_years,low,0,0,JEPA only
V102,cma,19.96,1,1,133.19,32.32,29.96,4.23,24.47,85.44,28.25,21.54,3,internal_medicine,<5_years,low,0,1,JEPA only
V102,control,23.23,1,1,212.86,38.79,41.34,6.97,42.1,75.59,35.35,31.38,4,internal_medicine,<5_years,low,0,0,JEPA only
V103,gdt,286.18,0,5,129.13,68.23,100.0,32.3,100.0,17.69,100.0,59.39,1,internal_medicine,<5_years,high,0,1,JEPA only
V103,cma,300.0,0,5,153.81,70.19,100.0,27.91,100.0,17.15,100.0,76.08,2,internal_medicine,<5_years,high,0,1,JEPA only
V103,control,300.0,0,5,195.35,71.48,100.0,39.39,100.0,9.38,100.0,80.11,3,internal_medicine,<5_years,high,0,0,JEPA only
V103,bm25,300.0,0,5,195.93,70.33,100.0,40.39,100.0,2.76,100.0,78.82,4,internal_medicine,<5_years,high,0,0,JEPA only
V104,bm25,26.13,1,1,190.57,41.35,48.62,5.82,40.12,76.29,50.65,26.59,1,internal_medicine,>=5_years,low,0,0,JEPA only
V104,cma,19.75,1,1,143.11,31.51,30.45,12.33,21.93,80.69,26.54,17.12,2,internal_medicine,>=5_years,low,0,1,JEPA only
V104,control,25.99,1,1,186.97,36.81,37.12,7.44,42.33,67.63,45.23,21.13,3,internal_medicine,>=5_years,low,0,0,JEPA only
V104,gdt,17.09,1,1,113.13,27.42,24.42,11.77,16.84,77.05,23.11,11.32,4,internal_medicine,>=5_years,low,0,1,JEPA only
V105,control,49.69,1,2,158.87,44.63,52.35,13.58,53.95,64.66,54.69,28.55,1,emergency,>=5_years,low,0,0,JEPA only
V105,gdt,39.64,1,2,127.74,33.26,31.45,9.43,31.52,71.45,33.58,22.09,2,emergency,>=5_years,low,0,1,JEPA only
V105,bm25,44.13,1,2,180.85,44.69,55.33,12.45,48.03,61.17,53.93,37.23,3,emergency,>=5_years,low,0,0,JEPA only
V105,cma,41.44,1,2,136.54,37.03,35.33,5.67,35.31,79.12,40.63,26.1,4,emergency,>=5_years,low,0,1,JEPA only
V106,gdt,270.08,0,4,129.59,70.66,100.0,34.99,100.0,20.16,100.0,68.79,1,internal_medicine,<5_years,high,0,1,JEPA only
V106,bm25,182.92,0,4,181.51,68.37,100.0,27.83,97.57,27.75,98.5,58.55,2,internal_medicine,<5_years,high,0,0,JEPA only
V106,control,193.48,0,4,194.56,69.3,100.0,23.31,100.0,26.5,100.0,66.01,3,internal_medicine,<5_years,high,0,0,JEPA only
V106,cma,180.68,0,4,144.1,63.14,100.0,21.57,88.24,36.66,86.24,46.14,4,internal_medicine,<5_years,high,0,1,JEPA only
V107,gdt,17.52,1,1,123.69,28.64,30.42,1.62,23.98,81.51,27.35,6.95,1,emergency,>=5_years,low,0,1,JEPA only
V107,bm25,24.53,1,1,176.79,38.89,46.49,10.83,39.94,75.01,45.95,15.12,2,emergency,>=5_years,low,0,0,JEPA only
V107,cma,19.2,1,1,151.93,32.69,37.79,9.7,21.93,83.23,28.69,14.79,3,emergency,>=5_years,low,0,1,JEPA only
V107,control,26.11,1,1,204.98,40.25,40.14,14.71,36.87,72.57,48.26,28.97,4,emergency,>=5_years,low,0,0,JEPA only
V108,bm25,66.11,1,3,186.57,50.17,65.95,12.12,60.69,67.18,58.0,37.06,1,critical_care,>=5_years,low,0,0,JEPA only
V108,control,69.79,1,3,183.79,46.94,58.84,12.08,57.88,56.42,57.1,39.3,2,critical_care,>=5_years,low,0,0,JEPA only
V108,gdt,59.26,1,3,141.12,36.75,45.73,3.35,37.36,69.63,43.59,20.81,3,critical_care,>=5_years,low,0,1,JEPA only
V108,cma,74.7,1,3,149.19,42.45,55.61,7.63,44.46,67.79,51.85,27.33,4,critical_care,>=5_years,low,0,1,JEPA only
V109,cma,60.63,1,3,146.41,38.12,43.9,8.65,39.23,68.26,48.44,20.25,1,emergency,>=5_years,low,0,1,JEPA only
V109,bm25,69.02,1,3,203.07,49.79,65.29,15.47,58.17,58.0,61.93,39.87,2,emergency,>=5_years,low,0,0,JEPA only
V109,control,66.55,1,3,208.5,47.82,56.4,21.68,58.21,61.99,51.8,36.84,3,emergency,>=5_years,low,0,0,JEPA only
V109,gdt,58.3,1,3,134.47,37.4,37.66,12.47,40.46,73.42,36.27,24.12,4,emergency,>=5_years,low,0,1,JEPA only
V110,control,67.48,1,3,188.58,47.63,56.61,12.66,55.22,58.2,64.82,38.3,1,internal_medicine,>=5_years,low,0,0,JEPA only
V110,cma,56.83,1,3,159.07,39.41,47.99,16.65,41.72,65.95,38.72,25.45,2,internal_medicine,>=5_years,low,0,1,JEPA only
V110,bm25,65.89,1,3,195.8,50.12,66.36,7.94,58.49,63.27,61.87,42.81,3,internal_medicine,>=5_years,low,0,0,JEPA only
V110,gdt,60.77,1,3,118.55,38.4,46.31,13.59,31.98,69.07,42.54,26.91,4,internal_medicine,>=5_years,low,0,1,JEPA only
V111,cma,38.37,1,2,171.44,34.49,39.6,14.6,35.53,70.29,34.29,12.67,1,internal_medicine,<5_years,low,0,1,JEPA only
V111,control,44.23,1,2,182.93,45.15,43.36,18.09,57.32,69.13,49.31,33.69,2,internal_medicine,<5_years,low,0,0,JEPA only
V111,bm25,51.37,1,2,180.14,47.28,54.2,13.46,55.39,64.22,55.46,40.94,3,internal_medicine,<5_years,low,0,0,JEPA only
V111,gdt,39.01,1,2,131.79,31.29,40.62,3.06,30.93,73.53,28.72,10.9,4,internal_medicine,<5_years,low,0,1,JEPA only
V112,gdt,82.82,1,4,122.24,46.93,53.39,23.91,48.1,65.81,58.86,31.52,1,internal_medicine,>=5_years,high,0,1,JEPA only
V112,bm25,92.09,1,4,193.96,53.96,70.92,21.44,65.73,55.48,69.98,40.19,2,internal_medicine,>=5_years,high,0,0,JEPA only
V112,cma,84.01,1,4,158.4,44.57,52.2,22.0,46.66,72.09,50.52,23.94,3,internal_medicine,>=5_years,high,0,1,JEPA only
V112,control,89.1,1,4,168.25,54.31,74.96,13.33,66.56,59.9,74.34,36.79,4,internal_medicine,>=5_years,high,0,0,JEPA only
V113,gdt,34.94,1,2,138.07,29.54,25.45,4.56,27.4,76.66,24.74,18.43,1,critical_care,>=5_years,low,0,1,JEPA only
V113,control,45.23,1,2,172.79,44.23,46.24,18.74,56.9,63.79,50.21,29.51,2,critical_care,>=5_years,low,0,0,JEPA only
V113,cma,41.04,1,2,133.02,35.13,41.14,13.98,29.53,77.73,29.78,18.6,3,critical_care,>=5_years,low,0,1,JEPA only
V113,bm25,47.26,1,2,194.96,45.68,57.14,13.11,51.82,61.74,55.79,34.49,4,critical_care,>=5_years,low,0,0,JEPA only
V114,bm25,96.58,1,4,196.64,54.9,79.2,13.04,68.21,55.14,72.56,41.28,1,hospital_medicine,>=5_years,high,0,0,JEPA only
V114,gdt,74.68,1,4,126.69,42.0,47.67,11.11,44.73,64.44,49.6,34.46,2,hospital_medicine,>=5_years,high,0,1,JEPA only
V114,control,89.74,1,4,182.58,56.67,74.47,22.7,73.21,53.41,69.28,46.93,3,hospital_medicine,>=5_years,high,0,0,JEPA only
V114,cma,81.62,1,4,148.71,45.37,57.24,11.07,51.47,69.56,53.92,28.98,4,hospital_medicine,>=5_years,high,0,1,JEPA only
V115,control,113.38,1,5,188.93,59.84,78.7,24.46,79.1,48.87,79.9,48.03,1,internal_medicine,<5_years,high,2,0,JEPA only
V115,gdt,98.54,1,5,130.28,49.31,56.64,21.86,60.84,62.82,64.39,29.31,2,internal_medicine,<5_years,high,2,1,JEPA only
V115,bm25,121.76,1,5,191.13,56.93,82.25,21.25,72.24,40.99,77.58,47.3,3,internal_medicine,<5_years,high,2,0,JEPA only
V115,cma,98.73,1,5,154.23,49.08,63.47,18.15,60.54,52.5,58.5,41.34,4,internal_medicine,<5_years,high,2,1,JEPA only
V116,control,51.52,1,2,184.69,47.56,57.88,17.31,63.23,65.4,48.17,33.39,1,hospital_medicine,<5_years,low,0,0,JEPA only
V116,bm25,45.94,1,2,189.21,45.9,45.57,17.3,54.21,68.35,56.35,33.64,2,hospital_medicine,<5_years,low,0,0,JEPA only
V116,gdt,33.89,1,2,128.54,33.0,29.71,10.0,29.13,78.24,34.03,16.88,3,hospital_medicine,<5_years,low,0,1,JEPA only
V116,cma,36.26,1,2,128.93,35.34,38.79,5.07,29.91,76.22,36.39,25.67,4,hospital_medicine,<5_years,low,0,1,JEPA only
V117,bm25,112.94,1,5,184.07,58.49,86.34,17.34,78.07,46.23,76.73,46.25,1,hospital_medicine,>=5_years,high,3,0,JEPA only
V117,gdt,95.99,1,5,130.98,44.0,60.98,18.46,47.19,57.65,51.38,28.34,2,hospital_medicine,>=5_years,high,3,1,JEPA only
V117,control,121.19,1,5,194.46,59.73,83.21,15.54,86.5,50.53,74.01,48.57,3,hospital_medicine,>=5_years,high,3,0,JEPA only
V117,cma,97.88,1,5,143.03,45.16,56.96,11.83,57.21,56.35,57.41,31.21,4,hospital_medicine,>=5_years,high,3,1,JEPA only
V118,cma,85.13,1,4,142.16,46.27,56.9,15.69,57.71,57.32,55.18,34.8,1,critical_care,>=5_years,high,1,1,JEPA only
V118,control,85.91,1,4,194.57,51.85,69.34,23.05,63.58,53.2,66.76,35.14,2,critical_care,>=5_years,high,1,0,JEPA only
V118,bm25,91.7,1,4,204.09,52.21,65.73,16.73,67.94,49.95,74.71,38.22,3,critical_care,>=5_years,high,1,0,JEPA only
V118,gdt,82.86,1,4,130.79,41.91,51.01,13.07,45.65,64.15,48.35,29.25,4,critical_care,>=5_years,high,1,1,JEPA only
V119,cma,57.97,1,3,156.0,43.82,50.87,21.77,46.7,71.89,46.49,25.21,1,critical_care,>=5_years,low,0,1,JEPA only
V119,bm25,69.54,1,3,175.82,50.17,67.98,14.88,70.72,51.74,58.54,37.13,2,critical_care,>=5_years,low,0,0,JEPA only
V119,control,71.69,1,3,194.37,49.45,62.4,20.1,59.0,59.3,62.12,33.79,3,critical_care,>=5_years,low,0,0,JEPA only
V119,gdt,55.92,1,3,126.92,34.43,37.48,11.16,33.12,72.68,30.29,21.88,4,critical_care,>=5_years,low,0,1,JEPA only
V120,control,72.63,1,3,187.54,48.62,63.8,13.74,56.73,60.86,62.66,33.94,1,critical_care,<5_years,low,0,0,JEPA only
V120,bm25,68.44,1,3,183.73,47.66,62.3,12.68,49.14,56.22,69.41,36.21,2,critical_care,<5_years,low,0,0,JEPA only
V120,cma,60.51,1,3,154.61,41.17,43.62,12.31,50.03,64.74,48.46,27.86,3,critical_care,<5_years,low,0,1,JEPA only
V120,gdt,63.11,1,3,134.58,41.09,49.76,14.32,38.98,75.67,48.25,19.57,4,critical_care,<5_years,low,0,1,JEPA only
V121,bm25,64.66,1,3,193.45,47.24,56.27,16.04,57.18,60.16,59.21,34.57,1,critical_care,>=5_years,low,0,0,JEPA only
V121,control,67.19,1,3,186.97,50.62,63.02,14.38,59.29,64.24,66.41,36.38,2,critical_care,>=5_years,low,0,0,JEPA only
V121,cma,59.17,1,3,151.63,40.48,50.7,16.4,38.86,69.51,42.67,24.74,3,critical_care,>=5_years,low,0,1,JEPA only
V121,gdt,55.82,1,3,123.15,37.27,42.63,13.78,30.08,77.77,40.23,19.13,4,critical_care,>=5_years,low,0,1,JEPA only
V122,gdt,100.69,1,5,131.9,46.73,56.79,19.46,53.71,61.17,59.51,29.73,1,internal_medicine,>=5_years,high,0,1,JEPA only
V122,control,119.25,1,5,187.01,60.1,91.25,20.32,78.51,44.04,77.05,49.43,2,internal_medicine,>=5_years,high,0,0,JEPA only
V122,cma,95.52,1,5,141.6,48.43,60.22,24.28,55.48,60.95,58.54,31.11,3,internal_medicine,>=5_years,high,0,1,JEPA only
V122,bm25,119.2,1,5,171.12,59.11,80.78,21.36,70.99,50.99,75.99,54.55,4,internal_medicine,>=5_years,high,0,0,JEPA only
V123,gdt,93.9,1,5,127.44,46.54,51.41,20.26,54.96,58.37,60.14,34.12,1,emergency,>=5_years,high,0,1,JEPA only
V123,bm25,114.93,1,5,184.86,58.36,79.07,27.32,79.26,43.03,75.19,46.26,2,emergency,>=5_years,high,0,0,JEPA only
V123,cma,108.71,1,5,149.86,50.27,70.53,21.59,60.89,50.49,58.6,39.54,3,emergency,>=5_years,high,0,1,JEPA only
V123,control,110.59,1,5,193.93,58.86,86.78,20.44,81.82,45.42,68.06,50.63,4,emergency,>=5_years,high,0,0,JEPA only
V124,gdt,78.3,1,4,128.79,45.33,57.42,17.6,45.32,66.24,50.67,34.74,1,internal_medicine,<5_years,high,0,1,JEPA only
V124,control,92.86,1,4,181.29,56.27,75.83,23.88,73.79,56.47,71.61,36.06,2,internal_medicine,<5_years,high,0,0,JEPA only
V124,cma,86.02,1,4,157.57,46.1,57.07,22.03,48.0,53.6,57.72,38.14,3,internal_medicine,<5_years,high,0,1,JEPA only
V124,bm25,93.36,1,4,194.63,55.31,69.0,18.37,74.03,58.08,70.97,41.43,4,internal_medicine,<5_years,high,0,0,JEPA only
V125,bm25,67.59,1,3,190.3,47.96,59.35,18.79,60.42,61.55,56.24,31.4,1,hospital_medicine,<5_years,low,0,0,JEPA only
V125,cma,58.89,1,3,149.01,40.59,50.59,12.65,37.56,73.84,42.34,26.58,2,hospital_medicine,<5_years,low,0,1,JEPA only
V125,gdt,56.41,1,3,133.33,38.18,46.22,12.52,35.93,75.55,37.31,21.54,3,hospital_medicine,<5_years,low,0,1,JEPA only
V125,control,64.31,1,3,206.99,49.93,64.09,18.62,64.53,53.09,60.62,38.59,4,hospital_medicine,<5_years,low,0,0,JEPA only
V126,gdt,58.62,1,3,115.62,35.75,40.87,0.0,38.09,71.78,40.14,23.6,1,internal_medicine,>=5_years,low,1,1,JEPA only
V126,bm25,64.85,1,3,208.98,47.48,65.42,16.41,52.49,66.34,53.09,31.11,2,internal_medicine,>=5_years,low,1,0,JEPA only
V126,cma,62.31,1,3,143.88,40.86,42.5,15.55,52.61,65.78,39.7,29.01,3,internal_medicine,>=5_years,low,1,1,JEPA only
V126,control,67.33,1,3,202.79,48.91,66.84,17.81,59.9,56.62,56.87,35.41,4,internal_medicine,>=5_years,low,1,0,JEPA only
V127,bm25,24.85,1,1,173.07,40.67,43.63,14.28,43.82,76.23,46.97,19.07,1,emergency,>=5_years,low,0,0,JEPA only
V127,gdt,17.66,1,1,144.41,25.54,26.82,2.21,17.05,76.85,22.63,7.68,2,emergency,>=5_years,low,0,1,JEPA only
V127,control,26.71,1,1,236.97,38.8,49.9,14.54,33.16,70.09,45.79,19.33,3,emergency,>=5_years,low,0,0,JEPA only
V127,cma,25.16,1,1,162.6,32.29,28.27,12.22,25.9,75.92,29.41,22.04,4,emergency,>=5_years,low,0,1,JEPA only
V128,cma,65.3,1,3,132.21,41.02,48.69,12.76,47.35,68.69,43.48,25.16,1,emergency,<5_years,low,0,1,JEPA only
V128,control,67.71,1,3,195.2,49.14,67.76,14.91,57.88,54.61,61.92,37.79,2,emergency,<5_years,low,0,0,JEPA only
V128,bm25,65.56,1,3,182.64,48.39,58.25,23.09,46.53,62.9,63.46,36.12,3,emergency,<5_years,low,0,0,JEPA only
V128,gdt,62.94,1,3,120.43,40.36,46.18,11.74,42.58,79.99,36.19,25.44,4,emergency,<5_years,low,0,1,JEPA only
V129,cma,38.92,1,2,143.04,33.98,31.45,12.12,26.53,70.36,38.56,24.84,1,emergency,<5_years,low,0,1,JEPA only
V129,control,41.03,1,2,177.04,42.24,45.66,15.66,48.26,65.36,49.85,28.63,2,emergency,<5_years,low,0,0,JEPA only
V129,gdt,41.21,1,2,140.52,34.74,38.89,9.27,36.75,72.89,29.34,21.29,3,emergency,<5_years,low,0,1,JEPA only
V129,bm25,51.47,1,2,206.8,44.42,53.92,18.75,47.93,65.11,46.83,33.96,4,emergency,<5_years,low,0,0,JEPA only
V130,gdt,19.19,1,1,134.8,26.3,27.48,3.55,17.09,83.0,19.07,7.63,1,emergency,>=5_years,low,0,1,JEPA only
V130,cma,23.5,1,1,161.68,30.62,33.66,7.5,22.41,74.59,27.29,18.29,2,emergency,>=5_years,low,0,1,JEPA only
V130,bm25,22.85,1,1,216.74,38.91,42.53,8.06,46.26,75.78,39.78,21.07,3,emergency,>=5_years,low,0,0,JEPA only
V130,control,20.53,1,1,213.61,40.81,46.09,7.1,37.57,79.35,45.35,29.42,4,emergency,>=5_years,low,0,0,JEPA only
V131,bm25,23.6,1,1,240.06,39.81,37.59,15.45,42.82,75.43,40.16,27.41,1,internal_medicine,<5_years,low,0,0,JEPA only
V131,cma,18.46,1,1,133.45,32.95,28.31,5.02,29.24,86.28,33.4,15.45,2,internal_medicine,<5_years,low,0,1,JEPA only
V131,gdt,16.21,1,1,144.14,27.56,30.81,5.16,16.35,83.2,18.54,11.29,3,internal_medicine,<5_years,low,0,1,JEPA only
V131,control,18.9,1,1,213.63,35.53,40.76,7.38,35.23,65.67,36.19,27.94,4,internal_medicine,<5_years,low,0,0,JEPA only
V132,gdt,87.35,1,5,132.35,44.78,55.69,15.19,49.87,64.35,53.89,29.7,1,emergency,<5_years,high,0,1,JEPA only
V132,bm25,113.44,1,5,184.49,60.76,81.64,24.63,81.61,46.25,82.16,48.29,2,emergency,<5_years,high,0,0,JEPA only
V132,cma,98.0,1,5,148.62,46.91,61.7,15.68,62.06,53.91,58.47,29.66,3,emergency,<5_years,high,0,1,JEPA only
V132,control,129.01,1,5,193.02,61.86,89.11,18.08,86.59,47.19,78.84,51.35,4,emergency,<5_years,high,0,0,JEPA only
V133,control,93.26,1,4,193.03,52.36,71.28,21.47,66.74,51.84,63.36,39.46,1,critical_care,<5_years,high,2,0,JEPA only
V133,gdt,80.8,1,4,124.7,42.21,59.04,11.24,44.32,67.65,45.81,25.22,2,critical_care,<5_years,high,2,1,JEPA only
V133,bm25,91.59,1,4,191.68,55.84,75.09,20.88,65.3,58.52,72.3,42.96,3,critical_care,<5_years,high,2,0,JEPA only
V133,cma,79.1,1,4,145.84,47.86,59.14,20.21,55.41,61.59,51.96,38.84,4,critical_care,<5_years,high,2,1,JEPA only
V134,bm25,27.26,1,1,163.33,40.42,47.37,13.28,42.92,69.22,43.83,25.92,1,critical_care,>=5_years,low,0,0,JEPA only
V134,cma,18.4,1,1,140.95,30.0,34.22,11.08,23.24,79.52,21.41,10.54,2,critical_care,>=5_years,low,0,1,JEPA only
V134,control,22.55,1,1,186.19,38.99,45.18,12.23,39.54,65.56,44.44,27.01,3,critical_care,>=5_years,low,0,0,JEPA only
V134,gdt,19.8,1,1,141.98,30.72,27.15,8.83,29.22,83.84,18.58,16.7,4,critical_care,>=5_years,low,0,1,JEPA only
V135,control,112.93,1,5,203.09,58.7,89.64,16.5,73.09,50.82,76.86,45.31,1,emergency,<5_years,high,0,0,JEPA only
V135,gdt,97.24,1,5,135.4,45.94,55.29,15.88,55.44,57.08,64.31,27.65,2,emergency,<5_years,high,0,1,JEPA only
V135,cma,94.36,1,5,160.66,46.8,60.28,16.65,60.27,55.71,57.37,30.49,3,emergency,<5_years,high,0,1,JEPA only
V135,bm25,125.82,1,5,196.93,59.08,83.8,20.97,71.93,48.67,81.08,48.01,4,emergency,<5_years,high,0,0,JEPA only
V136,control,69.64,1,3,193.15,51.06,61.66,7.73,69.14,64.41,63.39,40.03,1,internal_medicine,<5_years,low,0,0,JEPA only
V136,bm25,68.0,1,3,200.89,50.14,58.31,11.79,64.35,64.66,63.92,37.78,2,internal_medicine,<5_years,low,0,0,JEPA only
V136,cma,59.47,1,3,142.3,38.69,40.78,13.15,42.9,69.54,45.17,20.58,3,internal_medicine,<5_years,low,0,1,JEPA only
V136,gdt,57.18,1,3,127.52,36.45,38.3,7.52,43.73,69.99,41.79,17.36,4,internal_medicine,<5_years,low,0,1,JEPA only
V137,gdt,34.48,1,2,124.78,31.64,32.3,9.57,27.87,76.02,24.53,19.57,1,emergency,<5_years,low,0,1,JEPA only
V137,control,45.41,1,2,199.15,42.72,50.77,10.0,47.35,68.15,50.17,29.87,2,emergency,<5_years,low,0,0,JEPA only
V137,bm25,45.24,1,2,200.52,45.53,49.21,14.25,53.44,67.56,59.64,29.06,3,emergency,<5_years,low,0,0,JEPA only
V137,cma,44.24,1,2,137.21,36.68,30.0,12.46,38.44,74.96,42.55,21.7,4,emergency,<5_years,low,0,1,JEPA only
V138,bm25,23.39,1,1,182.3,40.14,47.05,12.83,41.31,76.81,40.15,22.71,1,emergency,<5_years,low,0,0,JEPA only
V138,control,22.83,1,1,202.04,36.71,44.16,9.55,32.58,69.94,42.17,21.84,2,emergency,<5_years,low,0,0,JEPA only
V138,cma,22.58,1,1,150.75,33.35,37.52,10.23,26.09,78.16,25.3,22.79,3,emergency,<5_years,low,0,1,JEPA only
V138,gdt,21.95,1,1,114.45,33.87,25.95,13.88,31.26,85.02,31.7,15.41,4,emergency,<5_years,low,0,1,JEPA only
V139,cma,102.43,1,5,144.26,51.65,62.02,11.35,62.25,61.28,67.62,45.39,1,emergency,<5_years,high,0,1,JEPA only
V139,gdt,95.05,1,5,119.1,46.73,61.35,16.53,56.09,60.93,53.61,31.89,2,emergency,<5_years,high,0,1,JEPA only
V139,bm25,114.66,1,5,212.27,61.44,81.34,21.56,80.06,46.62,85.67,53.37,3,emergency,<5_years,high,0,0,JEPA only
V139,control,119.97,1,5,181.21,60.98,81.7,27.98,77.19,50.26,79.43,49.33,4,emergency,<5_years,high,0,0,JEPA only
V140,control,27.96,1,1,165.21,43.08,46.74,16.91,49.16,71.54,47.57,26.55,1,critical_care,>=5_years,low,0,0,JEPA only
V140,gdt,21.41,1,1,130.48,27.06,23.79,6.04,16.68,77.26,23.94,14.64,2,critical_care,>=5_years,low,0,1,JEPA only
V140,bm25,20.58,1,1,185.53,37.99,39.72,10.48,43.12,68.67,44.31,21.64,3,critical_care,>=5_years,low,0,0,JEPA only
V140,cma,23.39,1,1,150.59,32.62,32.75,4.73,25.6,80.37,32.73,19.56,4,critical_care,>=5_years,low,0,1,JEPA only
V141,bm25,93.73,1,4,193.89,55.07,78.06,18.43,67.02,60.06,71.91,34.95,1,internal_medicine,<5_years,high,0,0,JEPA only
V141,control,92.33,1,4,191.82,53.74,76.1,26.14,69.42,51.52,65.52,33.74,2,internal_medicine,<5_years,high,0,0,JEPA only
V141,cma,75.66,1,4,147.36,44.08,52.49,19.85,51.05,64.19,51.03,25.86,3,internal_medicine,<5_years,high,0,1,JEPA only
V141,gdt,79.31,1,4,131.49,43.67,56.37,17.28,47.91,67.12,44.88,28.5,4,internal_medicine,<5_years,high,0,1,JEPA only
V142,bm25,22.28,1,1,186.68,35.42,43.11,6.18,41.34,71.84,37.18,12.89,1,hospital_medicine,>=5_years,low,0,0,JEPA only
V142,gdt,21.78,1,1,131.95,25.65,20.39,8.19,17.46,77.51,22.01,8.36,2,hospital_medicine,>=5_years,low,0,1,JEPA only
V142,cma,19.21,1,1,165.88,33.4,27.81,9.52,29.42,81.6,33.82,18.24,3,hospital_medicine,>=5_years,low,0,1,JEPA only
V142,control,20.51,1,1,221.31,39.64,46.22,12.31,39.99,74.17,34.01,31.15,4,hospital_medicine,>=5_years,low,0,0,JEPA only
V143,gdt,120.12,0,1,128.05,45.16,54.35,16.02,59.15,56.88,56.78,27.76,1,internal_medicine,>=5_years,low,0,1,JEPA only
V143,bm25,24.21,1,1,175.3,39.91,42.98,11.41,40.51,79.29,38.17,27.07,2,internal_medicine,>=5_years,low,0,0,JEPA only
V143,control,134.73,0,1,188.83,59.25,77.44,26.48,79.2,47.85,79.3,45.22,3,internal_medicine,>=5_years,low,0,0,JEPA only
V143,cma,119.42,0,1,173.02,50.22,64.16,18.77,52.17,59.8,68.34,38.11,4,internal_medicine,>=5_years,low,0,1,JEPA only
V144,bm25,134.55,0,2,219.46,59.03,81.38,19.87,80.01,48.29,73.82,50.84,1,hospital_medicine,<5_years,low,0,0,JEPA only
V144,cma,37.52,1,2,149.67,37.24,42.8,14.42,38.4,73.57,36.16,18.11,2,hospital_medicine,<5_years,low,0,1,JEPA only
V144,gdt,38.19,1,2,116.24,30.95,28.13,9.97,23.94,71.37,33.48,18.81,3,hospital_medicine,<5_years,low,0,1,JEPA only
V144,control,46.68,1,2,188.88,44.04,51.44,12.4,49.66,69.49,55.51,25.76,4,hospital_medicine,<5_years,low,0,0,JEPA only
V145,bm25,22.21,1,1,171.81,38.8,45.32,11.98,41.46,70.21,41.59,22.24,1,emergency,<5_years,low,0,0,JEPA only
V145,cma,20.98,1,1,153.5,32.0,28.67,9.04,27.83,79.64,28.46,18.33,2,emergency,<5_years,low,0,1,JEPA only
V145,gdt,18.11,1,1,163.15,31.62,29.35,18.13,21.27,78.22,24.8,17.96,3,emergency,<5_years,low,0,1,JEPA only
V145,control,23.97,1,1,153.54,38.99,37.24,13.95,49.17,73.37,38.65,21.54,4,emergency,<5_years,low,0,0,JEPA only
V146,gdt,22.91,1,1,127.79,29.47,25.82,2.21,29.78,78.69,22.23,18.11,1,hospital_medicine,>=5_years,low,0,1,JEPA only
V146,cma,23.85,1,1,122.51,31.11,25.89,3.59,30.76,77.81,30.71,17.91,2,hospital_medicine,>=5_years,low,0,1,JEPA only
V146,control,22.27,1,1,192.93,39.01,46.9,14.86,41.27,77.27,31.41,22.37,3,hospital_medicine,>=5_years,low,0,0,JEPA only
V146,bm25,22.62,1,1,213.51,40.01,37.21,4.79,45.41,81.17,48.52,22.95,4,hospital_medicine,>=5_years,low,0,0,JEPA only
V147,control,91.58,1,4,190.69,54.19,69.5,19.08,70.16,51.89,74.66,39.84,1,internal_medicine,<5_years,high,0,0,JEPA only
V147,cma,80.51,1,4,140.13,48.59,60.97,15.25,51.99,66.88,62.98,33.47,2,internal_medicine,<5_years,high,0,1,JEPA only
V147,bm25,86.57,1,4,187.56,55.02,70.15,23.34,65.11,53.09,70.4,48.04,3,internal_medicine,<5_years,high,0,0,JEPA only
V147,gdt,83.01,1,4,121.72,46.14,57.98,10.27,54.09,74.33,51.22,28.97,4,internal_medicine,<5_years,high,0,1,JEPA only
V148,bm25,21.37,1,1,188.12,44.04,54.23,9.1,44.46,79.51,46.91,30.06,1,internal_medicine,<5_years,low,0,0,JEPA only
V148,cma,21.42,1,1,136.83,27.45,21.25,8.01,23.03,74.76,21.88,15.79,2,internal_medicine,<5_years,low,0,1,JEPA only
V148,gdt,18.25,1,1,135.41,27.68,29.64,4.79,27.64,70.31,20.56,13.17,3,internal_medicine,<5_years,low,0,1,JEPA only
V148,control,22.8,1,1,187.62,35.85,38.5,9.93,36.08,71.18,37.3,22.12,4,internal_medicine,<5_years,low,0,0,JEPA only
V149,bm25,28.31,1,1,164.94,40.96,45.39,20.14,36.35,73.66,48.01,22.21,1,critical_care,<5_years,low,0,0,JEPA only
V149,cma,20.26,1,1,153.1,30.4,31.16,0.88,29.41,77.54,26.11,17.28,2,critical_care,<5_years,low,0,1,JEPA only
V149,gdt,19.41,1,1,143.97,30.19,17.96,16.7,30.9,77.43,28.25,9.93,3,critical_care,<5_years,low,0,1,JEPA only
V149,control,19.54,1,1,166.65,38.72,42.3,8.74,40.4,74.47,44.01,22.39,4,critical_care,<5_years,low,0,0,JEPA only
V150,bm25,61.08,1,3,182.29,50.73,63.25,20.09,59.43,61.8,61.3,38.49,1,hospital_medicine,<5_years,low,1,0,JEPA only
V150,cma,66.55,1,3,138.52,43.3,56.6,14.01,47.84,62.6,50.54,28.21,2,hospital_medicine,<5_years,low,1,1,JEPA only
V150,gdt,58.52,1,3,129.08,39.7,44.56,9.09,39.21,73.01,46.6,25.73,3,hospital_medicine,<5_years,low,1,1,JEPA only
V150,control,68.17,1,3,184.48,50.02,54.14,23.79,64.9,60.75,60.63,35.91,4,hospital_medicine,<5_years,low,1,0,JEPA only
V151,bm25,115.53,1,5,195.08,59.26,79.81,24.05,76.22,52.6,81.67,41.23,1,emergency,<5_years,high,1,0,JEPA only
V151,cma,104.73,1,5,145.37,50.48,65.32,19.05,58.21,59.16,61.09,40.06,2,emergency,<5_years,high,1,1,JEPA only
V151,control,108.98,1,5,186.62,58.49,83.32,17.77,76.51,45.71,78.46,49.14,3,emergency,<5_years,high,1,0,JEPA only
V151,gdt,97.86,1,5,123.64,46.72,55.44,20.91,55.17,59.29,56.47,33.03,4,emergency,<5_years,high,1,1,JEPA only
V152,cma,35.65,1,2,153.09,32.59,37.87,14.36,28.55,69.08,33.69,11.96,1,internal_medicine,<5_years,low,0,1,JEPA only
V152,gdt,43.19,1,2,122.87,35.25,40.69,4.91,35.84,77.99,34.9,17.2,2,internal_medicine,<5_years,low,0,1,JEPA only
V152,control,49.44,1,2,165.58,44.27,49.38,11.51,49.12,68.69,49.02,37.88,3,internal_medicine,<5_years,low,0,0,JEPA only
V152,bm25,47.43,1,2,178.77,43.76,57.95,17.16,44.0,62.78,46.35,34.3,4,internal_medicine,<5_years,low,0,0,JEPA only
V153,cma,92.79,1,5,148.1,48.62,66.36,16.13,50.73,60.95,62.15,35.38,1,hospital_medicine,>=5_years,high,0,1,JEPA only
V153,gdt,97.33,1,5,135.78,47.05,57.02,17.92,61.92,57.87,58.88,28.72,2,hospital_medicine,>=5_years,high,0,1,JEPA only
V153,bm25,114.15,1,5,183.42,60.49,78.86,18.58,77.68,52.0,79.88,55.93,3,hospital_medicine,>=5_years,high,0,0,JEPA only
V153,control,118.47,1,5,208.69,60.11,85.87,19.14,76.8,46.51,83.46,48.88,4,hospital_medicine,>=5_years,high,0,0,JEPA only
V154,control,114.5,1,5,204.28,62.19,87.23,26.5,78.66,50.43,81.4,48.92,1,critical_care,<5_years,high,0,0,JEPA only
V154,bm25,116.29,1,5,178.66,59.36,91.56,24.43,70.19,43.4,79.04,47.54,2,critical_care,<5_years,high,0,0,JEPA only
V154,cma,105.2,1,5,141.7,51.45,68.51,21.41,60.37,58.0,64.29,36.1,3,critical_care,<5_years,high,0,1,JEPA only
V154,gdt,96.96,1,5,122.2,44.16,56.83,11.4,54.43,59.39,55.27,27.63,4,critical_care,<5_years,high,0,1,JEPA only
V155,control,73.86,1,3,183.4,49.85,66.2,12.91,61.68,64.55,62.83,30.92,1,internal_medicine,>=5_years,high,2,0,JEPA only
V155,cma,62.79,1,3,141.68,40.93,45.07,11.95,44.6,66.07,49.46,28.43,2,internal_medicine,>=5_years,high,2,1,JEPA only
V155,gdt,57.41,1,3,137.61,38.03,35.98,15.16,38.73,69.92,47.32,21.07,3,internal_medicine,>=5_years,high,2,1,JEPA only
V155,bm25,73.92,1,3,185.54,52.83,65.2,18.04,66.72,61.5,60.28,45.22,4,internal_medicine,>=5_years,high,2,0,JEPA only
V156,control,55.33,1,2,197.04,46.83,59.96,16.39,56.02,67.75,46.23,34.64,1,critical_care,<5_years,low,0,0,JEPA only
V156,gdt,37.37,1,2,123.28,34.7,36.39,15.73,34.08,76.96,33.83,11.21,2,critical_care,<5_years,low,0,1,JEPA only
V156,bm25,48.81,1,2,181.12,44.81,49.24,17.92,47.48,62.07,56.11,36.02,3,critical_care,<5_years,low,0,0,JEPA only
V156,cma,39.58,1,2,138.93,34.51,42.73,3.76,37.95,71.92,31.58,19.12,4,critical_care,<5_years,low,0,1,JEPA only
V157,bm25,87.0,1,4,200.13,55.08,69.07,22.29,70.61,58.29,69.16,41.07,1,hospital_medicine,>=5_years,high,0,0,JEPA only
V157,control,93.42,1,4,186.12,54.28,71.89,16.2,75.52,48.38,70.16,43.54,2,hospital_medicine,>=5_years,high,0,0,JEPA only
V157,cma,79.21,1,4,131.98,44.26,54.05,22.63,44.13,59.31,52.21,33.21,3,hospital_medicine,>=5_years,high,0,1,JEPA only
V157,gdt,76.6,1,4,121.96,42.88,50.41,15.19,45.6,66.82,53.75,25.48,4,hospital_medicine,>=5_years,high,0,1,JEPA only
V158,bm25,40.14,1,2,222.94,45.81,56.52,14.86,54.15,70.81,51.61,26.93,1,critical_care,>=5_years,low,0,0,JEPA only
V158,control,47.58,1,2,212.66,39.95,48.6,4.22,50.0,67.72,45.41,23.76,2,critical_care,>=5_years,low,0,0,JEPA only
V158,cma,47.37,1,2,129.54,36.16,42.96,11.75,32.09,79.11,34.67,16.4,3,critical_care,>=5_years,low,0,1,JEPA only
V158,gdt,37.1,1,2,117.05,33.41,28.34,10.31,28.9,83.0,27.1,22.79,4,critical_care,>=5_years,low,0,1,JEPA only
V159,cma,96.37,1,5,141.15,49.61,68.49,15.24,55.76,55.78,65.41,37.01,1,critical_care,>=5_years,high,0,1,JEPA only
V159,gdt,94.21,1,5,125.23,45.9,62.55,17.32,48.87,65.24,56.4,25.06,2,critical_care,>=5_years,high,0,1,JEPA only
V159,control,129.19,1,5,186.69,59.84,83.75,19.97,81.57,41.29,83.09,49.34,3,critical_care,>=5_years,high,0,0,JEPA only
V159,bm25,112.93,1,5,203.88,59.13,76.92,22.81,82.27,56.47,68.93,47.36,4,critical_care,>=5_years,high,0,0,JEPA only
V160,gdt,53.13,1,3,132.87,39.59,34.2,19.33,38.49,76.13,43.95,25.45,1,hospital_medicine,<5_years,low,0,1,JEPA only
V160,cma,62.27,1,3,145.43,38.98,49.44,12.99,37.0,69.93,39.58,24.92,2,hospital_medicine,<5_years,low,0,1,JEPA only
V160,bm25,70.08,1,3,166.62,48.69,61.32,11.09,64.7,59.55,59.59,35.88,3,hospital_medicine,<5_years,low,0,0,JEPA only
V160,control,63.77,1,3,189.18,49.1,58.36,20.88,56.13,63.41,55.51,40.31,4,hospital_medicine,<5_years,low,0,0,JEPA only
V161,bm25,119.73,1,5,199.74,61.41,83.73,24.0,79.55,47.26,86.12,47.81,1,internal_medicine,<5_years,high,2,0,JEPA only
V161,gdt,96.52,1,5,129.52,45.43,65.54,12.07,57.96,57.9,54.74,24.38,2,internal_medicine,<5_years,high,2,1,JEPA only
V161,control,128.7,1,5,182.84,63.81,94.39,26.39,77.59,49.62,81.53,53.31,3,internal_medicine,<5_years,high,2,0,JEPA only
V161,cma,101.96,1,5,141.25,50.14,63.68,6.85,71.97,61.99,60.86,35.48,4,internal_medicine,<5_years,high,2,1,JEPA only
V162,control,111.08,1,5,200.56,58.01,79.98,17.45,71.87,45.06,81.1,52.59,1,emergency,>=5_years,high,0,0,JEPA only
V162,cma,101.45,1,5,139.09,49.96,68.74,13.21,61.79,56.26,64.4,35.36,2,emergency,>=5_years,high,0,1,JEPA only
V162,bm25,128.49,1,5,193.72,60.98,84.9,20.0,79.62,43.67,90.17,47.52,3,emergency,>=5_years,high,0,0,JEPA only
V162,gdt,92.94,1,5,125.84,46.66,61.74,13.71,51.27,60.96,56.91,35.34,4,emergency,>=5_years,high,0,1,JEPA only
V163,control,72.28,1,3,215.63,52.0,62.9,25.53,53.6,62.74,63.91,43.35,1,emergency,>=5_years,high,2,0,JEPA only
V163,gdt,61.86,1,3,142.06,39.15,46.52,11.87,35.6,74.01,45.33,21.6,2,emergency,>=5_years,high,2,1,JEPA only
V163,cma,66.36,1,3,145.74,40.82,48.41,17.62,41.81,65.73,43.39,27.98,3,emergency,>=5_years,high,2,1,JEPA only
V163,bm25,67.02,1,3,194.08,48.27,65.19,15.97,57.31,62.53,53.48,35.15,4,emergency,>=5_years,high,2,0,JEPA only
V164,control,115.72,1,5,181.62,59.61,78.31,26.38,76.73,53.47,81.34,41.43,1,critical_care,<5_years,high,2,0,JEPA only
V164,gdt,100.13,1,5,136.71,46.23,61.04,13.52,52.63,58.07,54.42,37.71,2,critical_care,<5_years,high,2,1,JEPA only
V164,bm25,114.69,1,5,184.98,57.94,78.49,16.07,81.14,40.81,76.02,55.08,3,critical_care,<5_years,high,2,0,JEPA only
V164,cma,102.81,1,5,147.55,52.38,73.45,19.41,60.06,57.99,68.75,34.62,4,critical_care,<5_years,high,2,1,JEPA only
V165,control,27.82,1,1,196.2,35.83,36.34,15.0,38.33,70.03,39.03,16.23,1,emergency,<5_years,low,0,0,JEPA only
V165,gdt,25.48,1,1,120.48,30.71,28.42,9.22,18.38,89.18,25.95,13.14,2,emergency,<5_years,low,0,1,JEPA only
V165,cma,21.25,1,1,139.19,34.22,34.08,5.43,34.37,85.11,27.7,18.62,3,emergency,<5_years,low,0,1,JEPA only
V165,bm25,23.7,1,1,182.23,37.52,41.82,11.86,42.31,65.72,34.5,28.9,4,emergency,<5_years,low,0,0,JEPA only
V166,control,94.97,1,4,190.67,55.71,78.43,23.6,64.06,48.11,81.96,38.09,1,internal_medicine,<5_years,high,2,0,JEPA only
V166,gdt,76.59,1,4,122.96,42.79,55.2,9.48,48.0,62.79,50.36,30.89,2,internal_medicine,<5_years,high,2,1,JEPA only
V166,cma,74.93,1,4,138.04,43.73,58.43,14.98,52.44,61.95,51.67,22.89,3,internal_medicine,<5_years,high,2,1,JEPA only
V166,bm25,95.73,1,4,198.31,54.66,68.09,22.29,68.73,46.13,78.51,44.2,4,internal_medicine,<5_years,high,2,0,JEPA only
V167,control,73.05,1,3,185.49,50.09,65.99,15.77,58.93,64.39,65.71,29.73,1,critical_care,<5_years,low,0,0,JEPA only
V167,gdt,54.43,1,3,132.22,36.57,38.16,16.21,35.56,64.89,41.37,23.24,2,critical_care,<5_years,low,0,1,JEPA only
V167,cma,57.05,1,3,141.1,38.06,40.72,7.71,37.65,71.38,46.05,24.86,3,critical_care,<5_years,low,0,1,JEPA only
V167,bm25,71.58,1,3,193.18,46.74,62.35,20.03,57.26,56.25,54.4,30.17,4,critical_care,<5_years,low,0,0,JEPA only
V168,gdt,38.68,1,2,125.43,34.55,42.42,14.23,25.19,74.78,30.98,19.68,1,emergency,>=5_years,low,0,1,JEPA only
V168,cma,37.57,1,2,152.57,38.06,40.85,14.93,32.58,71.59,44.73,23.68,2,emergency,>=5_years,low,0,1,JEPA only
V168,control,46.72,1,2,187.88,45.16,58.36,11.31,57.93,66.23,44.83,32.33,3,emergency,>=5_years,low,0,0,JEPA only
V168,bm25,46.63,1,2,197.64,43.95,56.78,13.83,53.56,65.01,43.59,30.9,4,emergency,>=5_years,low,0,0,JEPA only
V169,bm25,26.14,1,1,162.0,40.57,41.9,16.78,44.86,73.07,41.53,25.3,1,critical_care,>=5_years,low,0,0,JEPA only
V169,gdt,15.54,1,1,131.26,30.68,26.83,14.78,18.35,84.78,22.14,17.18,2,critical_care,>=5_years,low,0,1,JEPA only
V169,cma,20.79,1,1,126.97,32.66,36.21,13.98,21.19,75.68,30.97,17.91,3,critical_care,>=5_years,low,0,1,JEPA only
V169,control,23.65,1,1,165.43,38.98,52.99,10.08,38.6,71.47,35.79,24.94,4,critical_care,>=5_years,low,0,0,JEPA only
V170,bm25,20.31,1,1,175.22,39.55,46.99,9.6,38.79,76.78,37.69,27.46,1,critical_care,<5_years,low,0,0,JEPA only
V170,cma,20.4,1,1,151.54,33.9,31.11,13.92,26.12,88.14,24.73,19.38,2,critical_care,<5_years,low,0,1,JEPA only
V170,control,21.01,1,1,184.77,36.25,38.73,12.3,35.4,69.8,42.26,19.02,3,critical_care,<5_years,low,0,0,JEPA only
V170,gdt,18.92,1,1,136.26,27.0,23.5,14.22,14.87,79.11,19.54,10.78,4,critical_care,<5_years,low,0,1,JEPA only
V171,control,47.0,1,2,206.19,43.8,48.9,15.88,49.07,65.47,49.9,33.57,1,internal_medicine,<5_years,low,0,0,JEPA only
V171,cma,39.61,1,2,140.58,34.81,37.87,11.24,25.8,75.22,35.14,23.59,2,internal_medicine,<5_years,low,0,1,JEPA only
V171,bm25,43.41,1,2,199.12,42.49,49.65,14.21,48.52,68.33,45.37,28.85,3,internal_medicine,<5_years,low,0,0,JEPA only
V171,gdt,37.57,1,2,137.71,33.65,37.33,12.07,29.23,78.79,30.08,14.42,4,internal_medicine,<5_years,low,0,1,JEPA only
V172,bm25,114.01,1,5,190.11,59.54,81.5,17.1,88.38,46.06,77.82,46.37,1,critical_care,>=5_years,high,4,0,JEPA only
V172,cma,98.58,1,5,139.74,48.23,64.58,13.67,62.46,52.57,61.0,35.11,2,critical_care,>=5_years,high,4,1,JEPA only
V172,control,117.29,1,5,188.14,60.82,73.56,23.38,78.14,53.33,83.09,53.43,3,critical_care,>=5_years,high,4,0,JEPA only
V172,gdt,88.8,1,5,124.09,42.62,56.24,4.96,46.65,62.67,56.94,28.24,4,critical_care,>=5_years,high,4,1,JEPA only
V173,gdt,101.11,1,5,124.34,46.87,60.75,15.9,59.96,59.55,55.97,29.07,1,internal_medicine,<5_years,high,3,1,JEPA only
V173,cma,92.0,1,5,143.91,48.85,59.05,24.35,59.63,59.53,53.72,36.83,2,internal_medicine,<5_years,high,3,1,JEPA only
V173,bm25,111.56,1,5,186.62,59.33,82.41,21.26,75.53,46.84,84.8,45.14,3,internal_medicine,<5_years,high,3,0,JEPA only
V173,control,118.42,1,5,195.6,59.75,82.48,21.0,83.0,48.63,72.82,50.54,4,internal_medicine,<5_years,high,3,0,JEPA only
V174,gdt,99.57,1,5,131.14,48.45,60.01,20.56,55.52,62.71,59.2,32.72,1,emergency,<5_years,high,0,1,JEPA only
V174,control,114.9,1,5,190.16,59.07,80.29,26.37,74.88,51.09,81.49,40.29,2,emergency,<5_years,high,0,0,JEPA only
V174,bm25,118.07,1,5,193.95,60.46,83.33,20.75,84.65,45.22,76.12,52.67,3,emergency,<5_years,high,0,0,JEPA only
V174,cma,98.51,1,5,144.12,49.15,63.19,19.12,63.23,58.39,58.99,31.99,4,emergency,<5_years,high,0,1,JEPA only
V175,bm25,44.72,1,2,185.49,42.71,51.84,11.09,48.33,64.76,54.42,25.82,1,emergency,>=5_years,low,0,0,JEPA only
V175,cma,37.22,1,2,141.17,35.73,38.16,11.66,30.63,79.15,34.54,20.24,2,emergency,>=5_years,low,0,1,JEPA only
V175,control,37.61,1,2,190.11,42.62,49.54,12.34,47.34,70.19,43.2,33.07,3,emergency,>=5_years,low,0,0,JEPA only
V175,gdt,34.99,1,2,135.62,34.17,34.0,15.12,28.42,78.87,30.93,17.69,4,emergency,>=5_years,low,0,1,JEPA only
V176,bm25,89.2,1,4,190.0,55.45,79.95,21.24,69.26,51.45,71.46,39.34,1,internal_medicine,>=5_years,high,3,0,JEPA only
V176,cma,80.5,1,4,147.94,45.86,44.58,20.39,51.73,68.89,59.29,30.29,2,internal_medicine,>=5_years,high,3,1,JEPA only
V176,gdt,77.37,1,4,127.05,43.02,54.14,16.85,43.68,66.25,52.57,24.61,3,internal_medicine,>=5_years,high,3,1,JEPA only
V176,control,87.52,1,4,176.65,51.09,68.28,8.85,65.17,57.28,70.79,36.17,4,internal_medicine,>=5_years,high,3,0,JEPA only
V177,cma,100.67,1,5,153.93,49.22,65.6,13.02,58.93,64.15,60.24,33.38,1,critical_care,>=5_years,high,1,1,JEPA only
V177,control,131.17,1,5,187.25,60.52,85.62,22.68,81.03,44.37,82.47,46.96,2,critical_care,>=5_years,high,1,0,JEPA only
V177,bm25,112.3,1,5,193.63,59.0,81.45,18.55,78.82,50.79,77.99,46.41,3,critical_care,>=5_years,high,1,0,JEPA only
V177,gdt,89.29,1,5,129.86,46.06,55.52,22.02,55.36,59.72,57.2,26.55,4,critical_care,>=5_years,high,1,1,JEPA only
V178,control,94.35,1,4,192.47,53.55,73.34,21.82,66.79,50.92,76.84,31.6,1,hospital_medicine,>=5_years,high,0,0,JEPA only
V178,bm25,79.74,1,4,179.24,51.61,66.32,12.95,66.82,61.39,58.7,43.46,2,hospital_medicine,>=5_years,high,0,0,JEPA only
V178,gdt,70.68,1,4,125.82,39.87,47.89,15.98,40.16,63.69,44.13,27.36,3,hospital_medicine,>=5_years,high,0,1,JEPA only
V178,cma,88.66,1,4,148.01,45.85,61.48,10.25,58.12,60.65,52.95,31.65,4,hospital_medicine,>=5_years,high,0,1,JEPA only
V179,control,44.05,1,2,184.85,47.43,53.99,18.11,50.64,71.62,54.62,35.59,1,internal_medicine,>=5_years,low,0,0,JEPA only
V179,bm25,43.52,1,2,194.9,45.14,52.99,11.45,46.58,72.13,53.0,34.68,2,internal_medicine,>=5_years,low,0,0,JEPA only
V179,cma,42.23,1,2,140.25,35.38,42.06,4.8,35.54,72.14,42.42,15.33,3,internal_medicine,>=5_years,low,0,1,JEPA only
V179,gdt,41.77,1,2,147.55,33.24,36.3,8.84,32.71,78.66,33.19,9.76,4,internal_medicine,>=5_years,low,0,1,JEPA only
V180,cma,19.86,1,1,135.22,31.24,34.8,10.53,21.59,80.18,27.54,12.8,1,critical_care,<5_years,low,0,1,JEPA only
V180,control,22.03,1,1,178.44,37.51,37.15,9.88,38.84,74.77,41.07,23.39,2,critical_care,<5_years,low,0,0,JEPA only
V180,bm25,19.21,1,1,181.15,36.89,46.45,10.54,35.99,66.62,32.2,29.55,3,critical_care,<5_years,low,0,0,JEPA only
V180,gdt,17.1,1,1,126.08,27.48,23.02,8.67,14.62,81.48,30.37,6.75,4,critical_care,<5_years,low,0,1,JEPA only
V181,bm25,142.96,0,1,168.81,59.45,82.39,20.22,79.07,48.81,81.83,44.34,1,emergency,<5_years,low,0,0,JEPA only
V181,control,24.43,1,1,184.17,39.06,42.56,16.76,38.19,73.91,35.49,27.44,2,emergency,<5_years,low,0,0,JEPA only
V181,gdt,17.36,1,1,112.18,27.82,27.61,2.42,19.52,74.94,28.42,14.02,3,emergency,<5_years,low,0,1,JEPA only
V181,cma,18.72,1,1,138.9,32.6,27.04,9.57,26.5,81.66,29.73,21.1,4,emergency,<5_years,low,0,1,JEPA only
V182,bm25,300.0,0,4,184.56,70.72,100.0,30.82,100.0,13.78,100.0,79.69,1,critical_care,<5_years,high,0,0,JEPA only
V182,control,91.75,1,4,190.19,56.68,78.07,21.97,66.38,56.05,65.84,51.77,2,critical_care,<5_years,high,0,0,JEPA only
V182,cma,83.1,1,4,136.63,45.27,57.98,13.0,56.11,65.15,48.25,31.17,3,critical_care,<5_years,high,0,1,JEPA only
V182,gdt,74.51,1,4,125.76,40.55,46.45,13.69,49.21,63.65,41.9,28.41,4,critical_care,<5_years,high,0,1,JEPA only
V183,cma,59.08,1,3,151.55,38.42,39.93,14.1,40.05,68.04,44.8,23.6,1,critical_care,<5_years,low,0,1,JEPA only
V183,bm25,76.25,1,3,182.73,50.42,60.35,16.98,61.15,57.08,70.76,36.21,2,critical_care,<5_years,low,0,0,JEPA only
V183,gdt,59.84,1,3,141.3,36.07,40.78,6.36,39.25,68.94,43.63,17.44,3,critical_care,<5_years,low,0,1,JEPA only
V183,control,71.84,1,3,204.14,49.79,59.38,11.43,58.17,68.79,60.35,40.62,4,critical_care,<5_years,low,0,0,JEPA only
V184,gdt,79.08,1,4,127.88,44.65,57.43,15.6,49.82,67.08,44.71,33.26,1,hospital_medicine,>=5_years,high,2,1,JEPA only
V184,control,90.43,1,4,188.59,53.43,77.61,20.39,66.46,45.95,71.73,38.45,2,hospital_medicine,>=5_years,high,2,0,JEPA only
V184,cma,88.34,1,4,144.39,45.58,71.21,11.33,54.65,59.74,48.67,27.87,3,hospital_medicine,>=5_years,high,2,1,JEPA only
V184,bm25,91.02,1,4,200.94,51.29,68.87,16.12,63.42,52.44,66.4,40.47,4,hospital_medicine,>=5_years,high,2,0,JEPA only
V185,gdt,101.42,1,5,129.73,47.14,56.46,18.48,57.31,53.81,62.8,33.95,1,emergency,<5_years,high,2,1,JEPA only
V185,bm25,121.71,1,5,192.16,58.12,77.14,14.98,88.02,43.71,79.4,45.48,2,emergency,<5_years,high,2,0,JEPA only
V185,cma,103.41,1,5,147.15,52.08,67.37,27.25,60.18,58.12,67.01,32.55,3,emergency,<5_years,high,2,1,JEPA only
V185,control,124.01,1,5,185.44,60.37,91.55,21.18,77.64,48.9,75.17,47.75,4,emergency,<5_years,high,2,0,JEPA only
V186,bm25,112.7,1,5,199.72,57.29,85.79,15.75,72.69,51.06,73.08,45.36,1,critical_care,>=5_years,high,4,0,JEPA only
V186,gdt,94.04,1,5,127.78,45.39,56.37,18.82,50.67,59.49,55.47,31.54,2,critical_care,>=5_years,high,4,1,JEPA only
V186,cma,104.68,1,5,148.93,52.8,66.36,19.84,61.68,62.06,68.64,38.2,3,critical_care,>=5_years,high,4,1,JEPA only
V186,control,120.64,1,5,175.1,60.06,85.0,24.84,72.6,48.45,79.5,49.95,4,critical_care,>=5_years,high,4,0,JEPA only
V187,gdt,38.11,1,2,124.99,33.33,34.0,15.98,26.22,72.99,25.04,25.74,1,critical_care,>=5_years,low,0,1,JEPA only
V187,bm25,41.82,1,2,196.0,45.12,54.64,11.48,53.31,67.83,51.29,32.14,2,critical_care,>=5_years,low,0,0,JEPA only
V187,cma,41.7,1,2,128.34,34.92,29.58,17.88,32.84,66.95,38.48,23.81,3,critical_care,>=5_years,low,0,1,JEPA only
V187,control,44.69,1,2,172.99,45.78,49.11,18.16,48.08,75.27,55.68,28.38,4,critical_care,>=5_years,low,0,0,JEPA only
V188,bm25,23.3,1,1,196.21,36.41,36.01,9.95,41.79,70.02,40.54,20.14,1,internal_medicine,>=5_years,low,0,0,JEPA only
V188,control,23.28,1,1,229.09,39.0,35.52,20.16,42.7,72.0,41.73,21.92,2,internal_medicine,>=5_years,low,0,0,JEPA only
V188,gdt,19.01,1,1,140.17,25.97,24.58,1.73,22.38,83.15,17.01,6.95,3,internal_medicine,>=5_years,low,0,1,JEPA only
V188,cma,18.35,1,1,138.21,32.18,27.56,9.03,26.44,83.46,35.76,10.85,4,internal_medicine,>=5_years,low,0,1,JEPA only
V189,control,47.68,1,2,194.21,41.82,54.06,11.4,53.47,59.09,47.26,25.62,1,internal_medicine,<5_years,low,0,0,JEPA only
V189,bm25,46.47,1,2,179.02,46.0,57.55,17.82,54.33,66.44,54.62,25.24,2,internal_medicine,<5_years,low,0,0,JEPA only
V189,gdt,37.44,1,2,123.1,30.94,38.44,10.22,30.1,60.72,30.47,15.67,3,internal_medicine,<5_years,low,0,1,JEPA only
V189,cma,42.06,1,2,122.97,35.32,36.64,12.21,33.58,76.26,33.28,19.96,4,internal_medicine,<5_years,low,0,1,JEPA only
V190,gdt,64.07,1,3,121.61,37.57,48.94,16.52,30.94,65.55,45.8,17.69,1,critical_care,>=5_years,low,0,1,JEPA only
V190,bm25,67.58,1,3,179.29,48.33,61.89,19.93,63.03,60.19,60.0,24.9,2,critical_care,>=5_years,low,0,0,JEPA only
V190,control,70.14,1,3,193.82,46.26,54.42,11.92,49.88,64.22,59.58,37.52,3,critical_care,>=5_years,low,0,0,JEPA only
V190,cma,56.69,1,3,145.35,38.06,42.61,12.34,36.4,68.02,47.19,21.8,4,critical_care,>=5_years,low,0,1,JEPA only
V191,gdt,57.77,1,3,126.23,37.0,39.9,17.26,37.48,66.48,42.14,18.73,1,critical_care,<5_years,low,0,1,JEPA only
V191,bm25,76.51,1,3,212.19,49.3,62.23,23.02,56.8,55.48,53.68,44.59,2,critical_care,<5_years,low,0,0,JEPA only
V191,control,74.45,1,3,206.09,47.98,63.37,13.34,54.35,55.09,65.23,36.49,3,critical_care,<5_years,low,0,0,JEPA only
V191,cma,61.26,1,3,147.72,36.63,50.96,12.19,37.17,69.1,39.24,11.13,4,critical_care,<5_years,low,0,1,JEPA only
V192,bm25,171.25,0,2,198.75,65.25,93.48,21.17,87.59,40.02,92.97,56.29,1,critical_care,<5_years,low,0,0,JEPA only
V192,control,44.0,1,2,184.98,43.11,49.6,8.27,44.84,72.0,53.88,30.06,2,critical_care,<5_years,low,0,0,JEPA only
V192,gdt,39.21,1,2,129.62,32.02,36.65,11.73,34.71,74.73,21.19,13.11,3,critical_care,<5_years,low,0,1,JEPA only
V192,cma,42.02,1,2,133.43,37.63,42.99,16.32,42.01,68.45,38.58,17.41,4,critical_care,<5_years,low,0,1,JEPA only
V193,cma,79.96,1,4,151.13,44.41,56.41,14.33,50.5,61.72,52.5,31.0,1,critical_care,<5_years,high,0,1,JEPA only
V193,control,85.93,1,4,168.05,50.55,67.32,21.04,53.97,58.09,65.82,37.03,2,critical_care,<5_years,high,0,0,JEPA only
V193,bm25,100.98,1,4,182.17,56.12,74.53,24.25,70.05,57.05,76.54,34.32,3,critical_care,<5_years,high,0,0,JEPA only
V193,gdt,78.84,1,4,125.34,42.57,57.07,13.47,43.6,70.14,44.22,26.92,4,critical_care,<5_years,high,0,1,JEPA only
V194,cma,16.69,1,1,126.64,31.16,30.98,9.32,30.59,79.54,23.31,13.21,1,hospital_medicine,>=5_years,low,0,1,JEPA only
V194,bm25,24.23,1,1,183.68,40.94,45.53,6.26,49.1,72.16,40.6,31.99,2,hospital_medicine,>=5_years,low,0,0,JEPA only
V194,control,22.64,1,1,189.38,40.89,43.86,16.94,39.87,73.25,44.38,27.07,3,hospital_medicine,>=5_years,low,0,0,JEPA only
V194,gdt,19.6,1,1,127.0,28.29,25.5,5.26,26.47,80.84,25.9,5.78,4,hospital_medicine,>=5_years,low,0,1,JEPA only
V195,bm25,106.46,1,5,197.58,59.74,85.3,23.02,74.27,52.98,77.06,45.8,1,critical_care,>=5_years,high,0,0,JEPA only
V195,cma,97.39,1,5,139.03,49.29,66.14,15.34,61.33,56.42,62.07,34.41,2,critical_care,>=5_years,high,0,1,JEPA only
V195,gdt,98.54,1,5,138.45,46.84,64.09,18.41,51.54,57.12,61.69,28.19,3,critical_care,>=5_years,high,0,1,JEPA only
V195,control,106.34,1,5,184.48,57.31,82.68,16.68,72.36,48.42,73.73,49.97,4,critical_care,>=5_years,high,0,0,JEPA only
V196,bm25,24.71,1,1,183.69,38.43,45.49,6.51,45.34,71.88,36.24,25.12,1,emergency,<5_years,low,0,0,JEPA only
V196,gdt,19.89,1,1,114.8,30.2,31.38,4.82,26.77,88.81,21.11,8.31,2,emergency,<5_years,low,0,1,JEPA only
V196,control,20.1,1,1,207.18,39.26,40.98,10.17,36.31,73.52,50.55,24.0,3,emergency,<5_years,low,0,0,JEPA only
V196,cma,26.2,1,1,135.83,29.42,28.41,7.82,30.31,79.43,19.81,10.72,4,emergency,<5_years,low,0,1,JEPA only
V197,cma,24.09,1,1,169.43,32.18,33.9,9.13,29.79,78.24,30.33,11.69,1,hospital_medicine,<5_years,low,0,1,JEPA only
V197,gdt,20.03,1,1,127.35,26.53,21.12,3.94,21.75,75.35,30.9,6.14,2,hospital_medicine,<5_years,low,0,1,JEPA only
V197,control,23.1,1,1,227.84,39.55,47.1,7.03,50.9,65.77,38.9,27.58,3,hospital_medicine,<5_years,low,0,0,JEPA only
V197,bm25,20.4,1,1,213.37,38.69,46.7,9.86,34.9,79.31,36.56,24.78,4,hospital_medicine,<5_years,low,0,0,JEPA only
V198,bm25,19.3,1,1,190.63,38.6,48.24,5.79,40.57,74.71,35.53,26.74,1,hospital_medicine,>=5_years,low,0,0,JEPA only
V198,control,26.8,1,1,186.07,37.85,39.33,7.78,41.82,72.71,40.42,25.02,2,hospital_medicine,>=5_years,low,0,0,JEPA only
V198,gdt,17.68,1,1,139.04,28.31,21.99,7.68,21.42,84.72,22.16,11.91,3,hospital_medicine,>=5_years,low,0,1,JEPA only
V198,cma,20.77,1,1,124.29,27.58,23.52,8.45,23.4,74.5,25.84,9.76,4,hospital_medicine,>=5_years,low,0,1,JEPA only
V199,control,73.59,1,3,213.89,49.3,56.45,24.66,57.28,56.31,61.64,39.47,1,internal_medicine,<5_years,low,0,0,JEPA only
V199,bm25,68.81,1,3,216.8,52.08,68.22,17.09,59.19,65.55,65.38,37.05,2,internal_medicine,<5_years,low,0,0,JEPA only
V199,cma,59.49,1,3,148.87,38.4,43.7,7.64,42.33,71.87,38.7,26.14,3,internal_medicine,<5_years,low,0,1,JEPA only
V199,gdt,53.84,1,3,130.08,33.6,38.9,10.24,31.1,74.24,35.66,11.45,4,internal_medicine,<5_years,low,0,1,JEPA only
V200,cma,24.14,1,1,163.53,31.93,28.04,6.29,32.38,78.69,30.24,15.97,1,critical_care,<5_years,low,0,1,JEPA only
V200,control,20.0,1,1,212.02,40.06,36.27,10.12,46.19,76.25,41.35,30.21,2,critical_care,<5_years,low,0,0,JEPA only
V200,bm25,24.95,1,1,190.32,37.26,37.66,12.18,37.4,70.76,40.31,25.23,3,critical_care,<5_years,low,0,0,JEPA only
V200,gdt,17.73,1,1,160.43,28.47,24.44,3.68,26.77,77.31,27.21,11.38,4,critical_care,<5_years,low,0,1,JEPA only
V201,bm25,62.88,1,3,191.6,49.84,67.92,10.8,59.45,59.6,63.1,38.18,1,internal_medicine,<5_years,low,0,0,JEPA only
V201,gdt,56.94,1,3,129.31,37.6,41.46,11.22,41.31,68.1,43.86,19.64,2,internal_medicine,<5_years,low,0,1,JEPA only
V201,control,70.59,1,3,202.12,50.89,66.4,24.66,58.39,56.47,61.43,37.98,3,internal_medicine,<5_years,low,0,0,JEPA only
V201,cma,68.62,1,3,153.69,42.71,53.73,17.33,40.73,69.68,47.56,27.2,4,internal_medicine,<5_years,low,0,1,JEPA only
V202,bm25,72.24,1,3,203.51,50.94,62.32,17.19,67.26,59.53,60.1,39.21,1,hospital_medicine,<5_years,low,0,0,JEPA only
V202,cma,60.78,1,3,152.51,41.24,54.51,13.28,44.24,68.48,42.24,24.69,2,hospital_medicine,<5_years,low,0,1,JEPA only
V202,control,65.97,1,3,197.2,48.13,66.58,14.6,54.95,60.84,60.37,31.46,3,hospital_medicine,<5_years,low,0,0,JEPA only
V202,gdt,61.88,1,3,136.52,38.3,45.95,12.1,33.24,70.91,44.46,23.13,4,hospital_medicine,<5_years,low,0,1,JEPA only
V203,bm25,69.75,1,3,183.91,49.85,67.55,17.53,53.65,67.22,55.47,37.68,1,emergency,>=5_years,low,0,0,JEPA only
V203,control,66.12,1,3,203.76,49.78,60.94,16.63,60.04,61.76,62.17,37.14,2,emergency,>=5_years,low,0,0,JEPA only
V203,gdt,54.7,1,3,135.9,34.3,41.61,6.84,34.66,63.56,31.31,27.81,3,emergency,>=5_years,low,0,1,JEPA only
V203,cma,60.52,1,3,158.22,42.83,52.61,15.53,39.96,77.75,40.77,30.36,4,emergency,>=5_years,low,0,1,JEPA only
V204,control,73.1,1,3,199.57,48.12,63.4,12.46,52.57,54.46,59.72,46.13,1,hospital_medicine,>=5_years,low,0,0,JEPA only
V204,gdt,66.58,1,3,135.66,39.87,46.62,16.47,46.27,63.78,43.68,22.41,2,hospital_medicine,>=5_years,low,0,1,JEPA only
V204,cma,62.71,1,3,148.91,43.43,53.95,17.12,47.34,65.35,48.24,28.57,3,hospital_medicine,>=5_years,low,0,1,JEPA only
V204,bm25,73.13,1,3,189.86,47.25,62.72,11.4,58.19,59.92,57.05,34.25,4,hospital_medicine,>=5_years,low,0,0,JEPA only
V205,bm25,46.89,1,2,172.17,45.39,51.79,21.38,50.78,67.85,48.49,32.07,1,internal_medicine,<5_years,low,0,0,JEPA only
V205,gdt,38.34,1,2,135.71,35.77,38.05,9.59,34.31,74.81,33.29,24.55,2,internal_medicine,<5_years,low,0,1,JEPA only
V205,control,47.54,1,2,203.24,45.39,45.97,18.62,49.35,64.22,55.79,38.4,3,internal_medicine,<5_years,low,0,0,JEPA only
V205,cma,42.55,1,2,171.21,37.58,38.89,19.15,32.68,73.67,43.72,17.38,4,internal_medicine,<5_years,low,0,1,JEPA only
V206,bm25,48.11,1,2,191.77,44.93,57.63,17.01,51.44,63.57,49.35,30.56,1,hospital_medicine,>=5_years,low,0,0,JEPA only
V206,cma,41.15,1,2,152.46,37.32,41.17,9.42,42.37,78.64,37.13,15.18,2,hospital_medicine,>=5_years,low,0,1,JEPA only
V206,gdt,41.12,1,2,154.28,33.09,34.9,10.18,28.07,74.75,35.2,15.44,3,hospital_medicine,>=5_years,low,0,1,JEPA only
V206,control,39.27,1,2,181.07,41.11,51.41,9.46,52.55,60.52,45.93,26.79,4,hospital_medicine,>=5_years,low,0,0,JEPA only
V207,cma,18.8,1,1,122.72,31.26,30.01,6.83,24.93,86.85,21.32,17.6,1,emergency,<5_years,low,0,1,JEPA only
V207,bm25,27.14,1,1,195.65,38.42,46.19,2.56,39.45,73.46,46.73,22.14,2,emergency,<5_years,low,0,0,JEPA only
V207,control,27.67,1,1,191.71,39.09,38.76,8.15,40.67,74.79,43.08,29.07,3,emergency,<5_years,low,0,0,JEPA only
V207,gdt,16.29,1,1,141.83,30.14,31.84,12.42,21.67,86.78,21.3,6.86,4,emergency,<5_years,low,0,1,JEPA only
V208,control,117.14,1,5,181.34,60.64,83.39,26.72,83.48,44.6,82.85,42.79,1,critical_care,>=5_years,high,0,0,JEPA only
V208,gdt,91.19,1,5,130.09,46.37,58.57,20.11,52.78,59.5,54.71,32.54,2,critical_care,>=5_years,high,0,1,JEPA only
V208,cma,102.16,1,5,157.64,49.48,59.49,27.08,59.19,53.5,62.52,35.09,3,critical_care,>=5_years,high,0,1,JEPA only
V208,bm25,117.54,1,5,187.21,58.7,80.86,19.05,80.66,47.8,75.82,48.01,4,critical_care,>=5_years,high,0,0,JEPA only
V209,control,19.56,1,1,213.07,37.02,41.11,7.33,39.04,76.05,42.65,15.93,1,hospital_medicine,>=5_years,low,0,0,JEPA only
V209,cma,20.76,1,1,175.81,31.28,26.69,10.27,26.17,78.23,29.73,16.61,2,hospital_medicine,>=5_years,low,0,1,JEPA only
V209,bm25,22.22,1,1,205.53,39.42,47.2,10.89,45.33,79.27,36.06,17.75,3,hospital_medicine,>=5_years,low,0,0,JEPA only
V209,gdt,18.55,1,1,156.03,29.18,24.07,11.68,20.25,82.85,25.37,10.88,4,hospital_medicine,>=5_years,low,0,1,JEPA only
V210,control,122.71,1,5,190.96,62.5,81.82,23.76,83.55,48.93,83.38,53.55,1,hospital_medicine,<5_years,high,2,0,JEPA only
V210,gdt,97.46,1,5,126.58,46.17,53.19,18.54,54.8,63.77,58.73,27.98,2,hospital_medicine,<5_years,high,2,1,JEPA only
V210,bm25,116.06,1,5,195.2,59.26,83.35,26.8,80.71,43.82,80.25,40.65,3,hospital_medicine,<5_years,high,2,0,JEPA only
V210,cma,106.47,1,5,159.65,49.44,61.57,10.17,60.93,54.39,70.67,38.92,4,hospital_medicine,<5_years,high,2,1,JEPA only
V211,gdt,17.05,1,1,141.22,30.71,21.84,14.14,24.27,88.22,22.51,13.28,1,emergency,<5_years,low,0,1,JEPA only
V211,cma,19.04,1,1,168.15,27.55,30.07,0.0,22.72,77.34,22.18,13.01,2,emergency,<5_years,low,0,1,JEPA only
V211,bm25,24.17,1,1,178.63,39.84,49.8,13.16,39.21,69.24,41.96,25.64,3,emergency,<5_years,low,0,0,JEPA only
V211,control,20.1,1,1,202.47,37.24,40.93,13.75,32.27,65.75,44.09,26.65,4,emergency,<5_years,low,0,0,JEPA only
V212,control,22.62,1,1,199.49,40.19,41.32,17.8,38.6,73.17,40.72,29.52,1,emergency,>=5_years,low,0,0,JEPA only
V212,bm25,24.47,1,1,159.29,38.62,39.14,10.91,39.46,74.45,41.47,26.29,2,emergency,>=5_years,low,0,0,JEPA only
V212,gdt,17.55,1,1,135.69,27.63,28.01,5.79,23.94,73.82,22.32,11.87,3,emergency,>=5_years,low,0,1,JEPA only
V212,cma,21.4,1,1,151.17,28.71,28.08,2.27,26.4,76.82,19.88,18.81,4,emergency,>=5_years,low,0,1,JEPA only
V213,cma,77.99,1,4,152.3,43.6,61.66,6.87,48.85,66.15,46.74,31.32,1,critical_care,>=5_years,high,0,1,JEPA only
V213,control,92.12,1,4,189.24,57.33,70.54,20.76,74.19,57.11,73.8,47.58,2,critical_care,>=5_years,high,0,0,JEPA only
V213,bm25,94.36,1,4,191.66,55.64,77.77,24.06,66.04,56.63,73.81,35.55,3,critical_care,>=5_years,high,0,0,JEPA only
V213,gdt,77.53,1,4,130.52,41.22,53.0,9.45,44.23,64.83,41.57,34.24,4,critical_care,>=5_years,high,0,1,JEPA only
V214,gdt,73.6,1,4,125.44,39.83,42.47,14.53,47.93,60.93,47.54,25.6,1,internal_medicine,>=5_years,high,0,1,JEPA only
V214,bm25,88.98,1,4,197.16,55.47,75.37,18.65,70.56,57.63,66.03,44.58,2,internal_medicine,>=5_years,high,0,0,JEPA only
V214,cma,80.3,1,4,145.43,46.29,51.6,19.17,55.45,61.73,52.21,37.57,3,internal_medicine,>=5_years,high,0,1,JEPA only
V214,control,92.2,1,4,195.59,51.98,81.63,11.78,62.44,54.67,64.68,36.68,4,internal_medicine,>=5_years,high,0,0,JEPA only
V215,bm25,23.25,1,1,145.41,39.59,40.28,19.43,40.32,78.8,35.4,23.29,1,internal_medicine,>=5_years,low,0,0,JEPA only
V215,gdt,18.42,1,1,141.05,30.7,32.59,4.18,30.55,81.99,19.73,15.18,2,internal_medicine,>=5_years,low,0,1,JEPA only
V215,control,26.18,1,1,179.02,39.67,44.98,4.99,37.78,77.75,43.75,28.73,3,internal_medicine,>=5_years,low,0,0,JEPA only
V215,cma,20.1,1,1,141.21,33.67,35.49,9.69,28.8,87.87,25.74,14.44,4,internal_medicine,>=5_years,low,0,1,JEPA only
V216,control,94.15,1,4,193.75,53.09,81.87,14.68,66.93,54.73,59.92,40.41,1,hospital_medicine,>=5_years,high,0,0,JEPA only
V216,cma,76.58,1,4,135.2,42.94,52.45,7.09,50.64,60.73,51.47,35.26,2,hospital_medicine,>=5_years,high,0,1,JEPA only
V216,gdt,75.79,1,4,135.6,41.87,50.52,15.75,47.44,62.32,50.28,24.89,3,hospital_medicine,>=5_years,high,0,1,JEPA only
V216,bm25,93.76,1,4,184.22,55.92,70.63,22.21,70.51,58.98,69.83,43.38,4,hospital_medicine,>=5_years,high,0,0,JEPA only
V217,cma,84.07,1,4,142.4,45.94,59.83,12.6,52.56,62.2,61.01,27.44,1,critical_care,>=5_years,high,0,1,JEPA only
V217,bm25,85.43,1,4,191.01,53.76,65.39,22.08,71.47,54.49,64.47,44.66,2,critical_care,>=5_years,high,0,0,JEPA only
V217,control,92.78,1,4,187.77,53.39,63.36,16.91,65.83,54.08,73.41,46.74,3,critical_care,>=5_years,high,0,0,JEPA only
V217,gdt,79.67,1,4,139.29,41.28,47.27,15.55,44.31,65.58,49.11,25.85,4,critical_care,>=5_years,high,0,1,JEPA only
V218,cma,47.04,1,2,160.4,37.25,38.38,5.38,43.06,75.12,40.12,21.43,1,internal_medicine,<5_years,low,0,1,JEPA only
V218,control,45.82,1,2,173.35,46.05,59.15,15.55,51.15,71.08,50.47,28.91,2,internal_medicine,<5_years,low,0,0,JEPA only
V218,gdt,44.14,1,2,109.35,33.03,33.58,12.55,31.83,76.99,25.91,17.33,3,internal_medicine,<5_years,low,0,1,JEPA only
V218,bm25,40.15,1,2,183.75,41.8,54.52,9.3,47.41,63.39,50.59,25.61,4,internal_medicine,<5_years,low,0,0,JEPA only
V219,control,116.07,1,5,192.72,58.12,82.26,16.97,73.02,45.24,82.23,48.99,1,critical_care,>=5_years,high,3,0,JEPA only
V219,cma,101.21,1,5,136.04,50.07,67.41,22.64,56.57,54.87,62.22,36.72,2,critical_care,>=5_years,high,3,1,JEPA only
V219,gdt,93.11,1,5,132.45,46.88,58.06,24.12,52.1,62.67,52.86,31.47,3,critical_care,>=5_years,high,3,1,JEPA only
V219,bm25,112.54,1,5,191.06,57.38,79.44,24.25,72.18,46.54,72.37,49.48,4,critical_care,>=5_years,high,3,0,JEPA only
V220,bm25,87.11,1,4,200.39,55.2,68.3,21.59,69.5,55.09,69.9,46.81,1,internal_medicine,<5_years,high,0,0,JEPA only
V220,cma,76.06,1,4,154.01,45.06,53.39,17.46,56.11,64.96,54.95,23.5,2,internal_medicine,<5_years,high,0,1,JEPA only
V220,gdt,75.39,1,4,125.07,41.12,55.47,20.73,38.95,61.35,45.41,24.82,3,internal_medicine,<5_years,high,0,1,JEPA only
V220,control,99.16,1,4,189.27,52.81,73.32,10.89,69.6,49.93,69.12,44.02,4,internal_medicine,<5_years,high,0,0,JEPA only
V221,cma,36.72,1,2,131.65,31.2,33.16,8.15,24.31,71.04,37.95,12.57,1,hospital_medicine,>=5_years,low,0,1,JEPA only
V221,control,47.79,1,2,171.73,42.48,50.18,9.42,49.55,64.38,52.34,28.98,2,hospital_medicine,>=5_years,low,0,0,JEPA only
V221,bm25,45.57,1,2,185.93,43.15,58.05,18.57,47.47,59.76,48.22,26.85,3,hospital_medicine,>=5_years,low,0,0,JEPA only
V221,gdt,40.49,1,2,131.73,36.41,46.09,13.04,24.68,81.24,40.57,12.86,4,hospital_medicine,>=5_years,low,0,1,JEPA only
V222,cma,98.17,1,5,145.48,48.08,64.07,18.52,58.89,59.06,55.48,32.44,1,emergency,<5_years,high,1,1,JEPA only
V222,control,112.65,1,5,192.77,60.2,73.85,26.98,83.91,51.28,79.44,45.73,2,emergency,<5_years,high,1,0,JEPA only
V222,bm25,111.09,1,5,189.0,61.3,84.65,30.33,79.82,45.45,76.86,50.69,3,emergency,<5_years,high,1,0,JEPA only
V222,gdt,93.39,1,5,127.35,49.95,56.39,20.61,58.29,67.41,63.9,33.13,4,emergency,<5_years,high,1,1,JEPA only
V223,bm25,87.18,1,4,187.47,53.1,71.4,18.98,66.25,52.41,67.41,42.13,1,emergency,<5_years,high,2,0,JEPA only
V223,cma,80.7,1,4,150.14,42.83,53.71,12.94,52.71,58.84,56.64,22.15,2,emergency,<5_years,high,2,1,JEPA only
V223,control,93.72,1,4,195.17,55.67,69.67,22.19,66.23,58.08,71.39,46.49,3,emergency,<5_years,high,2,0,JEPA only
V223,gdt,78.32,1,4,119.09,44.22,53.13,23.61,49.34,64.29,48.25,26.67,4,emergency,<5_years,high,2,1,JEPA only
V224,cma,58.52,1,3,134.89,38.79,50.51,11.59,44.85,65.69,40.13,19.95,1,internal_medicine,>=5_years,low,0,1,JEPA only
V224,gdt,60.1,1,3,128.65,38.55,51.89,13.8,35.31,67.43,42.56,20.3,2,internal_medicine,>=5_years,low,0,1,JEPA only
V224,control,69.98,1,3,171.56,50.78,64.28,18.05,56.4,68.63,63.23,34.09,3,internal_medicine,>=5_years,low,0,0,JEPA only
V224,bm25,74.2,1,3,184.03,51.38,64.22,14.98,59.21,63.3,63.55,43.03,4,internal_medicine,>=5_years,low,0,0,JEPA only
V225,cma,94.29,1,5,137.82,48.88,67.36,22.74,62.95,46.58,59.83,33.79,1,hospital_medicine,>=5_years,high,2,1,JEPA only
V225,bm25,109.17,1,5,179.93,58.37,74.71,21.52,80.58,46.4,77.28,49.75,2,hospital_medicine,>=5_years,high,2,0,JEPA only
V225,control,114.79,1,5,180.0,61.53,81.71,20.94,82.41,50.55,81.05,52.52,3,hospital_medicine,>=5_years,high,2,0,JEPA only
V225,gdt,93.95,1,5,127.36,45.37,55.66,14.61,52.49,57.64,58.35,33.49,4,hospital_medicine,>=5_years,high,2,1,JEPA only
V226,cma,95.38,1,5,157.42,48.92,59.96,12.76,60.44,65.97,62.39,31.97,1,emergency,<5_years,high,0,1,JEPA only
V226,bm25,107.45,1,5,186.61,58.87,83.44,23.89,82.83,47.93,70.49,44.67,2,emergency,<5_years,high,0,0,JEPA only
V226,gdt,97.38,1,5,131.22,46.31,62.79,18.74,50.35,56.8,59.12,30.04,3,emergency,<5_years,high,0,1,JEPA only
V226,control,114.88,1,5,191.06,59.96,89.04,16.3,81.19,48.92,80.0,44.32,4,emergency,<5_years,high,0,0,JEPA only
V227,bm25,21.54,1,1,183.29,35.76,38.2,8.39,38.96,71.54,36.53,20.94,1,emergency,>=5_years,low,0,0,JEPA only
V227,control,24.42,1,1,192.15,38.59,34.71,10.48,38.11,76.82,39.29,32.14,2,emergency,>=5_years,low,0,0,JEPA only
V227,cma,23.47,1,1,163.22,32.84,27.0,5.45,32.54,77.88,32.12,22.03,3,emergency,>=5_years,low,0,1,JEPA only
V227,gdt,18.84,1,1,135.27,29.47,23.39,6.26,27.41,82.86,22.12,14.77,4,emergency,>=5_years,low,0,1,JEPA only
V228,control,120.25,1,5,193.02,61.07,87.2,21.1,78.41,44.22,85.66,49.82,1,emergency,<5_years,high,0,0,JEPA only
V228,cma,105.32,1,5,151.91,51.32,61.51,14.69,64.48,57.83,69.4,40.04,2,emergency,<5_years,high,0,1,JEPA only
V228,gdt,92.27,1,5,130.13,48.23,56.31,17.93,56.63,66.88,53.73,37.88,3,emergency,<5_years,high,0,1,JEPA only
V228,bm25,121.21,1,5,191.74,59.42,86.9,21.25,82.81,41.64,80.49,43.46,4,emergency,<5_years,high,0,0,JEPA only
V229,bm25,205.09,0,4,179.58,69.26,100.0,29.45,95.54,32.86,100.0,57.72,1,hospital_medicine,<5_years,high,2,0,JEPA only
V229,control,219.58,0,4,192.34,70.14,100.0,34.87,100.0,23.32,100.0,62.63,2,hospital_medicine,<5_years,high,2,0,JEPA only
V229,gdt,175.43,0,4,120.32,58.56,82.91,19.41,71.96,50.36,77.29,49.42,3,hospital_medicine,<5_years,high,2,1,JEPA only
V229,cma,180.78,0,4,134.67,59.89,87.69,21.11,77.81,39.82,85.12,47.81,4,hospital_medicine,<5_years,high,2,1,JEPA only
V230,control,44.53,1,2,194.57,44.73,51.21,16.73,44.77,66.9,51.54,37.23,1,hospital_medicine,>=5_years,low,0,0,JEPA only
V230,cma,36.53,1,2,158.33,36.94,38.41,17.76,33.06,72.78,36.03,23.62,2,hospital_medicine,>=5_years,low,0,1,JEPA only
V230,gdt,38.82,1,2,132.14,31.11,33.04,6.09,32.02,74.39,34.87,6.26,3,hospital_medicine,>=5_years,low,0,1,JEPA only
V230,bm25,48.58,1,2,178.98,42.46,53.49,6.97,55.64,58.81,56.14,23.74,4,hospital_medicine,>=5_years,low,0,0,JEPA only
V231,cma,39.83,1,2,160.86,39.28,43.55,16.43,38.42,73.14,44.42,19.7,1,hospital_medicine,>=5_years,low,0,1,JEPA only
V231,gdt,42.05,1,2,124.68,34.66,33.93,5.74,32.2,75.72,39.92,20.42,2,hospital_medicine,>=5_years,low,0,1,JEPA only
V231,bm25,44.85,1,2,212.67,44.52,55.19,11.29,49.38,70.95,52.66,27.65,3,hospital_medicine,>=5_years,low,0,0,JEPA only
V231,control,51.91,1,2,188.69,47.84,52.88,22.43,53.06,69.44,56.78,32.43,4,hospital_medicine,>=5_years,low,0,0,JEPA only
V232,cma,21.59,1,1,147.51,31.57,30.7,15.46,17.71,81.56,31.38,12.63,1,internal_medicine,<5_years,low,0,1,JEPA only
V232,gdt,20.55,1,1,120.4,26.45,27.54,9.73,15.49,76.55,26.57,2.8,2,internal_medicine,<5_years,low,0,1,JEPA only
V232,control,25.45,1,1,156.77,38.33,40.55,9.53,40.27,73.27,36.77,29.57,3,internal_medicine,<5_years,low,0,0,JEPA only
V232,bm25,24.08,1,1,169.23,37.59,46.02,9.57,42.41,70.22,36.36,20.96,4,internal_medicine,<5_years,low,0,0,JEPA only
V233,bm25,25.53,1,1,194.35,39.84,47.67,7.66,42.91,77.32,40.91,22.58,1,emergency,<5_years,low,0,0,JEPA only
V233,control,20.26,1,1,181.06,38.92,37.96,15.41,46.28,74.94,45.17,13.77,2,emergency,<5_years,low,0,0,JEPA only
V233,gdt,19.55,1,1,125.5,28.95,31.24,2.47,22.75,79.13,28.35,9.77,3,emergency,<5_years,low,0,1,JEPA only
V233,cma,20.04,1,1,137.52,34.66,34.51,12.72,30.21,78.66,36.95,14.88,4,emergency,<5_years,low,0,1,JEPA only
V234,control,74.16,1,3,198.61,47.88,61.18,5.79,61.41,57.13,67.38,34.42,1,critical_care,>=5_years,low,0,0,JEPA only
V234,cma,58.36,1,3,137.72,39.05,48.5,12.53,39.49,69.26,40.13,24.41,2,critical_care,>=5_years,low,0,1,JEPA only
V234,bm25,67.02,1,3,186.04,50.37,62.77,16.73,57.16,65.68,61.87,38.03,3,critical_care,>=5_years,low,0,0,JEPA only
V234,gdt,59.07,1,3,123.65,36.14,42.62,11.65,38.23,74.25,41.25,8.84,4,critical_care,>=5_years,low,0,1,JEPA only
V235,control,46.33,1,2,211.35,43.38,55.1,16.25,47.86,62.11,45.66,33.32,1,emergency,<5_years,low,0,0,JEPA only
V235,cma,39.56,1,2,153.6,36.2,44.59,1.53,39.08,78.91,36.4,16.7,2,emergency,<5_years,low,0,1,JEPA only
V235,gdt,39.8,1,2,123.79,29.78,34.74,1.52,28.41,76.4,27.95,9.64,3,emergency,<5_years,low,0,1,JEPA only
V235,bm25,48.08,1,2,190.62,47.04,55.26,13.29,54.73,68.37,56.48,34.12,4,emergency,<5_years,low,0,0,JEPA only
V236,gdt,37.71,1,2,119.8,32.46,32.83,7.53,32.01,75.79,34.75,11.88,1,critical_care,>=5_years,low,0,1,JEPA only
V236,bm25,54.04,1,2,210.52,44.93,52.88,13.85,51.4,62.7,55.65,33.12,2,critical_care,>=5_years,low,0,0,JEPA only
V236,cma,37.49,1,2,131.43,34.63,40.17,8.88,33.8,74.75,33.42,16.76,3,critical_care,>=5_years,low,0,1,JEPA only
V236,control,48.32,1,2,200.6,47.91,63.46,14.33,50.36,65.07,53.47,40.75,4,critical_care,>=5_years,low,0,0,JEPA only
V237,gdt,81.33,1,4,125.94,43.59,49.8,13.01,54.57,61.22,54.2,28.73,1,internal_medicine,<5_years,high,0,1,JEPA only
V237,bm25,98.2,1,4,196.19,54.91,74.8,21.52,67.79,51.58,74.49,39.28,2,internal_medicine,<5_years,high,0,0,JEPA only
V237,control,91.42,1,4,183.91,54.32,70.53,21.28,64.32,61.86,70.42,37.49,3,internal_medicine,<5_years,high,0,0,JEPA only
V237,cma,81.43,1,4,145.12,43.11,51.17,10.6,51.36,63.64,55.65,26.25,4,internal_medicine,<5_years,high,0,1,JEPA only
V238,gdt,96.79,1,5,141.81,44.05,54.56,17.08,50.95,59.73,56.91,25.08,1,internal_medicine,>=5_years,high,1,1,JEPA only
V238,cma,99.14,1,5,144.51,50.66,65.31,25.95,53.81,56.89,66.69,35.32,2,internal_medicine,>=5_years,high,1,1,JEPA only
V238,control,117.96,1,5,187.06,58.2,81.24,24.25,73.08,42.27,82.48,45.87,3,internal_medicine,>=5_years,high,1,0,JEPA only
V238,bm25,104.6,1,5,172.33,55.9,76.23,21.42,70.92,49.18,72.2,45.45,4,internal_medicine,>=5_years,high,1,0,JEPA only
V239,control,101.98,1,4,180.53,58.44,82.08,20.12,75.8,53.98,72.89,45.79,1,critical_care,>=5_years,high,0,0,JEPA only
V239,bm25,94.6,1,4,172.62,52.06,68.5,4.9,61.8,56.45,75.02,45.73,2,critical_care,>=5_years,high,0,0,JEPA only
V239,gdt,79.61,1,4,130.29,43.58,55.6,20.57,47.39,63.65,50.05,24.25,3,critical_care,>=5_years,high,0,1,JEPA only
V239,cma,76.8,1,4,146.21,39.42,51.38,16.67,43.81,56.6,50.27,17.8,4,critical_care,>=5_years,high,0,1,JEPA only
V240,cma,38.38,1,2,153.13,34.07,42.09,9.29,28.84,69.8,40.57,13.81,1,emergency,<5_years,low,0,1,JEPA only
V240,gdt,38.28,1,2,115.27,34.38,34.7,12.49,31.34,79.58,32.37,15.79,2,emergency,<5_years,low,0,1,JEPA only
V240,bm25,54.12,1,2,181.37,45.55,57.52,11.39,53.89,63.84,53.26,33.43,3,emergency,<5_years,low,0,0,JEPA only
V240,control,49.87,1,2,193.1,42.91,54.54,7.56,49.95,68.34,49.44,27.61,4,emergency,<5_years,low,0,0,JEPA only
V241,control,180.96,0,3,204.42,68.8,100.0,35.95,95.35,37.58,92.6,51.3,1,internal_medicine,<5_years,low,0,0,JEPA only
V241,bm25,188.46,0,3,209.1,67.99,99.23,19.4,94.79,38.48,91.4,64.63,2,internal_medicine,<5_years,low,0,0,JEPA only
V241,gdt,158.02,0,3,131.62,52.96,75.18,19.64,59.24,51.6,76.45,35.64,3,internal_medicine,<5_years,low,0,1,JEPA only
V241,cma,159.38,0,3,131.4,56.11,81.69,16.22,72.96,49.48,74.69,41.63,4,internal_medicine,<5_years,low,0,1,JEPA only
V242,gdt,20.92,1,1,160.3,29.77,20.41,11.1,20.52,87.78,26.07,12.73,1,emergency,<5_years,low,0,1,JEPA only
V242,control,19.56,1,1,187.09,37.08,44.83,8.78,35.5,72.18,39.45,21.74,2,emergency,<5_years,low,0,0,JEPA only
V242,cma,20.94,1,1,136.58,34.55,33.23,12.32,30.53,78.97,35.47,16.78,3,emergency,<5_years,low,0,1,JEPA only
V242,bm25,26.43,1,1,188.2,39.95,40.64,7.04,44.49,70.31,45.97,31.23,4,emergency,<5_years,low,0,0,JEPA only
V243,bm25,23.46,1,1,177.48,38.66,44.12,7.99,43.54,76.11,40.33,19.86,1,internal_medicine,<5_years,low,0,0,JEPA only
V243,cma,20.62,1,1,139.89,30.36,36.44,8.7,21.35,75.33,31.36,8.96,2,internal_medicine,<5_years,low,0,1,JEPA only
V243,gdt,17.78,1,1,124.34,24.84,27.56,0.0,17.92,76.02,20.2,7.33,3,internal_medicine,<5_years,low,0,1,JEPA only
V243,control,25.2,1,1,173.96,41.26,48.25,15.5,41.52,78.09,44.81,19.43,4,internal_medicine,<5_years,low,0,0,JEPA only
V244,bm25,46.64,1,2,179.1,42.18,57.38,13.87,46.1,64.06,46.71,24.99,1,critical_care,<5_years,low,0,0,JEPA only
V244,control,45.61,1,2,174.91,42.58,49.01,13.43,45.76,62.92,49.75,34.6,2,critical_care,<5_years,low,0,0,JEPA only
V244,cma,41.12,1,2,186.75,35.86,37.84,16.09,34.78,70.89,32.91,22.65,3,critical_care,<5_years,low,0,1,JEPA only
V244,gdt,37.44,1,2,119.53,34.25,41.3,12.97,25.96,69.7,38.73,16.85,4,critical_care,<5_years,low,0,1,JEPA only
V245,control,109.88,1,5,180.16,59.61,78.66,22.63,75.0,55.69,79.79,45.89,1,critical_care,<5_years,high,0,0,JEPA only
V245,cma,96.62,1,5,150.2,49.88,65.32,19.67,56.7,56.8,66.62,34.14,2,critical_care,<5_years,high,0,1,JEPA only
V245,gdt,94.75,1,5,135.13,48.04,69.46,21.36,52.26,62.87,54.44,27.88,3,critical_care,<5_years,high,0,1,JEPA only
V245,bm25,115.16,1,5,202.67,58.38,77.08,24.77,81.98,48.09,75.67,42.71,4,critical_care,<5_years,high,0,0,JEPA only
V246,control,115.61,1,5,196.01,58.13,79.01,26.67,71.37,41.26,81.29,49.17,1,critical_care,>=5_years,high,0,0,JEPA only
V246,gdt,94.07,1,5,129.74,47.98,60.18,21.13,54.35,63.45,56.08,32.69,2,critical_care,>=5_years,high,0,1,JEPA only
V246,cma,101.86,1,5,140.39,50.6,69.0,15.04,63.45,58.3,62.85,34.97,3,critical_care,>=5_years,high,0,1,JEPA only
V246,bm25,117.58,1,5,184.88,60.21,86.32,24.43,77.51,47.41,80.58,44.98,4,critical_care,>=5_years,high,0,0,JEPA only
V247,cma,99.86,1,5,138.85,47.53,70.19,10.05,56.46,51.07,59.54,37.87,1,internal_medicine,>=5_years,high,0,1,JEPA only
V247,control,108.36,1,5,182.91,57.88,81.92,11.39,74.59,49.22,78.86,51.29,2,internal_medicine,>=5_years,high,0,0,JEPA only
V247,bm25,114.16,1,5,182.6,59.21,75.96,24.47,73.57,51.36,77.92,52.01,3,internal_medicine,>=5_years,high,0,0,JEPA only
V247,gdt,95.45,1,5,127.91,46.65,62.78,14.37,54.45,64.32,56.98,26.97,4,internal_medicine,>=5_years,high,0,1,JEPA only
V248,gdt,71.29,1,4,120.53,41.96,48.76,9.09,46.85,70.37,42.01,34.68,1,emergency,>=5_years,high,0,1,JEPA only
V248,bm25,89.26,1,4,184.57,56.94,70.11,30.08,68.06,53.01,74.35,46.02,2,emergency,>=5_years,high,0,0,JEPA only
V248,cma,72.66,1,4,147.96,43.48,55.67,12.05,43.93,67.57,54.3,27.36,3,emergency,>=5_years,high,0,1,JEPA only
V248,control,102.13,1,4,209.58,52.95,71.14,18.33,70.57,49.97,69.87,37.82,4,emergency,>=5_years,high,0,0,JEPA only
V249,control,53.75,1,2,185.8,44.52,59.2,12.45,54.72,60.42,48.58,31.74,1,emergency,>=5_years,low,0,0,JEPA only
V249,bm25,47.74,1,2,200.33,44.31,55.09,17.6,46.24,64.37,48.89,33.68,2,emergency,>=5_years,low,0,0,JEPA only
V249,gdt,38.85,1,2,137.42,32.27,32.88,4.21,34.36,78.1,32.24,11.84,3,emergency,>=5_years,low,0,1,JEPA only
V249,cma,38.86,1,2,149.47,31.62,33.74,15.84,24.14,65.7,31.78,18.5,4,emergency,>=5_years,low,0,1,JEPA only
V250,bm25,110.0,1,5,193.55,62.48,82.32,28.85,78.47,57.46,77.16,50.61,1,emergency,>=5_years,high,0,0,JEPA only
V250,cma,108.31,1,5,145.6,51.52,71.8,14.6,59.14,56.72,68.1,38.75,2,emergency,>=5_years,high,0,1,JEPA only
V250,gdt,97.7,1,5,123.25,45.82,64.4,21.49,53.55,56.13,52.87,26.5,3,emergency,>=5_years,high,0,1,JEPA only
V250,control,123.89,1,5,182.25,59.24,88.54,21.04,77.43,43.74,76.22,48.45,4,emergency,>=5_years,high,0,0,JEPA only
V251,gdt,70.7,1,4,134.56,44.42,53.95,18.08,43.82,70.14,49.63,30.89,1,emergency,<5_years,high,0,1,JEPA only
V251,bm25,88.11,1,4,185.54,53.07,65.23,21.59,64.54,54.47,71.26,41.34,2,emergency,<5_years,high,0,0,JEPA only
V251,cma,82.05,1,4,140.42,44.46,57.0,11.78,48.31,64.9,53.93,30.84,3,emergency,<5_years,high,0,1,JEPA only
V251,control,93.63,1,4,189.07,55.01,69.6,18.51,69.73,50.04,80.51,41.65,4,emergency,<5_years,high,0,0,JEPA only
V252,gdt,52.8,1,3,124.94,36.38,38.42,11.85,36.11,73.07,41.17,17.63,1,internal_medicine,<5_years,low,0,1,JEPA only
V252,control,72.73,1,3,219.29,51.49,61.8,26.49,63.53,58.45,58.07,40.58,2,internal_medicine,<5_years,low,0,0,JEPA only
V252,bm25,68.96,1,3,209.32,48.43,61.46,14.91,58.71,62.55,59.8,33.16,3,internal_medicine,<5_years,low,0,0,JEPA only
V252,cma,65.65,1,3,153.59,41.09,43.59,14.42,46.51,65.74,42.67,33.59,4,internal_medicine,<5_years,low,0,1,JEPA only
V253,cma,17.7,1,1,151.71,32.2,28.75,12.81,27.11,85.34,27.99,11.18,1,hospital_medicine,>=5_years,low,0,1,JEPA only
V253,gdt,19.62,1,1,139.36,31.07,21.62,12.11,25.9,81.54,31.82,13.45,2,hospital_medicine,>=5_years,low,0,1,JEPA only
V253,control,21.43,1,1,187.88,38.97,43.92,12.99,42.1,75.29,38.07,21.46,3,hospital_medicine,>=5_years,low,0,0,JEPA only
V253,bm25,20.17,1,1,207.26,38.21,41.37,13.61,37.74,72.81,39.19,24.55,4,hospital_medicine,>=5_years,low,0,0,JEPA only
V254,cma,38.22,1,2,153.15,35.16,36.06,11.03,30.64,76.0,34.17,23.06,1,emergency,>=5_years,low,0,1,JEPA only
V254,bm25,45.14,1,2,180.37,44.8,54.18,14.84,52.97,69.93,42.34,34.54,2,emergency,>=5_years,low,0,0,JEPA only
V254,gdt,40.7,1,2,123.06,36.09,37.52,9.78,36.47,78.18,35.29,19.29,3,emergency,>=5_years,low,0,1,JEPA only
V254,control,39.46,1,2,186.1,41.88,57.23,10.64,40.07,67.52,51.42,24.4,4,emergency,>=5_years,low,0,0,JEPA only
V255,bm25,22.74,1,1,210.86,36.85,35.82,8.22,43.19,68.08,37.63,28.14,1,emergency,>=5_years,low,0,0,JEPA only
V255,control,24.39,1,1,212.61,40.61,42.68,12.54,46.04,77.77,36.97,27.66,2,emergency,>=5_years,low,0,0,JEPA only
V255,gdt,20.97,1,1,128.52,29.54,30.12,5.06,26.13,80.61,24.51,10.82,3,emergency,>=5_years,low,0,1,JEPA only
V255,cma,19.48,1,1,134.98,33.4,33.48,4.4,27.42,84.87,24.38,25.87,4,emergency,>=5_years,low,0,1,JEPA only
V256,cma,19.34,1,1,140.28,28.66,32.59,0.0,22.94,84.71,23.27,8.48,1,internal_medicine,>=5_years,low,0,1,JEPA only
V256,control,17.63,1,1,174.08,34.95,40.19,1.27,37.88,67.43,38.13,24.8,2,internal_medicine,>=5_years,low,0,0,JEPA only
V256,gdt,19.58,1,1,151.78,27.74,28.69,0.0,22.61,82.81,21.07,11.26,3,internal_medicine,>=5_years,low,0,1,JEPA only
V256,bm25,22.21,1,1,169.78,41.07,49.32,9.89,39.68,75.19,43.19,29.13,4,internal_medicine,>=5_years,low,0,0,JEPA only
V257,bm25,44.95,1,2,175.34,44.35,49.11,12.46,53.03,69.04,48.82,33.62,1,hospital_medicine,>=5_years,low,0,0,JEPA only
V257,gdt,39.28,1,2,121.37,32.29,30.42,10.17,25.67,73.95,36.75,16.81,2,hospital_medicine,>=5_years,low,0,1,JEPA only
V257,cma,40.97,1,2,135.5,39.93,47.14,16.48,33.08,75.98,43.6,23.32,3,hospital_medicine,>=5_years,low,0,1,JEPA only
V257,control,44.14,1,2,202.14,44.95,52.52,14.36,47.48,69.84,52.91,32.61,4,hospital_medicine,>=5_years,low,0,0,JEPA only
V258,cma,58.98,1,3,140.39,41.59,50.21,13.09,46.6,71.54,38.87,29.21,1,critical_care,>=5_years,low,0,1,JEPA only
V258,gdt,55.14,1,3,137.15,36.65,38.77,7.35,40.76,65.43,42.83,24.77,2,critical_care,>=5_years,low,0,1,JEPA only
V258,control,64.6,1,3,186.8,47.16,59.66,13.37,58.31,64.33,54.47,32.84,3,critical_care,>=5_years,low,0,0,JEPA only
V258,bm25,70.69,1,3,183.06,48.8,56.89,11.49,61.37,57.58,65.92,39.55,4,critical_care,>=5_years,low,0,0,JEPA only
V259,bm25,26.47,1,1,180.69,36.2,42.86,9.09,30.57,68.38,41.54,24.78,1,internal_medicine,>=5_years,low,0,0,JEPA only
V259,control,24.39,1,1,173.97,39.3,47.37,10.99,36.11,73.04,44.18,24.13,2,internal_medicine,>=5_years,low,0,0,JEPA only
V259,cma,18.75,1,1,128.63,31.13,31.57,8.33,22.33,79.82,28.49,16.23,3,internal_medicine,>=5_years,low,0,1,JEPA only
V259,gdt,19.76,1,1,128.08,32.69,20.2,12.17,32.74,84.2,30.57,16.26,4,internal_medicine,>=5_years,low,0,1,JEPA only
V260,gdt,80.38,1,4,124.46,41.58,47.91,13.05,43.1,72.59,44.03,28.78,1,internal_medicine,>=5_years,high,0,1,JEPA only
V260,control,92.88,1,4,180.54,51.89,67.85,20.19,58.24,48.72,72.47,43.88,2,internal_medicine,>=5_years,high,0,0,JEPA only
V260,bm25,85.24,1,4,191.95,53.78,68.01,23.57,67.75,54.6,72.11,36.66,3,internal_medicine,>=5_years,high,0,0,JEPA only
V260,cma,74.08,1,4,133.14,47.18,59.21,20.51,50.8,65.99,51.35,35.21,4,internal_medicine,>=5_years,high,0,1,JEPA only
V261,control,75.77,1,3,193.27,51.89,64.7,14.64,62.64,57.2,71.79,40.39,1,critical_care,>=5_years,low,0,0,JEPA only
V261,bm25,188.82,0,3,210.55,68.5,100.0,22.83,92.07,42.06,97.96,56.1,2,critical_care,>=5_years,low,0,0,JEPA only
V261,cma,57.16,1,3,161.77,36.66,44.13,4.18,34.81,69.54,45.56,21.75,3,critical_care,>=5_years,low,0,1,JEPA only
V261,gdt,60.96,1,3,121.61,39.1,45.25,17.49,33.81,74.58,39.88,23.58,4,critical_care,>=5_years,low,0,1,JEPA only
V262,bm25,22.8,1,1,171.82,40.32,46.46,13.75,37.16,77.62,45.03,21.91,1,internal_medicine,<5_years,low,0,0,JEPA only
V262,control,21.3,1,1,223.19,40.72,48.58,9.58,45.93,73.06,40.02,27.14,2,internal_medicine,<5_years,low,0,0,JEPA only
V262,cma,24.72,1,1,148.82,31.5,35.75,5.47,24.52,79.07,35.53,8.66,3,internal_medicine,<5_years,low,0,1,JEPA only
V262,gdt,21.94,1,1,132.41,31.24,30.01,15.72,15.48,83.85,27.17,15.2,4,internal_medicine,<5_years,low,0,1,JEPA only
V263,bm25,43.57,1,2,181.32,44.54,51.19,14.27,49.01,77.16,50.97,24.62,1,internal_medicine,>=5_years,low,0,0,JEPA only
V263,cma,41.61,1,2,140.0,36.28,39.69,11.65,40.57,67.42,38.24,20.13,2,internal_medicine,>=5_years,low,0,1,JEPA only
V263,gdt,37.37,1,2,114.02,35.38,37.71,4.63,31.36,75.26,38.87,24.48,3,internal_medicine,>=5_years,low,0,1,JEPA only
V263,control,50.12,1,2,209.35,44.19,54.05,7.7,46.54,73.79,56.33,26.76,4,internal_medicine,>=5_years,low,0,0,JEPA only
V264,cma,57.81,1,3,134.02,37.89,40.1,15.34,41.18,65.98,42.2,22.55,1,internal_medicine,<5_years,low,1,1,JEPA only
V264,gdt,59.59,1,3,127.52,36.44,37.33,8.44,45.15,64.04,41.48,22.18,2,internal_medicine,<5_years,low,1,1,JEPA only
V264,control,69.33,1,3,199.26,49.21,61.57,14.85,56.05,63.77,60.8,38.23,3,internal_medicine,<5_years,low,1,0,JEPA only
V264,bm25,65.92,1,3,186.56,48.66,65.23,12.7,64.43,63.65,59.47,26.46,4,internal_medicine,<5_years,low,1,0,JEPA only
V265,gdt,80.46,1,4,125.52,41.29,50.31,11.75,45.18,61.08,54.55,24.84,1,hospital_medicine,<5_years,high,1,1,JEPA only
V265,cma,86.72,1,4,142.31,47.07,58.34,13.85,59.48,66.06,57.01,27.67,2,hospital_medicine,<5_years,high,1,1,JEPA only
V265,control,82.33,1,4,187.98,52.85,65.23,12.19,71.87,56.68,68.55,42.59,3,hospital_medicine,<5_years,high,1,0,JEPA only
V265,bm25,93.7,1,4,171.78,52.24,71.05,17.02,68.23,46.46,71.54,39.16,4,hospital_medicine,<5_years,high,1,0,JEPA only
V266,cma,82.4,1,4,154.19,43.17,55.97,15.74,52.08,55.05,49.73,30.47,1,hospital_medicine,>=5_years,high,0,1,JEPA only
V266,control,86.2,1,4,181.67,52.57,76.56,13.4,64.06,65.37,61.07,34.95,2,hospital_medicine,>=5_years,high,0,0,JEPA only
V266,gdt,80.33,1,4,135.51,43.57,54.25,14.9,47.46,66.3,51.23,27.29,3,hospital_medicine,>=5_years,high,0,1,JEPA only
V266,bm25,98.46,1,4,197.75,53.25,71.04,21.05,68.9,48.24,68.51,41.78,4,hospital_medicine,>=5_years,high,0,0,JEPA only
V267,gdt,18.95,1,1,142.93,27.01,21.5,2.5,28.1,77.34,25.86,6.78,1,emergency,>=5_years,low,0,1,JEPA only
V267,cma,19.61,1,1,132.97,31.54,38.08,0.0,26.43,79.42,27.81,17.52,2,emergency,>=5_years,low,0,1,JEPA only
V267,control,24.32,1,1,231.6,39.16,40.42,19.4,39.59,75.72,42.58,17.24,3,emergency,>=5_years,low,0,0,JEPA only
V267,bm25,23.62,1,1,153.25,37.37,36.44,8.13,37.33,74.78,39.95,27.58,4,emergency,>=5_years,low,0,0,JEPA only
V268,gdt,96.21,1,5,128.21,47.02,63.51,23.07,58.8,54.15,57.52,25.04,1,emergency,<5_years,high,1,1,JEPA only
V268,bm25,231.69,0,5,188.96,72.82,100.0,35.64,100.0,30.08,100.0,71.18,2,emergency,<5_years,high,1,0,JEPA only
V268,control,114.37,1,5,192.63,59.33,85.35,16.78,76.13,48.74,82.32,46.68,3,emergency,<5_years,high,1,0,JEPA only
V268,cma,97.42,1,5,148.89,48.13,63.75,16.0,57.63,57.91,62.76,30.73,4,emergency,<5_years,high,1,1,JEPA only
V269,bm25,89.37,1,4,196.79,53.53,73.09,20.41,65.9,52.32,65.12,44.34,1,internal_medicine,>=5_years,high,1,0,JEPA only
V269,cma,82.02,1,4,132.39,45.77,60.34,10.72,54.8,59.83,56.63,32.29,2,internal_medicine,>=5_years,high,1,1,JEPA only
V269,gdt,78.63,1,4,133.88,40.57,53.59,8.16,51.72,61.37,42.45,26.1,3,internal_medicine,>=5_years,high,1,1,JEPA only
V269,control,92.83,1,4,184.4,53.7,76.34,22.12,66.44,51.81,70.24,35.27,4,internal_medicine,>=5_years,high,1,0,JEPA only
V270,bm25,78.35,1,3,181.14,52.62,69.81,23.42,64.24,52.34,69.39,36.54,1,internal_medicine,<5_years,low,0,0,JEPA only
V270,cma,61.17,1,3,164.14,41.8,50.19,11.89,45.26,73.39,44.08,25.98,2,internal_medicine,<5_years,low,0,1,JEPA only
V270,control,68.33,1,3,201.49,51.2,64.31,20.05,59.26,64.68,62.34,36.57,3,internal_medicine,<5_years,low,0,0,JEPA only
V270,gdt,62.34,1,3,134.03,39.04,41.05,15.32,40.77,72.31,40.26,24.54,4,internal_medicine,<5_years,low,0,1,JEPA only
V271,control,41.96,1,2,172.78,43.91,50.62,17.73,52.25,62.75,51.86,28.28,1,internal_medicine,<5_years,low,0,0,JEPA only
V271,cma,39.13,1,2,142.76,36.78,41.98,11.96,30.09,81.1,36.21,19.32,2,internal_medicine,<5_years,low,0,1,JEPA only
V271,bm25,44.43,1,2,182.85,43.69,49.38,16.42,46.37,63.64,52.69,33.62,3,internal_medicine,<5_years,low,0,0,JEPA only
V271,gdt,43.37,1,2,130.65,31.92,35.87,8.34,26.71,76.71,33.22,10.68,4,internal_medicine,<5_years,low,0,1,JEPA only
V272,control,72.37,1,3,187.86,46.95,59.86,15.94,57.4,58.83,54.16,35.51,1,hospital_medicine,<5_years,low,0,0,JEPA only
V272,gdt,59.26,1,3,117.92,36.83,44.94,13.66,35.97,71.19,33.98,21.24,2,hospital_medicine,<5_years,low,0,1,JEPA only
V272,bm25,73.19,1,3,169.37,47.89,63.0,17.39,55.77,57.49,54.84,38.82,3,hospital_medicine,<5_years,low,0,0,JEPA only
V272,cma,55.44,1,3,150.33,37.35,40.93,3.7,44.6,67.65,42.82,24.4,4,hospital_medicine,<5_years,low,0,1,JEPA only
V273,bm25,92.25,1,4,194.8,52.71,68.22,15.78,72.76,54.43,64.77,40.29,1,internal_medicine,<5_years,high,0,0,JEPA only
V273,control,100.07,1,4,201.27,53.8,71.53,15.6,66.67,50.84,73.58,44.6,2,internal_medicine,<5_years,high,0,0,JEPA only
V273,gdt,77.43,1,4,122.73,42.75,49.4,12.6,47.28,63.83,51.52,31.87,3,internal_medicine,<5_years,high,0,1,JEPA only
V273,cma,85.07,1,4,141.86,47.53,52.4,13.69,56.59,66.73,62.06,33.7,4,internal_medicine,<5_years,high,0,1,JEPA only
V274,cma,97.59,1,5,143.88,50.83,62.87,20.45,63.13,60.51,62.53,35.5,1,critical_care,<5_years,high,0,1,JEPA only
V274,control,112.72,1,5,187.36,56.82,86.43,24.55,73.65,42.12,79.07,35.09,2,critical_care,<5_years,high,0,0,JEPA only
V274,gdt,95.89,1,5,125.16,45.21,54.38,15.57,57.99,62.56,46.51,34.24,3,critical_care,<5_years,high,0,1,JEPA only
V274,bm25,221.09,0,5,186.85,72.38,100.0,33.67,100.0,21.94,100.0,78.66,4,critical_care,<5_years,high,0,0,JEPA only
V275,control,93.78,1,4,165.12,54.26,69.37,17.21,72.08,52.45,77.0,37.45,1,internal_medicine,<5_years,high,2,0,JEPA only
V275,cma,81.46,1,4,146.56,44.82,50.39,13.95,54.84,62.16,57.45,30.17,2,internal_medicine,<5_years,high,2,1,JEPA only
V275,bm25,182.27,0,4,183.96,68.23,100.0,25.36,89.99,35.55,100.0,58.45,3,internal_medicine,<5_years,high,2,0,JEPA only
V275,gdt,73.41,1,4,127.81,38.48,45.13,12.65,37.59,66.3,44.43,24.79,4,internal_medicine,<5_years,high,2,1,JEPA only
V276,cma,61.74,1,3,137.28,43.21,49.06,14.55,49.77,69.09,49.39,27.39,1,internal_medicine,<5_years,low,0,1,JEPA only
V276,gdt,60.28,1,3,138.19,38.56,53.67,11.12,37.88,72.67,35.37,20.63,2,internal_medicine,<5_years,low,0,1,JEPA only
V276,bm25,68.74,1,3,189.81,48.3,61.38,17.25,56.83,56.54,64.57,33.23,3,internal_medicine,<5_years,low,0,0,JEPA only
V276,control,64.68,1,3,193.79,49.53,64.95,11.36,62.78,64.35,56.56,37.17,4,internal_medicine,<5_years,low,0,0,JEPA only
V277,gdt,92.82,1,5,124.2,46.17,59.37,18.09,48.71,61.36,62.31,27.21,1,internal_medicine,<5_years,high,0,1,JEPA only
V277,cma,99.56,1,5,140.96,52.43,61.94,20.23,61.25,61.37,68.84,40.96,2,internal_medicine,<5_years,high,0,1,JEPA only
V277,control,118.99,1,5,205.32,59.55,81.58,22.26,76.75,48.68,74.72,53.3,3,internal_medicine,<5_years,high,0,0,JEPA only
V277,bm25,115.93,1,5,187.36,59.97,82.93,15.28,84.19,46.22,78.25,52.94,4,internal_medicine,<5_years,high,0,0,JEPA only
V278,cma,106.73,1,5,146.02,50.36,70.07,19.72,62.27,50.68,62.73,36.71,1,critical_care,<5_years,high,3,1,JEPA only
V278,gdt,91.98,1,5,147.38,46.77,63.2,21.77,50.64,61.64,56.46,26.93,2,critical_care,<5_years,high,3,1,JEPA only
V278,bm25,114.29,1,5,185.78,59.55,79.63,21.03,76.42,54.28,76.0,49.95,3,critical_care,<5_years,high,3,0,JEPA only
V278,control,123.46,1,5,199.18,57.78,83.17,23.97,71.39,42.62,82.19,43.35,4,critical_care,<5_years,high,3,0,JEPA only
V279,control,23.2,1,1,198.58,39.25,40.81,10.76,41.56,75.87,41.34,25.19,1,emergency,<5_years,low,0,0,JEPA only
V279,bm25,23.88,1,1,186.35,40.42,45.59,8.71,43.58,79.71,41.13,23.79,2,emergency,<5_years,low,0,0,JEPA only
V279,gdt,17.11,1,1,143.48,28.38,27.35,5.18,23.68,83.2,15.5,15.39,3,emergency,<5_years,low,0,1,JEPA only
V279,cma,23.57,1,1,162.95,33.46,38.31,13.81,29.05,79.46,28.21,11.95,4,emergency,<5_years,low,0,1,JEPA only
V280,bm25,97.17,1,4,175.44,56.46,78.28,23.12,68.93,57.53,70.53,40.39,1,critical_care,<5_years,high,0,0,JEPA only
V280,cma,81.75,1,4,138.1,42.07,50.0,13.6,50.18,60.72,50.85,27.07,2,critical_care,<5_years,high,0,1,JEPA only
V280,gdt,73.82,1,4,139.47,40.51,56.55,12.15,44.05,65.73,41.86,22.7,3,critical_care,<5_years,high,0,1,JEPA only
V280,control,89.41,1,4,191.06,52.36,63.79,24.46,65.59,50.3,64.69,45.32,4,critical_care,<5_years,high,0,0,JEPA only
V281,gdt,59.29,1,3,140.42,37.36,42.35,9.6,40.9,69.54,43.61,18.17,1,hospital_medicine,<5_years,low,0,1,JEPA only
V281,control,60.46,1,3,185.25,47.47,57.25,12.15,55.59,63.51,63.62,32.73,2,hospital_medicine,<5_years,low,0,0,JEPA only
V281,cma,55.95,1,3,155.67,36.25,39.95,13.52,34.79,61.7,43.29,24.26,3,hospital_medicine,<5_years,low,0,1,JEPA only
V281,bm25,67.17,1,3,193.36,47.54,65.18,6.96,54.59,66.38,66.11,26.05,4,hospital_medicine,<5_years,low,0,0,JEPA only
V282,gdt,100.92,1,5,124.26,45.95,65.06,12.85,56.77,60.34,56.93,23.78,1,emergency,<5_years,high,0,1,JEPA only
V282,bm25,212.57,0,5,187.9,70.64,100.0,26.49,100.0,28.24,100.0,69.14,2,emergency,<5_years,high,0,0,JEPA only
V282,control,119.97,1,5,192.46,60.35,83.33,23.74,81.72,41.42,87.45,44.43,3,emergency,<5_years,high,0,0,JEPA only
V282,cma,93.22,1,5,138.71,49.98,67.0,15.04,54.53,67.87,59.79,35.64,4,emergency,<5_years,high,0,1,JEPA only
V283,control,68.79,1,3,185.3,48.16,64.53,18.32,57.03,61.88,52.02,35.19,1,critical_care,<5_years,low,0,0,JEPA only
V283,cma,59.82,1,3,138.99,39.31,44.18,11.19,40.7,67.27,47.34,25.18,2,critical_care,<5_years,low,0,1,JEPA only
V283,bm25,70.18,1,3,185.03,49.51,68.87,23.21,55.85,62.41,52.35,34.4,3,critical_care,<5_years,low,0,0,JEPA only
V283,gdt,58.12,1,3,128.24,36.05,39.23,15.79,40.66,62.81,38.3,19.54,4,critical_care,<5_years,low,0,1,JEPA only
V284,bm25,64.5,1,3,189.34,48.23,59.87,14.41,49.66,68.58,58.84,38.0,1,emergency,<5_years,low,1,0,JEPA only
V284,gdt,64.54,1,3,128.54,35.8,42.9,9.69,31.57,68.97,37.28,24.38,2,emergency,<5_years,low,1,1,JEPA only
V284,control,76.24,1,3,196.14,49.27,62.03,17.17,56.91,52.95,63.86,42.73,3,emergency,<5_years,low,1,0,JEPA only
V284,cma,58.49,1,3,142.06,41.93,46.66,19.6,50.04,67.83,42.45,25.01,4,emergency,<5_years,low,1,1,JEPA only
V285,gdt,39.14,1,2,131.94,32.95,26.58,10.82,37.88,76.79,25.71,19.88,1,emergency,>=5_years,low,0,1,JEPA only
V285,control,49.58,1,2,196.45,43.79,52.45,11.65,55.57,65.21,49.64,28.23,2,emergency,>=5_years,low,0,0,JEPA only
V285,cma,39.45,1,2,167.61,35.32,40.52,13.39,33.07,73.77,35.77,15.4,3,emergency,>=5_years,low,0,1,JEPA only
V285,bm25,167.55,0,2,174.99,62.98,93.34,23.72,90.79,34.29,84.69,51.06,4,emergency,>=5_years,low,0,0,JEPA only
V286,control,115.92,1,5,190.65,59.2,87.39,20.52,84.34,47.99,72.75,42.21,1,emergency,<5_years,high,2,0,JEPA only
V286,gdt,192.19,0,5,126.16,65.52,92.88,28.47,80.44,49.03,90.25,52.07,2,emergency,<5_years,high,2,1,JEPA only
V286,cma,105.03,1,5,155.95,50.27,71.44,8.82,61.15,56.33,64.53,39.37,3,emergency,<5_years,high,2,1,JEPA only
V286,bm25,121.45,1,5,190.44,59.81,80.76,24.33,77.69,51.3,76.97,47.82,4,emergency,<5_years,high,2,0,JEPA only
V287,cma,41.58,1,2,141.33,39.25,44.8,11.29,41.81,76.73,35.96,24.89,1,critical_care,<5_years,low,0,1,JEPA only
V287,control,51.82,1,2,209.96,48.11,53.48,23.09,50.5,71.99,59.68,29.94,2,critical_care,<5_years,low,0,0,JEPA only
V287,bm25,47.76,1,2,180.91,44.75,58.28,13.41,52.33,65.71,51.52,27.26,3,critical_care,<5_years,low,0,0,JEPA only
V287,gdt,39.85,1,2,142.71,32.08,36.81,4.87,27.96,78.45,30.88,13.5,4,critical_care,<5_years,low,0,1,JEPA only
V288,gdt,91.1,1,5,132.02,46.09,54.77,13.07,55.3,66.94,56.57,29.91,1,emergency,<5_years,high,1,1,JEPA only
V288,control,118.11,1,5,190.49,63.01,82.54,24.47,84.46,49.42,85.51,51.66,2,emergency,<5_years,high,1,0,JEPA only
V288,cma,103.45,1,5,156.86,49.37,67.15,16.74,60.13,58.45,60.23,33.51,3,emergency,<5_years,high,1,1,JEPA only
V288,bm25,118.21,1,5,201.98,58.86,86.85,18.54,74.18,46.29,83.27,44.06,4,emergency,<5_years,high,1,0,JEPA only
V289,cma,78.01,1,4,142.54,46.35,64.39,17.7,46.39,57.9,60.41,31.29,1,critical_care,<5_years,high,0,1,JEPA only
V289,bm25,94.61,1,4,185.45,52.04,67.91,14.22,67.54,53.8,66.69,42.06,2,critical_care,<5_years,high,0,0,JEPA only
V289,gdt,74.18,1,4,137.23,39.41,44.57,14.31,41.48,65.38,46.04,24.7,3,critical_care,<5_years,high,0,1,JEPA only
V289,control,96.7,1,4,193.05,57.45,74.85,22.02,73.78,55.5,72.15,46.39,4,critical_care,<5_years,high,0,0,JEPA only
V290,cma,43.05,1,2,133.65,38.46,43.52,19.7,35.9,70.72,35.68,25.23,1,internal_medicine,<5_years,low,0,1,JEPA only
V290,control,49.01,1,2,179.16,44.67,54.45,14.2,44.36,66.53,59.01,29.47,2,internal_medicine,<5_years,low,0,0,JEPA only
V290,bm25,48.5,1,2,178.19,44.56,55.54,13.98,52.03,66.47,46.97,32.39,3,internal_medicine,<5_years,low,0,0,JEPA only
V290,gdt,36.32,1,2,126.36,29.45,30.92,1.61,21.41,70.75,36.84,15.14,4,internal_medicine,<5_years,low,0,1,JEPA only
V291,cma,21.44,1,1,137.42,32.8,34.95,14.25,27.44,79.02,25.54,15.61,1,critical_care,>=5_years,low,0,1,JEPA only
V291,control,24.36,1,1,187.22,35.34,38.84,16.23,35.81,64.74,42.39,14.05,2,critical_care,>=5_years,low,0,0,JEPA only
V291,bm25,25.64,1,1,200.81,39.1,38.28,15.33,40.48,71.92,43.82,24.8,3,critical_care,>=5_years,low,0,0,JEPA only
V291,gdt,18.59,1,1,102.15,29.24,25.83,9.17,23.19,83.26,22.76,11.26,4,critical_care,>=5_years,low,0,1,JEPA only
V292,bm25,52.81,1,2,187.43,43.33,52.68,9.0,53.15,64.68,49.31,31.17,1,emergency,<5_years,low,0,0,JEPA only
V292,cma,37.53,1,2,151.94,36.95,38.88,9.49,35.31,73.36,41.43,23.23,2,emergency,<5_years,low,0,1,JEPA only
V292,control,53.27,1,2,192.36,44.75,61.62,13.19,47.43,60.41,51.89,33.98,3,emergency,<5_years,low,0,0,JEPA only
V292,gdt,35.78,1,2,143.77,31.4,34.75,9.86,24.54,84.14,23.26,11.83,4,emergency,<5_years,low,0,1,JEPA only
V293,cma,81.23,1,4,142.14,41.82,56.27,9.56,51.43,47.81,49.1,36.71,1,emergency,<5_years,high,1,1,JEPA only
V293,bm25,94.8,1,4,198.87,57.53,80.56,23.19,69.51,51.64,76.97,43.3,2,emergency,<5_years,high,1,0,JEPA only
V293,gdt,71.15,1,4,139.54,41.78,43.12,16.16,45.61,68.12,51.2,26.46,3,emergency,<5_years,high,1,1,JEPA only
V293,control,98.33,1,4,190.64,54.0,70.19,19.66,71.91,52.69,72.7,36.87,4,emergency,<5_years,high,1,0,JEPA only
V294,control,48.06,1,2,182.56,46.91,55.33,20.9,53.19,70.0,54.34,27.69,1,critical_care,<5_years,low,0,0,JEPA only
V294,bm25,44.18,1,2,207.23,46.26,50.53,13.38,53.7,75.81,50.63,33.5,2,critical_care,<5_years,low,0,0,JEPA only
V294,cma,42.58,1,2,159.49,34.29,37.4,6.11,32.37,64.07,42.3,23.47,3,critical_care,<5_years,low,0,1,JEPA only
V294,gdt,41.55,1,2,113.32,29.44,31.76,7.52,29.56,72.19,27.78,7.85,4,critical_care,<5_years,low,0,1,JEPA only
V295,gdt,59.3,1,3,132.1,34.3,38.61,10.88,36.25,61.96,43.73,14.37,1,critical_care,>=5_years,low,0,1,JEPA only
V295,control,72.48,1,3,174.76,50.69,64.48,14.21,61.66,61.87,66.36,35.55,2,critical_care,>=5_years,low,0,0,JEPA only
V295,bm25,65.91,1,3,203.32,46.34,62.14,6.89,57.27,64.28,58.75,28.7,3,critical_care,>=5_years,low,0,0,JEPA only
V295,cma,54.45,1,3,151.01,40.32,54.95,11.27,40.95,67.11,43.76,23.89,4,critical_care,>=5_years,low,0,1,JEPA only
V296,cma,80.79,1,4,135.51,45.46,52.57,15.27,52.18,62.46,57.98,32.28,1,critical_care,>=5_years,high,0,1,JEPA only
V296,gdt,68.27,1,4,131.88,42.36,51.88,13.78,49.71,65.74,47.47,25.58,2,critical_care,>=5_years,high,0,1,JEPA only
V296,bm25,107.86,1,4,185.26,55.53,76.33,19.6,71.5,49.61,72.12,44.05,3,critical_care,>=5_years,high,0,0,JEPA only
V296,control,95.59,1,4,200.8,54.99,75.53,13.74,71.4,47.94,76.76,44.54,4,critical_care,>=5_years,high,0,0,JEPA only
V297,cma,36.7,1,2,139.43,37.01,43.82,9.18,36.59,73.79,38.48,20.21,1,critical_care,<5_years,low,0,1,JEPA only
V297,bm25,51.13,1,2,202.96,42.46,51.53,15.34,49.77,62.15,44.59,31.36,2,critical_care,<5_years,low,0,0,JEPA only
V297,control,51.59,1,2,196.45,45.3,55.54,21.85,46.46,67.17,52.79,28.01,3,critical_care,<5_years,low,0,0,JEPA only
V297,gdt,36.8,1,2,142.22,33.91,33.33,13.9,34.69,79.19,26.8,15.52,4,critical_care,<5_years,low,0,1,JEPA only
V298,control,114.94,1,5,190.04,58.34,78.94,24.98,80.2,37.66,77.24,51.01,1,emergency,<5_years,high,0,0,JEPA only
V298,gdt,95.92,1,5,130.02,46.31,59.45,17.26,55.31,58.04,55.52,32.29,2,emergency,<5_years,high,0,1,JEPA only
V298,cma,104.26,1,5,134.02,48.81,69.84,16.47,58.48,56.09,60.17,31.82,3,emergency,<5_years,high,0,1,JEPA only
V298,bm25,121.54,1,5,188.06,61.03,78.93,21.49,83.77,43.87,87.1,51.04,4,emergency,<5_years,high,0,0,JEPA only
V299,gdt,17.58,1,1,136.21,30.94,25.06,7.78,20.98,91.08,27.13,13.61,1,internal_medicine,<5_years,low,0,1,JEPA only
V299,bm25,23.42,1,1,236.29,43.07,48.46,16.29,42.78,70.88,45.59,34.44,2,internal_medicine,<5_years,low,0,0,JEPA only
V299,control,25.44,1,1,193.9,38.83,39.39,12.24,42.01,72.33,41.21,25.82,3,internal_medicine,<5_years,low,0,0,JEPA only
V299,cma,18.12,1,1,139.64,30.23,28.13,10.09,23.37,74.23,25.53,20.02,4,internal_medicine,<5_years,low,0,1,JEPA only
V300,control,26.06,1,1,206.22,39.81,40.15,10.3,45.02,69.46,41.85,32.06,1,emergency,<5_years,low,0,0,JEPA only
V300,cma,17.32,1,1,166.77,30.61,26.76,7.84,24.17,82.28,23.01,19.6,2,emergency,<5_years,low,0,1,JEPA only
V300,bm25,24.7,1,1,199.96,39.13,37.55,10.1,48.67,75.47,42.29,20.68,3,emergency,<5_years,low,0,0,JEPA only
V300,gdt,18.56,1,1,123.87,30.63,23.96,18.95,17.84,84.54,26.73,11.78,4,emergency,<5_years,low,0,1,JEPA only
