This is pdfTeX, Version 3.141592653-2.6-1.40.29 (TeX Live 2026) (preloaded format=pdflatex 2026.3.1)  9 SEP 2026 23:30
entering extended mode
 restricted \write18 enabled.
 %&-line parsing enabled.
**main.tex
(./main.tex
LaTeX2e <2025-11-01>
L3 programming layer <2026-01-19>
(/usr/local/texlive/2026basic/texmf-dist/tex/latex/base/article.cls
Document Class: article 2025/01/22 v1.4n Standard LaTeX document class
(/usr/local/texlive/2026basic/texmf-dist/tex/latex/base/size10.clo
File: size10.clo 2025/01/22 v1.4n Standard LaTeX file (size option)
)
\c@part=\count275
\c@section=\count276
\c@subsection=\count277
\c@subsubsection=\count278
\c@paragraph=\count279
\c@subparagraph=\count280
\c@figure=\count281
\c@table=\count282
\abovecaptionskip=\skip49
\belowcaptionskip=\skip50
\bibindent=\dimen148
)
(./9OSME-style.sty

LaTeX Warning: You have requested package `9OSME-style',
               but the package provides `7OSME-style'.

Package: 7OSME-style 2017/08/25 v1.0 7OSME
(/usr/local/texlive/2026basic/texmf-dist/tex/latex/amsmath/amsmath.sty
Package: amsmath 2025/07/09 v2.17z AMS math features
\@mathmargin=\skip51

For additional information on amsmath, use the `?' option.
(/usr/local/texlive/2026basic/texmf-dist/tex/latex/amsmath/amstext.sty
Package: amstext 2024/11/17 v2.01 AMS text

(/usr/local/texlive/2026basic/texmf-dist/tex/latex/amsmath/amsgen.sty
File: amsgen.sty 1999/11/30 v2.0 generic functions
\@emptytoks=\toks17
\ex@=\dimen149
))
(/usr/local/texlive/2026basic/texmf-dist/tex/latex/amsmath/amsbsy.sty
Package: amsbsy 1999/11/29 v1.2d Bold Symbols
\pmbraise@=\dimen150
)
(/usr/local/texlive/2026basic/texmf-dist/tex/latex/amsmath/amsopn.sty
Package: amsopn 2022/04/08 v2.04 operator names
)
\inf@bad=\count283
LaTeX Info: Redefining \frac on input line 233.
\uproot@=\count284
\leftroot@=\count285
LaTeX Info: Redefining \overline on input line 398.
LaTeX Info: Redefining \colon on input line 409.
\classnum@=\count286
\DOTSCASE@=\count287
LaTeX Info: Redefining \ldots on input line 495.
LaTeX Info: Redefining \dots on input line 498.
LaTeX Info: Redefining \cdots on input line 619.
\Mathstrutbox@=\box53
\strutbox@=\box54
LaTeX Info: Redefining \big on input line 721.
LaTeX Info: Redefining \Big on input line 722.
LaTeX Info: Redefining \bigg on input line 723.
LaTeX Info: Redefining \Bigg on input line 724.
\big@size=\dimen151
LaTeX Font Info:    Redeclaring font encoding OML on input line 742.
LaTeX Font Info:    Redeclaring font encoding OMS on input line 743.
\macc@depth=\count288
LaTeX Info: Redefining \bmod on input line 904.
LaTeX Info: Redefining \pmod on input line 909.
LaTeX Info: Redefining \smash on input line 939.
LaTeX Info: Redefining \relbar on input line 969.
LaTeX Info: Redefining \Relbar on input line 970.
\c@MaxMatrixCols=\count289
\dotsspace@=\muskip17
\c@parentequation=\count290
\dspbrk@lvl=\count291
\tag@help=\toks18
\row@=\count292
\column@=\count293
\maxfields@=\count294
\andhelp@=\toks19
\eqnshift@=\dimen152
\alignsep@=\dimen153
\tagshift@=\dimen154
\tagwidth@=\dimen155
\totwidth@=\dimen156
\lineht@=\dimen157
\@envbody=\toks20
\multlinegap=\skip52
\multlinetaggap=\skip53
\mathdisplay@stack=\toks21
LaTeX Info: Redefining \[ on input line 2950.
LaTeX Info: Redefining \] on input line 2951.
)
(/usr/local/texlive/2026basic/texmf-dist/tex/latex/amsfonts/amssymb.sty
Package: amssymb 2013/01/14 v3.01 AMS font symbols

(/usr/local/texlive/2026basic/texmf-dist/tex/latex/amsfonts/amsfonts.sty
Package: amsfonts 2013/01/14 v3.01 Basic AMSFonts support
\symAMSa=\mathgroup4
\symAMSb=\mathgroup5
LaTeX Font Info:    Redeclaring math symbol \hbar on input line 98.
LaTeX Font Info:    Overwriting math alphabet `\mathfrak' in version `bold'
(Font)                  U/euf/m/n --> U/euf/b/n on input line 106.
))
(/usr/local/texlive/2026basic/texmf-dist/tex/latex/amscls/amsthm.sty
Package: amsthm 2020/05/29 v2.20.6
\thm@style=\toks22
\thm@bodyfont=\toks23
\thm@headfont=\toks24
\thm@notefont=\toks25
\thm@headpunct=\toks26
\thm@preskip=\skip54
\thm@postskip=\skip55
\thm@headsep=\skip56
\dth@everypar=\toks27
)
(/usr/local/texlive/2026basic/texmf-dist/tex/latex/graphics/graphicx.sty
Package: graphicx 2024/12/31 v1.2e Enhanced LaTeX Graphics (DPC,SPQR)

(/usr/local/texlive/2026basic/texmf-dist/tex/latex/graphics/keyval.sty
Package: keyval 2022/05/29 v1.15 key=value parser (DPC)
\KV@toks@=\toks28
)
(/usr/local/texlive/2026basic/texmf-dist/tex/latex/graphics/graphics.sty
Package: graphics 2024/08/06 v1.4g Standard LaTeX Graphics (DPC,SPQR)

(/usr/local/texlive/2026basic/texmf-dist/tex/latex/graphics/trig.sty
Package: trig 2023/12/02 v1.11 sin cos tan (DPC)
)
(/usr/local/texlive/2026basic/texmf-dist/tex/latex/graphics-cfg/graphics.cfg
File: graphics.cfg 2016/06/04 v1.11 sample graphics configuration
)
Package graphics Info: Driver file: pdftex.def on input line 106.

(/usr/local/texlive/2026basic/texmf-dist/tex/latex/graphics-def/pdftex.def
File: pdftex.def 2025/09/29 v1.2d Graphics/color driver for pdftex
))
\Gin@req@height=\dimen158
\Gin@req@width=\dimen159
)
(/usr/local/texlive/2026basic/texmf-dist/tex/latex/float/float.sty
Package: float 2001/11/08 v1.3d Float enhancements (AL)
\c@float@type=\count295
\float@exts=\toks29
\float@box=\box55
\@float@everytoks=\toks30
\@floatcapt=\box56
)
(/usr/local/texlive/2026basic/texmf-dist/tex/latex/xcolor/xcolor.sty
Package: xcolor 2024/09/29 v3.02 LaTeX color extensions (UK)

(/usr/local/texlive/2026basic/texmf-dist/tex/latex/graphics-cfg/color.cfg
File: color.cfg 2016/01/02 v1.6 sample color configuration
)
Package xcolor Info: Driver file: pdftex.def on input line 274.

(/usr/local/texlive/2026basic/texmf-dist/tex/latex/graphics/mathcolor.ltx)
Package xcolor Info: Model `cmy' substituted by `cmy0' on input line 1349.
Package xcolor Info: Model `hsb' substituted by `rgb' on input line 1353.
Package xcolor Info: Model `RGB' extended on input line 1365.
Package xcolor Info: Model `HTML' substituted by `rgb' on input line 1367.
Package xcolor Info: Model `Hsb' substituted by `hsb' on input line 1368.
Package xcolor Info: Model `tHsb' substituted by `hsb' on input line 1369.
Package xcolor Info: Model `HSB' substituted by `hsb' on input line 1370.
Package xcolor Info: Model `Gray' substituted by `gray' on input line 1371.
Package xcolor Info: Model `wave' substituted by `hsb' on input line 1372.
)
(/usr/local/texlive/2026basic/texmf-dist/tex/latex/geometry/geometry.sty
Package: geometry 2020/01/02 v5.9 Page Geometry

(/usr/local/texlive/2026basic/texmf-dist/tex/generic/iftex/ifvtex.sty
Package: ifvtex 2019/10/25 v1.7 ifvtex legacy package. Use iftex instead.

(/usr/local/texlive/2026basic/texmf-dist/tex/generic/iftex/iftex.sty
Package: iftex 2024/12/12 v1.0g TeX engine tests
))
\Gm@cnth=\count296
\Gm@cntv=\count297
\c@Gm@tempcnt=\count298
\Gm@bindingoffset=\dimen160
\Gm@wd@mp=\dimen161
\Gm@odd@mp=\dimen162
\Gm@even@mp=\dimen163
\Gm@layoutwidth=\dimen164
\Gm@layoutheight=\dimen165
\Gm@layouthoffset=\dimen166
\Gm@layoutvoffset=\dimen167
\Gm@dimlist=\toks31
)
(/usr/local/texlive/2026basic/texmf-dist/tex/latex/cite/cite.sty
LaTeX Info: Redefining \cite on input line 302.
LaTeX Info: Redefining \nocite on input line 332.
Package: cite 2015/02/27  v 5.5
)
(./enumitem.sty
Package: enumitem 2025/02/06 v3.11 Customized lists
\labelindent=\skip57
\enit@outerparindent=\dimen168
\enit@toks=\toks32
\enit@inbox=\box57
\enit@count@id=\count299
\enitdp@description=\count300
)
(/usr/local/texlive/2026basic/texmf-dist/tex/latex/fancyhdr/fancyhdr.sty
Package: fancyhdr 2025/02/07 v5.2 Extensive control of page headers and footers

\f@nch@headwidth=\skip58
\f@nch@offset@elh=\skip59
\f@nch@offset@erh=\skip60
\f@nch@offset@olh=\skip61
\f@nch@offset@orh=\skip62
\f@nch@offset@elf=\skip63
\f@nch@offset@erf=\skip64
\f@nch@offset@olf=\skip65
\f@nch@offset@orf=\skip66
\f@nch@height=\skip67
\f@nch@footalignment=\skip68
\f@nch@widthL=\skip69
\f@nch@widthC=\skip70
\f@nch@widthR=\skip71
\@temptokenb=\toks33
)
(/usr/local/texlive/2026basic/texmf-dist/tex/latex/subfig/subfig.sty
Package: subfig 2005/06/28 ver: 1.3 subfig package

(/usr/local/texlive/2026basic/texmf-dist/tex/latex/caption/caption.sty
Package: caption 2023/08/05 v3.6o Customizing captions (AR)

(/usr/local/texlive/2026basic/texmf-dist/tex/latex/caption/caption3.sty
Package: caption3 2023/07/31 v2.4d caption3 kernel (AR)
\caption@tempdima=\dimen169
\captionmargin=\dimen170
\caption@leftmargin=\dimen171
\caption@rightmargin=\dimen172
\caption@width=\dimen173
\caption@indent=\dimen174
\caption@parindent=\dimen175
\caption@hangindent=\dimen176
Package caption Info: Standard document class detected.
)
\c@caption@flags=\count301
\c@continuedfloat=\count302
Package caption Info: float package is loaded.
)
\c@KVtest=\count303
\sf@farskip=\skip72
\sf@captopadj=\dimen177
\sf@capskip=\skip73
\sf@nearskip=\skip74
\c@subfigure=\count304
\c@subfigure@save=\count305
\c@lofdepth=\count306
\c@subtable=\count307
\c@subtable@save=\count308
\c@lotdepth=\count309
\sf@top=\skip75
\sf@bottom=\skip76
)
(/usr/local/texlive/2026basic/texmf-dist/tex/latex/psnfss/mathptmx.sty
Package: mathptmx 2020/03/25 PSNFSS-v9.3 Times w/ Math, improved (SPQR, WaS) 
LaTeX Font Info:    Redeclaring symbol font `operators' on input line 28.
LaTeX Font Info:    Overwriting symbol font `operators' in version `normal'
(Font)                  OT1/cmr/m/n --> OT1/ztmcm/m/n on input line 28.
LaTeX Font Info:    Overwriting symbol font `operators' in version `bold'
(Font)                  OT1/cmr/bx/n --> OT1/ztmcm/m/n on input line 28.
LaTeX Font Info:    Redeclaring symbol font `letters' on input line 29.
LaTeX Font Info:    Overwriting symbol font `letters' in version `normal'
(Font)                  OML/cmm/m/it --> OML/ztmcm/m/it on input line 29.
LaTeX Font Info:    Overwriting symbol font `letters' in version `bold'
(Font)                  OML/cmm/b/it --> OML/ztmcm/m/it on input line 29.
LaTeX Font Info:    Redeclaring symbol font `symbols' on input line 30.
LaTeX Font Info:    Overwriting symbol font `symbols' in version `normal'
(Font)                  OMS/cmsy/m/n --> OMS/ztmcm/m/n on input line 30.
LaTeX Font Info:    Overwriting symbol font `symbols' in version `bold'
(Font)                  OMS/cmsy/b/n --> OMS/ztmcm/m/n on input line 30.
LaTeX Font Info:    Redeclaring symbol font `largesymbols' on input line 31.
LaTeX Font Info:    Overwriting symbol font `largesymbols' in version `normal'
(Font)                  OMX/cmex/m/n --> OMX/ztmcm/m/n on input line 31.
LaTeX Font Info:    Overwriting symbol font `largesymbols' in version `bold'
(Font)                  OMX/cmex/m/n --> OMX/ztmcm/m/n on input line 31.
\symbold=\mathgroup6
\symitalic=\mathgroup7
LaTeX Font Info:    Redeclaring math alphabet \mathbf on input line 34.
LaTeX Font Info:    Overwriting math alphabet `\mathbf' in version `normal'
(Font)                  OT1/cmr/bx/n --> OT1/ptm/bx/n on input line 34.
LaTeX Font Info:    Overwriting math alphabet `\mathbf' in version `bold'
(Font)                  OT1/cmr/bx/n --> OT1/ptm/bx/n on input line 34.
LaTeX Font Info:    Redeclaring math alphabet \mathit on input line 35.
LaTeX Font Info:    Overwriting math alphabet `\mathit' in version `normal'
(Font)                  OT1/cmr/m/it --> OT1/ptm/m/it on input line 35.
LaTeX Font Info:    Overwriting math alphabet `\mathit' in version `bold'
(Font)                  OT1/cmr/bx/it --> OT1/ptm/m/it on input line 35.
LaTeX Info: Redefining \hbar on input line 50.
)
(/usr/local/texlive/2026basic/texmf-dist/tex/latex/psnfss/helvet.sty
Package: helvet 2020/03/25 PSNFSS-v9.3 (WaS) 
)
(/usr/local/texlive/2026basic/texmf-dist/tex/latex/psnfss/courier.sty
Package: courier 2020/03/25 PSNFSS-v9.3 (WaS) 
)
\c@theorem=\count310
\c@corollary=\count311

(/usr/local/texlive/2026basic/texmf-dist/tex/latex/hyperref/hyperref.sty
Package: hyperref 2026-01-29 v7.01p Hypertext links for LaTeX

(/usr/local/texlive/2026basic/texmf-dist/tex/latex/kvsetkeys/kvsetkeys.sty
Package: kvsetkeys 2022-10-05 v1.19 Key value parser (HO)
)
(/usr/local/texlive/2026basic/texmf-dist/tex/generic/kvdefinekeys/kvdefinekeys.
sty
Package: kvdefinekeys 2019-12-19 v1.6 Define keys (HO)
)
(/usr/local/texlive/2026basic/texmf-dist/tex/generic/pdfescape/pdfescape.sty
Package: pdfescape 2019/12/09 v1.15 Implements pdfTeX's escape features (HO)

(/usr/local/texlive/2026basic/texmf-dist/tex/generic/ltxcmds/ltxcmds.sty
Package: ltxcmds 2023-12-04 v1.26 LaTeX kernel commands for general use (HO)
)
(/usr/local/texlive/2026basic/texmf-dist/tex/generic/pdftexcmds/pdftexcmds.sty
Package: pdftexcmds 2020-06-27 v0.33 Utility functions of pdfTeX for LuaTeX (HO
)

(/usr/local/texlive/2026basic/texmf-dist/tex/generic/infwarerr/infwarerr.sty
Package: infwarerr 2019/12/03 v1.5 Providing info/warning/error messages (HO)
)
Package pdftexcmds Info: \pdf@primitive is available.
Package pdftexcmds Info: \pdf@ifprimitive is available.
Package pdftexcmds Info: \pdfdraftmode found.
)) (/usr/local/texlive/2026basic/texmf-dist/tex/latex/hycolor/hycolor.sty
Package: hycolor 2020-01-27 v1.10 Color options for hyperref/bookmark (HO)
)
(/usr/local/texlive/2026basic/texmf-dist/tex/latex/hyperref/nameref.sty
Package: nameref 2026-01-29 v2.58 Cross-referencing by name of section

(/usr/local/texlive/2026basic/texmf-dist/tex/latex/refcount/refcount.sty
Package: refcount 2019/12/15 v3.6 Data extraction from label references (HO)
)
(/usr/local/texlive/2026basic/texmf-dist/tex/generic/gettitlestring/gettitlestr
ing.sty
Package: gettitlestring 2019/12/15 v1.6 Cleanup title references (HO)

(/usr/local/texlive/2026basic/texmf-dist/tex/latex/kvoptions/kvoptions.sty
Package: kvoptions 2022-06-15 v3.15 Key value format for package options (HO)
))
\c@section@level=\count312
)
(/usr/local/texlive/2026basic/texmf-dist/tex/latex/etoolbox/etoolbox.sty
Package: etoolbox 2025/10/02 v2.5m e-TeX tools for LaTeX (JAW)
\etb@tempcnta=\count313
)
(/usr/local/texlive/2026basic/texmf-dist/tex/generic/stringenc/stringenc.sty
Package: stringenc 2019/11/29 v1.12 Convert strings between diff. encodings (HO
)
)
\@linkdim=\dimen178
\Hy@linkcounter=\count314
\Hy@pagecounter=\count315

(/usr/local/texlive/2026basic/texmf-dist/tex/latex/hyperref/pd1enc.def
File: pd1enc.def 2026-01-29 v7.01p Hyperref: PDFDocEncoding definition (HO)
Now handling font encoding PD1 ...
... no UTF-8 mapping file for font encoding PD1
)
(/usr/local/texlive/2026basic/texmf-dist/tex/generic/intcalc/intcalc.sty
Package: intcalc 2019/12/15 v1.3 Expandable calculations with integers (HO)
)
\Hy@SavedSpaceFactor=\count316

(/usr/local/texlive/2026basic/texmf-dist/tex/latex/hyperref/puenc.def
File: puenc.def 2026-01-29 v7.01p Hyperref: PDF Unicode definition (HO)
Now handling font encoding PU ...
... no UTF-8 mapping file for font encoding PU
)
Package hyperref Info: Option `pdfusetitle' set `true' on input line 4072.
Package hyperref Info: Hyper figures OFF on input line 4201.
Package hyperref Info: Link nesting OFF on input line 4206.
Package hyperref Info: Hyper index ON on input line 4209.
Package hyperref Info: Plain pages OFF on input line 4216.
Package hyperref Info: Backreferencing OFF on input line 4221.
Package hyperref Info: Implicit mode ON; LaTeX internals redefined.
Package hyperref Info: Bookmarks ON on input line 4468.
\c@Hy@tempcnt=\count317

(/usr/local/texlive/2026basic/texmf-dist/tex/latex/url/url.sty
\Urlmuskip=\muskip18
Package: url 2013/09/16  ver 3.4  Verb mode for urls, etc.
)
LaTeX Info: Redefining \url on input line 4807.
\XeTeXLinkMargin=\dimen179

(/usr/local/texlive/2026basic/texmf-dist/tex/generic/bitset/bitset.sty
Package: bitset 2019/12/09 v1.3 Handle bit-vector datatype (HO)

(/usr/local/texlive/2026basic/texmf-dist/tex/generic/bigintcalc/bigintcalc.sty
Package: bigintcalc 2019/12/15 v1.5 Expandable calculations on big integers (HO
)
))
\Fld@menulength=\count318
\Field@Width=\dimen180
\Fld@charsize=\dimen181
Package hyperref Info: Hyper figures OFF on input line 6084.
Package hyperref Info: Link nesting OFF on input line 6089.
Package hyperref Info: Hyper index ON on input line 6092.
Package hyperref Info: backreferencing OFF on input line 6099.
Package hyperref Info: Link coloring OFF on input line 6104.
Package hyperref Info: Link coloring with OCG OFF on input line 6109.
Package hyperref Info: PDF/A mode OFF on input line 6114.
\Hy@abspage=\count319
\c@Item=\count320
\c@Hfootnote=\count321
)
Package hyperref Info: Driver (autodetected): hpdftex.
 (/usr/local/texlive/2026basic/texmf-dist/tex/latex/hyperref/hpdftex.def
File: hpdftex.def 2026-01-29 v7.01p Hyperref driver for pdfTeX
\Fld@listcount=\count322
\c@bookmark@seq@number=\count323

(/usr/local/texlive/2026basic/texmf-dist/tex/latex/rerunfilecheck/rerunfilechec
k.sty
Package: rerunfilecheck 2025-06-21 v1.11 Rerun checks for auxiliary files (HO)

(/usr/local/texlive/2026basic/texmf-dist/tex/generic/uniquecounter/uniquecounte
r.sty
Package: uniquecounter 2019/12/15 v1.4 Provide unlimited unique counter (HO)
)
Package uniquecounter Info: New unique counter `rerunfilecheck' on input line 2
84.
)
\Hy@SectionHShift=\skip77
)
Package hyperref Info: Option `colorlinks' set `true' on input line 49.
) (/usr/local/texlive/2026basic/texmf-dist/tex/latex/base/inputenc.sty
Package: inputenc 2024/02/08 v1.3d Input encoding file
\inpenc@prehook=\toks34
\inpenc@posthook=\toks35
) (/usr/local/texlive/2026basic/texmf-dist/tex/latex/base/fontenc.sty
Package: fontenc 2025/07/18 v2.1d Standard LaTeX package
LaTeX Font Info:    Trying to load font information for T1+ptm on input line 11
6.

(/usr/local/texlive/2026basic/texmf-dist/tex/latex/psnfss/t1ptm.fd
File: t1ptm.fd 2001/06/04 font definitions for T1/ptm.
))
(/usr/local/texlive/2026basic/texmf-dist/tex/latex/booktabs/booktabs.sty
Package: booktabs 2020/01/12 v1.61803398 Publication quality tables
\heavyrulewidth=\dimen182
\lightrulewidth=\dimen183
\cmidrulewidth=\dimen184
\belowrulesep=\dimen185
\belowbottomsep=\dimen186
\aboverulesep=\dimen187
\abovetopsep=\dimen188
\cmidrulesep=\dimen189
\cmidrulekern=\dimen190
\defaultaddspace=\dimen191
\@cmidla=\count324
\@cmidlb=\count325
\@aboverulesep=\dimen192
\@belowrulesep=\dimen193
\@thisruleclass=\count326
\@lastruleclass=\count327
\@thisrulewidth=\dimen194
)
(/usr/local/texlive/2026basic/texmf-dist/tex/latex/graphics/dvipsnam.def
File: dvipsnam.def 2016/06/17 v3.0m Driver-dependent file (DPC,SPQR)
)
(/usr/local/texlive/2026basic/texmf-dist/tex/latex/xcolor/svgnam.def
File: svgnam.def 2024/09/29 v3.02 Predefined colors according to SVG 1.1 (UK)
)
(/usr/local/texlive/2026basic/texmf-dist/tex/latex/pgf/frontendlayer/tikz.sty
(/usr/local/texlive/2026basic/texmf-dist/tex/latex/pgf/basiclayer/pgf.sty
(/usr/local/texlive/2026basic/texmf-dist/tex/latex/pgf/utilities/pgfrcs.sty
(/usr/local/texlive/2026basic/texmf-dist/tex/generic/pgf/utilities/pgfutil-comm
on.tex
\pgfutil@everybye=\toks36
\pgfutil@tempdima=\dimen195
\pgfutil@tempdimb=\dimen196
)
(/usr/local/texlive/2026basic/texmf-dist/tex/generic/pgf/utilities/pgfutil-late
x.def
\pgfutil@abb=\box58
)
(/usr/local/texlive/2026basic/texmf-dist/tex/generic/pgf/utilities/pgfrcs.code.
tex (/usr/local/texlive/2026basic/texmf-dist/tex/generic/pgf/pgf.revision.tex)
Package: pgfrcs 2025-08-29 v3.1.11a (3.1.11a)
))
Package: pgf 2025-08-29 v3.1.11a (3.1.11a)
 (/usr/local/texlive/2026basic/texmf-dist/tex/latex/pgf/basiclayer/pgfcore.sty 
(/usr/local/texlive/2026basic/texmf-dist/tex/latex/pgf/systemlayer/pgfsys.sty
(/usr/local/texlive/2026basic/texmf-dist/tex/generic/pgf/systemlayer/pgfsys.cod
e.tex
Package: pgfsys 2025-08-29 v3.1.11a (3.1.11a)

(/usr/local/texlive/2026basic/texmf-dist/tex/generic/pgf/utilities/pgfkeys.code
.tex
\pgfkeys@pathtoks=\toks37
\pgfkeys@temptoks=\toks38

(/usr/local/texlive/2026basic/texmf-dist/tex/generic/pgf/utilities/pgfkeyslibra
ryfiltered.code.tex
\pgfkeys@tmptoks=\toks39
))
\pgf@x=\dimen197
\pgf@y=\dimen198
\pgf@xa=\dimen199
\pgf@ya=\dimen256
\pgf@xb=\dimen257
\pgf@yb=\dimen258
\pgf@xc=\dimen259
\pgf@yc=\dimen260
\pgf@xd=\dimen261
\pgf@yd=\dimen262
\w@pgf@writea=\write3
\r@pgf@reada=\read2
\c@pgf@counta=\count328
\c@pgf@countb=\count329
\c@pgf@countc=\count330
\c@pgf@countd=\count331
\t@pgf@toka=\toks40
\t@pgf@tokb=\toks41
\t@pgf@tokc=\toks42
\pgf@sys@id@count=\count332

(/usr/local/texlive/2026basic/texmf-dist/tex/generic/pgf/systemlayer/pgf.cfg
File: pgf.cfg 2025-08-29 v3.1.11a (3.1.11a)
)
Driver file for pgf: pgfsys-pdftex.def

(/usr/local/texlive/2026basic/texmf-dist/tex/generic/pgf/systemlayer/pgfsys-pdf
tex.def
File: pgfsys-pdftex.def 2025-08-29 v3.1.11a (3.1.11a)

(/usr/local/texlive/2026basic/texmf-dist/tex/generic/pgf/systemlayer/pgfsys-com
mon-pdf.def
File: pgfsys-common-pdf.def 2025-08-29 v3.1.11a (3.1.11a)
)))
(/usr/local/texlive/2026basic/texmf-dist/tex/generic/pgf/systemlayer/pgfsyssoft
path.code.tex
File: pgfsyssoftpath.code.tex 2025-08-29 v3.1.11a (3.1.11a)
\pgfsyssoftpath@smallbuffer@items=\count333
\pgfsyssoftpath@bigbuffer@items=\count334
)
(/usr/local/texlive/2026basic/texmf-dist/tex/generic/pgf/systemlayer/pgfsysprot
ocol.code.tex
File: pgfsysprotocol.code.tex 2025-08-29 v3.1.11a (3.1.11a)
))
(/usr/local/texlive/2026basic/texmf-dist/tex/generic/pgf/basiclayer/pgfcore.cod
e.tex
Package: pgfcore 2025-08-29 v3.1.11a (3.1.11a)

(/usr/local/texlive/2026basic/texmf-dist/tex/generic/pgf/math/pgfmath.code.tex
(/usr/local/texlive/2026basic/texmf-dist/tex/generic/pgf/math/pgfmathutil.code.
tex)
(/usr/local/texlive/2026basic/texmf-dist/tex/generic/pgf/math/pgfmathparser.cod
e.tex
\pgfmath@dimen=\dimen263
\pgfmath@count=\count335
\pgfmath@box=\box59
\pgfmath@toks=\toks43
\pgfmath@stack@operand=\toks44
\pgfmath@stack@operation=\toks45
)
(/usr/local/texlive/2026basic/texmf-dist/tex/generic/pgf/math/pgfmathfunctions.
code.tex)
(/usr/local/texlive/2026basic/texmf-dist/tex/generic/pgf/math/pgfmathfunctions.
basic.code.tex)
(/usr/local/texlive/2026basic/texmf-dist/tex/generic/pgf/math/pgfmathfunctions.
trigonometric.code.tex)
(/usr/local/texlive/2026basic/texmf-dist/tex/generic/pgf/math/pgfmathfunctions.
random.code.tex)
(/usr/local/texlive/2026basic/texmf-dist/tex/generic/pgf/math/pgfmathfunctions.
comparison.code.tex)
(/usr/local/texlive/2026basic/texmf-dist/tex/generic/pgf/math/pgfmathfunctions.
base.code.tex)
(/usr/local/texlive/2026basic/texmf-dist/tex/generic/pgf/math/pgfmathfunctions.
round.code.tex)
(/usr/local/texlive/2026basic/texmf-dist/tex/generic/pgf/math/pgfmathfunctions.
misc.code.tex)
(/usr/local/texlive/2026basic/texmf-dist/tex/generic/pgf/math/pgfmathfunctions.
integerarithmetics.code.tex)
(/usr/local/texlive/2026basic/texmf-dist/tex/generic/pgf/math/pgfmathcalc.code.
tex)
(/usr/local/texlive/2026basic/texmf-dist/tex/generic/pgf/math/pgfmathfloat.code
.tex
\c@pgfmathroundto@lastzeros=\count336
))
(/usr/local/texlive/2026basic/texmf-dist/tex/generic/pgf/math/pgfint.code.tex)
(/usr/local/texlive/2026basic/texmf-dist/tex/generic/pgf/basiclayer/pgfcorepoin
ts.code.tex
File: pgfcorepoints.code.tex 2025-08-29 v3.1.11a (3.1.11a)
\pgf@picminx=\dimen264
\pgf@picmaxx=\dimen265
\pgf@picminy=\dimen266
\pgf@picmaxy=\dimen267
\pgf@pathminx=\dimen268
\pgf@pathmaxx=\dimen269
\pgf@pathminy=\dimen270
\pgf@pathmaxy=\dimen271
\pgf@xx=\dimen272
\pgf@xy=\dimen273
\pgf@yx=\dimen274
\pgf@yy=\dimen275
\pgf@zx=\dimen276
\pgf@zy=\dimen277
)
(/usr/local/texlive/2026basic/texmf-dist/tex/generic/pgf/basiclayer/pgfcorepath
construct.code.tex
File: pgfcorepathconstruct.code.tex 2025-08-29 v3.1.11a (3.1.11a)
\pgf@path@lastx=\dimen278
\pgf@path@lasty=\dimen279
)
(/usr/local/texlive/2026basic/texmf-dist/tex/generic/pgf/basiclayer/pgfcorepath
usage.code.tex
File: pgfcorepathusage.code.tex 2025-08-29 v3.1.11a (3.1.11a)
\pgf@shorten@end@additional=\dimen280
\pgf@shorten@start@additional=\dimen281
)
(/usr/local/texlive/2026basic/texmf-dist/tex/generic/pgf/basiclayer/pgfcorescop
es.code.tex
File: pgfcorescopes.code.tex 2025-08-29 v3.1.11a (3.1.11a)
\pgfpic=\box60
\pgf@hbox=\box61
\pgf@layerbox@main=\box62
\pgf@picture@serial@count=\count337
)
(/usr/local/texlive/2026basic/texmf-dist/tex/generic/pgf/basiclayer/pgfcoregrap
hicstate.code.tex
File: pgfcoregraphicstate.code.tex 2025-08-29 v3.1.11a (3.1.11a)
\pgflinewidth=\dimen282
)
(/usr/local/texlive/2026basic/texmf-dist/tex/generic/pgf/basiclayer/pgfcoretran
sformations.code.tex
File: pgfcoretransformations.code.tex 2025-08-29 v3.1.11a (3.1.11a)
\pgf@pt@x=\dimen283
\pgf@pt@y=\dimen284
\pgf@pt@temp=\dimen285
)
(/usr/local/texlive/2026basic/texmf-dist/tex/generic/pgf/basiclayer/pgfcorequic
k.code.tex
File: pgfcorequick.code.tex 2025-08-29 v3.1.11a (3.1.11a)
)
(/usr/local/texlive/2026basic/texmf-dist/tex/generic/pgf/basiclayer/pgfcoreobje
cts.code.tex
File: pgfcoreobjects.code.tex 2025-08-29 v3.1.11a (3.1.11a)
)
(/usr/local/texlive/2026basic/texmf-dist/tex/generic/pgf/basiclayer/pgfcorepath
processing.code.tex
File: pgfcorepathprocessing.code.tex 2025-08-29 v3.1.11a (3.1.11a)
)
(/usr/local/texlive/2026basic/texmf-dist/tex/generic/pgf/basiclayer/pgfcorearro
ws.code.tex
File: pgfcorearrows.code.tex 2025-08-29 v3.1.11a (3.1.11a)
\pgfarrowsep=\dimen286
)
(/usr/local/texlive/2026basic/texmf-dist/tex/generic/pgf/basiclayer/pgfcoreshad
e.code.tex
File: pgfcoreshade.code.tex 2025-08-29 v3.1.11a (3.1.11a)
\pgf@max=\dimen287
\pgf@sys@shading@range@num=\count338
\pgf@shadingcount=\count339
)
(/usr/local/texlive/2026basic/texmf-dist/tex/generic/pgf/basiclayer/pgfcoreimag
e.code.tex
File: pgfcoreimage.code.tex 2025-08-29 v3.1.11a (3.1.11a)
)
(/usr/local/texlive/2026basic/texmf-dist/tex/generic/pgf/basiclayer/pgfcoreexte
rnal.code.tex
File: pgfcoreexternal.code.tex 2025-08-29 v3.1.11a (3.1.11a)
\pgfexternal@startupbox=\box63
)
(/usr/local/texlive/2026basic/texmf-dist/tex/generic/pgf/basiclayer/pgfcorelaye
rs.code.tex
File: pgfcorelayers.code.tex 2025-08-29 v3.1.11a (3.1.11a)
)
(/usr/local/texlive/2026basic/texmf-dist/tex/generic/pgf/basiclayer/pgfcoretran
sparency.code.tex
File: pgfcoretransparency.code.tex 2025-08-29 v3.1.11a (3.1.11a)
)
(/usr/local/texlive/2026basic/texmf-dist/tex/generic/pgf/basiclayer/pgfcorepatt
erns.code.tex
File: pgfcorepatterns.code.tex 2025-08-29 v3.1.11a (3.1.11a)
)
(/usr/local/texlive/2026basic/texmf-dist/tex/generic/pgf/basiclayer/pgfcorerdf.
code.tex
File: pgfcorerdf.code.tex 2025-08-29 v3.1.11a (3.1.11a)
)))
(/usr/local/texlive/2026basic/texmf-dist/tex/generic/pgf/modules/pgfmoduleshape
s.code.tex
File: pgfmoduleshapes.code.tex 2025-08-29 v3.1.11a (3.1.11a)
\pgfnodeparttextbox=\box64
)
(/usr/local/texlive/2026basic/texmf-dist/tex/generic/pgf/modules/pgfmoduleplot.
code.tex
File: pgfmoduleplot.code.tex 2025-08-29 v3.1.11a (3.1.11a)
)
(/usr/local/texlive/2026basic/texmf-dist/tex/latex/pgf/compatibility/pgfcomp-ve
rsion-0-65.sty
Package: pgfcomp-version-0-65 2025-08-29 v3.1.11a (3.1.11a)
\pgf@nodesepstart=\dimen288
\pgf@nodesepend=\dimen289
)
(/usr/local/texlive/2026basic/texmf-dist/tex/latex/pgf/compatibility/pgfcomp-ve
rsion-1-18.sty
Package: pgfcomp-version-1-18 2025-08-29 v3.1.11a (3.1.11a)
))
(/usr/local/texlive/2026basic/texmf-dist/tex/latex/pgf/utilities/pgffor.sty
(/usr/local/texlive/2026basic/texmf-dist/tex/latex/pgf/utilities/pgfkeys.sty
(/usr/local/texlive/2026basic/texmf-dist/tex/generic/pgf/utilities/pgfkeys.code
.tex)) (/usr/local/texlive/2026basic/texmf-dist/tex/latex/pgf/math/pgfmath.sty
(/usr/local/texlive/2026basic/texmf-dist/tex/generic/pgf/math/pgfmath.code.tex)
)
(/usr/local/texlive/2026basic/texmf-dist/tex/generic/pgf/utilities/pgffor.code.
tex
Package: pgffor 2025-08-29 v3.1.11a (3.1.11a)
\pgffor@iter=\dimen290
\pgffor@skip=\dimen291
\pgffor@stack=\toks46
\pgffor@toks=\toks47
))
(/usr/local/texlive/2026basic/texmf-dist/tex/generic/pgf/frontendlayer/tikz/tik
z.code.tex
Package: tikz 2025-08-29 v3.1.11a (3.1.11a)

(/usr/local/texlive/2026basic/texmf-dist/tex/generic/pgf/libraries/pgflibrarypl
othandlers.code.tex
File: pgflibraryplothandlers.code.tex 2025-08-29 v3.1.11a (3.1.11a)
\pgf@plot@mark@count=\count340
\pgfplotmarksize=\dimen292
)
\tikz@lastx=\dimen293
\tikz@lasty=\dimen294
\tikz@lastxsaved=\dimen295
\tikz@lastysaved=\dimen296
\tikz@lastmovetox=\dimen297
\tikz@lastmovetoy=\dimen298
\tikzleveldistance=\dimen299
\tikzsiblingdistance=\dimen300
\tikz@figbox=\box65
\tikz@figbox@bg=\box66
\tikz@tempbox=\box67
\tikz@tempbox@bg=\box68
\tikztreelevel=\count341
\tikznumberofchildren=\count342
\tikznumberofcurrentchild=\count343
\tikz@fig@count=\count344

(/usr/local/texlive/2026basic/texmf-dist/tex/generic/pgf/modules/pgfmodulematri
x.code.tex
File: pgfmodulematrix.code.tex 2025-08-29 v3.1.11a (3.1.11a)
\pgfmatrixcurrentrow=\count345
\pgfmatrixcurrentcolumn=\count346
\pgf@matrix@numberofcolumns=\count347
)
\tikz@expandcount=\count348

(/usr/local/texlive/2026basic/texmf-dist/tex/generic/pgf/frontendlayer/tikz/lib
raries/tikzlibrarytopaths.code.tex
File: tikzlibrarytopaths.code.tex 2025-08-29 v3.1.11a (3.1.11a)
)))
(/usr/local/texlive/2026basic/texmf-dist/tex/latex/pgfplots/pgfplots.sty
(/usr/local/texlive/2026basic/texmf-dist/tex/generic/pgfplots/pgfplots.revision
.tex)
Package: pgfplots 2025/08/14 v1.18.2 Data Visualization (1.18.2)

(/usr/local/texlive/2026basic/texmf-dist/tex/generic/pgfplots/pgfplots.code.tex

(/usr/local/texlive/2026basic/texmf-dist/tex/generic/pgfplots/pgfplotscore.code
.tex
\t@pgfplots@toka=\toks48
\t@pgfplots@tokb=\toks49
\t@pgfplots@tokc=\toks50
\pgfplots@tmpa=\dimen301
\c@pgfplots@coordindex=\count349
\c@pgfplots@scanlineindex=\count350

(/usr/local/texlive/2026basic/texmf-dist/tex/generic/pgfplots/sys/pgfplotssysge
neric.code.tex))
(/usr/local/texlive/2026basic/texmf-dist/tex/generic/pgfplots/libs/pgfplotslibr
ary.code.tex)
(/usr/local/texlive/2026basic/texmf-dist/tex/generic/pgfplots/oldpgfcompatib/pg
fplotsoldpgfsupp_loader.code.tex
(/usr/local/texlive/2026basic/texmf-dist/tex/generic/pgf/libraries/pgflibraryfp
u.code.tex)
(/usr/local/texlive/2026basic/texmf-dist/tex/generic/pgfplots/oldpgfcompatib/pg
fplotsoldpgfsupp_pgfutil-common-lists.tex))
(/usr/local/texlive/2026basic/texmf-dist/tex/generic/pgfplots/util/pgfplotsutil
.code.tex
(/usr/local/texlive/2026basic/texmf-dist/tex/generic/pgfplots/liststructure/pgf
plotsliststructure.code.tex)
(/usr/local/texlive/2026basic/texmf-dist/tex/generic/pgfplots/liststructure/pgf
plotsliststructureext.code.tex)
(/usr/local/texlive/2026basic/texmf-dist/tex/generic/pgfplots/liststructure/pgf
plotsarray.code.tex
\c@pgfplotsarray@tmp=\count351
)
(/usr/local/texlive/2026basic/texmf-dist/tex/generic/pgfplots/liststructure/pgf
plotsmatrix.code.tex)
(/usr/local/texlive/2026basic/texmf-dist/tex/generic/pgfplots/numtable/pgfplots
tableshared.code.tex
\c@pgfplotstable@counta=\count352
\t@pgfplotstable@a=\toks51
)
(/usr/local/texlive/2026basic/texmf-dist/tex/generic/pgfplots/liststructure/pgf
plotsdeque.code.tex)
(/usr/local/texlive/2026basic/texmf-dist/tex/generic/pgfplots/util/pgfplotsbina
ry.code.tex
(/usr/local/texlive/2026basic/texmf-dist/tex/generic/pgfplots/util/pgfplotsbina
ry.data.code.tex))
(/usr/local/texlive/2026basic/texmf-dist/tex/generic/pgfplots/util/pgfplotsutil
.verb.code.tex)
(/usr/local/texlive/2026basic/texmf-dist/tex/generic/pgfplots/libs/pgflibrarypg
fplots.surfshading.code.tex
\c@pgfplotslibrarysurf@no=\count353

(/usr/local/texlive/2026basic/texmf-dist/tex/generic/pgfplots/sys/pgflibrarypgf
plots.surfshading.pgfsys-pdftex.def)))
(/usr/local/texlive/2026basic/texmf-dist/tex/generic/pgfplots/util/pgfplotscolo
rmap.code.tex
(/usr/local/texlive/2026basic/texmf-dist/tex/generic/pgfplots/util/pgfplotscolo
r.code.tex))
(/usr/local/texlive/2026basic/texmf-dist/tex/generic/pgfplots/pgfplotsstackedpl
ots.code.tex)
(/usr/local/texlive/2026basic/texmf-dist/tex/generic/pgfplots/pgfplotsplothandl
ers.code.tex
(/usr/local/texlive/2026basic/texmf-dist/tex/generic/pgfplots/pgfplotsmeshploth
andler.code.tex
(/usr/local/texlive/2026basic/texmf-dist/tex/generic/pgfplots/pgfplotsmeshploti
mage.code.tex)))
(/usr/local/texlive/2026basic/texmf-dist/tex/generic/pgfplots/pgfplots.scaling.
code.tex)
(/usr/local/texlive/2026basic/texmf-dist/tex/generic/pgfplots/pgfplotscoordproc
essing.code.tex)
(/usr/local/texlive/2026basic/texmf-dist/tex/generic/pgfplots/pgfplots.errorbar
s.code.tex)
(/usr/local/texlive/2026basic/texmf-dist/tex/generic/pgfplots/pgfplots.markers.
code.tex)
(/usr/local/texlive/2026basic/texmf-dist/tex/generic/pgfplots/pgfplotsticks.cod
e.tex)
(/usr/local/texlive/2026basic/texmf-dist/tex/generic/pgfplots/pgfplots.paths.co
de.tex)
(/usr/local/texlive/2026basic/texmf-dist/tex/generic/pgf/frontendlayer/tikz/lib
raries/tikzlibrarydecorations.code.tex
(/usr/local/texlive/2026basic/texmf-dist/tex/generic/pgf/modules/pgfmoduledecor
ations.code.tex
\pgfdecoratedcompleteddistance=\dimen302
\pgfdecoratedremainingdistance=\dimen303
\pgfdecoratedinputsegmentcompleteddistance=\dimen304
\pgfdecoratedinputsegmentremainingdistance=\dimen305
\pgf@decorate@distancetomove=\dimen306
\pgf@decorate@repeatstate=\count354
\pgfdecorationsegmentamplitude=\dimen307
\pgfdecorationsegmentlength=\dimen308
)
\tikz@lib@dec@box=\box69
)
(/usr/local/texlive/2026basic/texmf-dist/tex/generic/pgf/frontendlayer/tikz/lib
raries/tikzlibrarydecorations.pathmorphing.code.tex
(/usr/local/texlive/2026basic/texmf-dist/tex/generic/pgf/libraries/decorations/
pgflibrarydecorations.pathmorphing.code.tex))
(/usr/local/texlive/2026basic/texmf-dist/tex/generic/pgf/frontendlayer/tikz/lib
raries/tikzlibrarydecorations.pathreplacing.code.tex
(/usr/local/texlive/2026basic/texmf-dist/tex/generic/pgf/libraries/decorations/
pgflibrarydecorations.pathreplacing.code.tex))
(/usr/local/texlive/2026basic/texmf-dist/tex/generic/pgfplots/libs/tikzlibraryp
gfplots.contourlua.code.tex)
\pgfplots@numplots=\count355
\pgfplots@xmin@reg=\dimen309
\pgfplots@xmax@reg=\dimen310
\pgfplots@ymin@reg=\dimen311
\pgfplots@ymax@reg=\dimen312
\pgfplots@zmin@reg=\dimen313
\pgfplots@zmax@reg=\dimen314
)
(/usr/local/texlive/2026basic/texmf-dist/tex/generic/pgf/frontendlayer/tikz/lib
raries/tikzlibraryplotmarks.code.tex
File: tikzlibraryplotmarks.code.tex 2025-08-29 v3.1.11a (3.1.11a)

(/usr/local/texlive/2026basic/texmf-dist/tex/generic/pgf/libraries/pgflibrarypl
otmarks.code.tex
File: pgflibraryplotmarks.code.tex 2025-08-29 v3.1.11a (3.1.11a)
)))
(/usr/local/texlive/2026basic/texmf-dist/tex/generic/pgf/frontendlayer/tikz/lib
raries/tikzlibraryshapes.code.tex
File: tikzlibraryshapes.code.tex 2025-08-29 v3.1.11a (3.1.11a)

(/usr/local/texlive/2026basic/texmf-dist/tex/generic/pgf/frontendlayer/tikz/lib
raries/tikzlibraryshapes.geometric.code.tex
File: tikzlibraryshapes.geometric.code.tex 2025-08-29 v3.1.11a (3.1.11a)

(/usr/local/texlive/2026basic/texmf-dist/tex/generic/pgf/libraries/shapes/pgfli
braryshapes.geometric.code.tex
File: pgflibraryshapes.geometric.code.tex 2025-08-29 v3.1.11a (3.1.11a)
))
(/usr/local/texlive/2026basic/texmf-dist/tex/generic/pgf/frontendlayer/tikz/lib
raries/tikzlibraryshapes.misc.code.tex
File: tikzlibraryshapes.misc.code.tex 2025-08-29 v3.1.11a (3.1.11a)

(/usr/local/texlive/2026basic/texmf-dist/tex/generic/pgf/libraries/shapes/pgfli
braryshapes.misc.code.tex
File: pgflibraryshapes.misc.code.tex 2025-08-29 v3.1.11a (3.1.11a)
))
(/usr/local/texlive/2026basic/texmf-dist/tex/generic/pgf/frontendlayer/tikz/lib
raries/tikzlibraryshapes.symbols.code.tex
File: tikzlibraryshapes.symbols.code.tex 2025-08-29 v3.1.11a (3.1.11a)

(/usr/local/texlive/2026basic/texmf-dist/tex/generic/pgf/libraries/shapes/pgfli
braryshapes.symbols.code.tex
File: pgflibraryshapes.symbols.code.tex 2025-08-29 v3.1.11a (3.1.11a)
))
(/usr/local/texlive/2026basic/texmf-dist/tex/generic/pgf/frontendlayer/tikz/lib
raries/tikzlibraryshapes.arrows.code.tex
File: tikzlibraryshapes.arrows.code.tex 2025-08-29 v3.1.11a (3.1.11a)

(/usr/local/texlive/2026basic/texmf-dist/tex/generic/pgf/libraries/shapes/pgfli
braryshapes.arrows.code.tex
File: pgflibraryshapes.arrows.code.tex 2025-08-29 v3.1.11a (3.1.11a)
))
(/usr/local/texlive/2026basic/texmf-dist/tex/generic/pgf/frontendlayer/tikz/lib
raries/tikzlibraryshapes.callouts.code.tex
(/usr/local/texlive/2026basic/texmf-dist/tex/generic/pgf/libraries/shapes/pgfli
braryshapes.callouts.code.tex))
(/usr/local/texlive/2026basic/texmf-dist/tex/generic/pgf/frontendlayer/tikz/lib
raries/tikzlibraryshapes.multipart.code.tex
File: tikzlibraryshapes.multipart.code.tex 2025-08-29 v3.1.11a (3.1.11a)

(/usr/local/texlive/2026basic/texmf-dist/tex/generic/pgf/libraries/shapes/pgfli
braryshapes.multipart.code.tex
File: pgflibraryshapes.multipart.code.tex 2025-08-29 v3.1.11a (3.1.11a)
\pgfnodepartlowerbox=\box70
\pgfnodeparttwobox=\box71
\pgfnodepartthreebox=\box72
\pgfnodepartfourbox=\box73
\pgfnodeparttwentybox=\box74
\pgfnodepartnineteenbox=\box75
\pgfnodeparteighteenbox=\box76
\pgfnodepartseventeenbox=\box77
\pgfnodepartsixteenbox=\box78
\pgfnodepartfifteenbox=\box79
\pgfnodepartfourteenbox=\box80
\pgfnodepartthirteenbox=\box81
\pgfnodeparttwelvebox=\box82
\pgfnodepartelevenbox=\box83
\pgfnodeparttenbox=\box84
\pgfnodepartninebox=\box85
\pgfnodeparteightbox=\box86
\pgfnodepartsevenbox=\box87
\pgfnodepartsixbox=\box88
\pgfnodepartfivebox=\box89
)))
(/usr/local/texlive/2026basic/texmf-dist/tex/generic/pgf/frontendlayer/tikz/lib
raries/tikzlibraryarrows.code.tex
File: tikzlibraryarrows.code.tex 2025-08-29 v3.1.11a (3.1.11a)

(/usr/local/texlive/2026basic/texmf-dist/tex/generic/pgf/libraries/pgflibraryar
rows.code.tex
File: pgflibraryarrows.code.tex 2025-08-29 v3.1.11a (3.1.11a)
\arrowsize=\dimen315
))
(/usr/local/texlive/2026basic/texmf-dist/tex/generic/pgf/frontendlayer/tikz/lib
raries/tikzlibrarypositioning.code.tex
File: tikzlibrarypositioning.code.tex 2025-08-29 v3.1.11a (3.1.11a)
)
(/usr/local/texlive/2026basic/texmf-dist/tex/generic/pgf/frontendlayer/tikz/lib
raries/tikzlibraryfit.code.tex
File: tikzlibraryfit.code.tex 2025-08-29 v3.1.11a (3.1.11a)
)
(/usr/local/texlive/2026basic/texmf-dist/tex/generic/pgf/frontendlayer/tikz/lib
raries/tikzlibrarycalc.code.tex
File: tikzlibrarycalc.code.tex 2025-08-29 v3.1.11a (3.1.11a)
)
LaTeX Font Info:    Redeclaring math alphabet \mathcal on input line 29.
\c@proposition=\count356
\c@definition=\count357


! LaTeX Error: Command \corollary already defined.
               Or name \end... illegal, see p.192 of the manual.

See the LaTeX manual or LaTeX Companion for explanation.
Type  H <return>  for immediate help.
 ...                                              
                                                  
l.44 \newtheorem{corollary}
                           {Corollary}
Your command was ignored.
Type  I <command> <return>  to replace it with another command,
or  <return>  to continue without it.


! LaTeX Error: Missing \begin{document}.

See the LaTeX manual or LaTeX Companion for explanation.
Type  H <return>  for immediate help.
 ...                                              
                                                  
l.44 \newtheorem{corollary}{C
                             orollary}
You're in trouble here.  Try typing  <return>  to proceed.
If that doesn't work, type  X <return>  to quit.

Package hyperref Info: Option `colorlinks' set `true' on input line 54.

(/usr/local/texlive/2026basic/texmf-dist/tex/latex/l3backend/l3backend-pdftex.d
ef
File: l3backend-pdftex.def 2025-10-09 L3 backend support: PDF output (pdfTeX)
\l__color_backend_stack_int=\count358
) (./main.aux)
\openout1 = `main.aux'.

LaTeX Font Info:    Checking defaults for OML/cmm/m/it on input line 81.
LaTeX Font Info:    ... okay on input line 81.
LaTeX Font Info:    Checking defaults for OMS/cmsy/m/n on input line 81.
LaTeX Font Info:    ... okay on input line 81.
LaTeX Font Info:    Checking defaults for OT1/cmr/m/n on input line 81.
LaTeX Font Info:    ... okay on input line 81.
LaTeX Font Info:    Checking defaults for T1/cmr/m/n on input line 81.
LaTeX Font Info:    ... okay on input line 81.
LaTeX Font Info:    Checking defaults for TS1/cmr/m/n on input line 81.
LaTeX Font Info:    ... okay on input line 81.
LaTeX Font Info:    Checking defaults for OMX/cmex/m/n on input line 81.
LaTeX Font Info:    ... okay on input line 81.
LaTeX Font Info:    Checking defaults for U/cmr/m/n on input line 81.
LaTeX Font Info:    ... okay on input line 81.
LaTeX Font Info:    Checking defaults for PD1/pdf/m/n on input line 81.
LaTeX Font Info:    ... okay on input line 81.
LaTeX Font Info:    Checking defaults for PU/pdf/m/n on input line 81.
LaTeX Font Info:    ... okay on input line 81.

(/usr/local/texlive/2026basic/texmf-dist/tex/context/base/mkii/supp-pdf.mkii
[Loading MPS to PDF converter (version 2006.09.02).]
\scratchcounter=\count359
\scratchdimen=\dimen316
\scratchbox=\box90
\nofMPsegments=\count360
\nofMParguments=\count361
\everyMPshowfont=\toks52
\MPscratchCnt=\count362
\MPscratchDim=\dimen317
\MPnumerator=\count363
\makeMPintoPDFobject=\count364
\everyMPtoPDFconversion=\toks53
)
(/usr/local/texlive/2026basic/texmf-dist/tex/latex/epstopdf-pkg/epstopdf-base.s
ty
Package: epstopdf-base 2020-01-24 v2.11 Base part for package epstopdf
Package epstopdf-base Info: Redefining graphics rule for `.eps' on input line 4
85.

(/usr/local/texlive/2026basic/texmf-dist/tex/latex/latexconfig/epstopdf-sys.cfg
File: epstopdf-sys.cfg 2010/07/13 v1.3 Configuration of (r)epstopdf for TeX Liv
e
))
*geometry* driver: auto-detecting
*geometry* detected driver: pdftex
*geometry* verbose mode - [ preamble ] result:
* driver: pdftex
* paper: custom
* layout: <same size as paper>
* layoutoffset:(h,v)=(0.0pt,0.0pt)
* modes: includehead includefoot twoside 
* h-part:(L,W,R)=(67.75311pt, 329.73189pt, 36.135pt)
* v-part:(T,H,B)=(45.16875pt, 587.19376pt, 18.06749pt)
* \paperwidth=433.62pt
* \paperheight=650.43pt
* \textwidth=329.73189pt
* \textheight=536.09251pt
* \oddsidemargin=-4.51688pt
* \evensidemargin=-36.135pt
* \topmargin=-27.10124pt
* \headheight=12.0pt
* \headsep=12.0pt
* \topskip=10.0pt
* \footskip=27.10124pt
* \marginparwidth=121.0pt
* \marginparsep=11.0pt
* \columnsep=10.0pt
* \skip\footins=9.0pt plus 4.0pt minus 2.0pt
* \hoffset=0.0pt
* \voffset=0.0pt
* \mag=1000
* \@twocolumnfalse
* \@twosidetrue
* \@mparswitchtrue
* \@reversemarginfalse
* (1in=72.27pt=25.4mm, 1cm=28.453pt)

Package caption Info: Begin \AtBeginDocument code.
Package caption Info: subfig package v1.3 is loaded.
Package caption Info: hyperref package is loaded.
Package caption Info: End \AtBeginDocument code.
Package hyperref Info: Link coloring ON on input line 81.
(./main.out) (./main.out)
\@outlinefile=\write4
\openout4 = `main.out'.


Package pgfplots notification 'compat/show suggested version=true': you might b
enefit from \pgfplotsset{compat=1.18} (current compat level: 1.16).

[1{/usr/local/texlive/2026basic/texmf-var/fonts/map/pdftex/updmap/pdftex.map}{/
usr/local/texlive/2026basic/texmf-dist/fonts/enc/dvips/base/8r.enc}

]
LaTeX Font Info:    Trying to load font information for OT1+ztmcm on input line
 86.

(/usr/local/texlive/2026basic/texmf-dist/tex/latex/psnfss/ot1ztmcm.fd
File: ot1ztmcm.fd 2000/01/03 Fontinst v1.801 font definitions for OT1/ztmcm.
)
LaTeX Font Info:    Trying to load font information for OML+ztmcm on input line
 86.

(/usr/local/texlive/2026basic/texmf-dist/tex/latex/psnfss/omlztmcm.fd
File: omlztmcm.fd 2000/01/03 Fontinst v1.801 font definitions for OML/ztmcm.
)
LaTeX Font Info:    Trying to load font information for OMS+ztmcm on input line
 86.

(/usr/local/texlive/2026basic/texmf-dist/tex/latex/psnfss/omsztmcm.fd
File: omsztmcm.fd 2000/01/03 Fontinst v1.801 font definitions for OMS/ztmcm.
)
LaTeX Font Info:    Trying to load font information for OMX+ztmcm on input line
 86.

(/usr/local/texlive/2026basic/texmf-dist/tex/latex/psnfss/omxztmcm.fd
File: omxztmcm.fd 2000/01/03 Fontinst v1.801 font definitions for OMX/ztmcm.
)
LaTeX Font Info:    Trying to load font information for OT1+ptm on input line 8
6.

(/usr/local/texlive/2026basic/texmf-dist/tex/latex/psnfss/ot1ptm.fd
File: ot1ptm.fd 2001/06/04 font definitions for OT1/ptm.
)
LaTeX Font Info:    Font shape `OT1/ptm/bx/n' in size <9> not available
(Font)              Font shape `OT1/ptm/b/n' tried instead on input line 86.
LaTeX Font Info:    Font shape `OT1/ptm/bx/n' in size <7> not available
(Font)              Font shape `OT1/ptm/b/n' tried instead on input line 86.
LaTeX Font Info:    Font shape `OT1/ptm/bx/n' in size <5> not available
(Font)              Font shape `OT1/ptm/b/n' tried instead on input line 86.

Overfull \hbox (0.60446pt too wide) in paragraph at lines 95--96
\T1/ptm/m/n/10 information---notes, lab-o-ra-tory trends, imag-ing, medications
---while track-ing shift-
 []

[2
! Font \csname\endcsname=rsfs10 at 9.0pt not loadable: Metric (TFM) file not fo
und.
<argument> ...shipout:D \box_use:N \l_shipout_box 
                                                  \__shipout_drop_firstpage_...
l.99 D
      ifferential geometry provides a rigorous vocabulary for addressing bot...
I wasn't able to read the size data for this font,
so I will ignore the font specification.
[Wizards can fix TFM files using TFtoPL/PLtoTF.]
You might try inserting a different font spec;
e.g., type `I\font<same font id>=<substitute font name>'.

]
LaTeX Font Info:    Font shape `OT1/ptm/bx/n' in size <10> not available
(Font)              Font shape `OT1/ptm/b/n' tried instead on input line 99.
LaTeX Font Info:    Font shape `OT1/ptm/bx/n' in size <7.4> not available
(Font)              Font shape `OT1/ptm/b/n' tried instead on input line 99.
LaTeX Font Info:    Font shape `OT1/ptm/bx/n' in size <6> not available
(Font)              Font shape `OT1/ptm/b/n' tried instead on input line 99.
 [3
! Font \csname\endcsname=rsfs10 at 10.0pt not loadable: Metric (TFM) file not f
ound.
<argument> ...shipout:D \box_use:N \l_shipout_box 
                                                  \__shipout_drop_firstpage_...
l.124 
      
I wasn't able to read the size data for this font,
so I will ignore the font specification.
[Wizards can fix TFM files using TFtoPL/PLtoTF.]
You might try inserting a different font spec;
e.g., type `I\font<same font id>=<substitute font name>'.

]
Overfull \hbox (9.55247pt too wide) in paragraph at lines 144--147
\T1/ptm/m/it/10 The geodesic dis-tance be-tween two SPD points is $\OML/ztmcm/m
/it/10 d[]\OT1/ztmcm/m/n/10 (\OML/ztmcm/m/it/10 S[]; S[]\OT1/ztmcm/m/n/10 ) = \
OMS/ztmcm/m/n/10 k []\OT1/ztmcm/m/n/10 (\OML/ztmcm/m/it/10 S[]S[]S[]\OT1/ztmcm/
m/n/10 )\OMS/ztmcm/m/n/10 k[]$\T1/ptm/m/it/10 . 
 []


Overfull \hbox (2.97397pt too wide) in paragraph at lines 155--157
\T1/ptm/m/n/10 The $\OML/ztmcm/m/it/10 d[]\OT1/ztmcm/m/n/10 128$ \T1/ptm/m/n/10
 pro-jec-tion keeps eigen-de-com-po-si-tion cost at $\OMS/cmsy/m/n/10 O\OT1/ztm
cm/m/n/10 (\OML/ztmcm/m/it/10 d[]\OT1/ztmcm/m/n/10 )[]2\OML/ztmcm/m/it/10 :\OT1
/ztmcm/m/n/10 1[]10[]$ \T1/ptm/m/n/10 FLOPs---
 []

[4
! Font \csname\endcsname=rsfs10 at 7.4pt not loadable: Metric (TFM) file not fo
und.
<argument> ...shipout:D \box_use:N \l_shipout_box 
                                                  \__shipout_drop_firstpage_...
l.174 \end{equation}
                    
I wasn't able to read the size data for this font,
so I will ignore the font specification.
[Wizards can fix TFM files using TFtoPL/PLtoTF.]
You might try inserting a different font spec;
e.g., type `I\font<same font id>=<substitute font name>'.

]
Overfull \hbox (21.44441pt too wide) in paragraph at lines 186--188
[]\T1/ptm/m/n/10 By the tri-an-gle in-equal-ity and lin-ear-ity of $\OML/ztmcm/
m/it/10 P[]$\T1/ptm/m/n/10 : $\OMS/ztmcm/m/n/10 k\OML/ztmcm/m/it/10 P[][]\OMS/z
tmcm/m/n/10 k \OT1/ztmcm/m/n/10 = \OMS/ztmcm/m/n/10 k\OML/ztmcm/m/it/10 P[]\OT1
/ztmcm/m/n/10 [(1[]\OML/ztmcm/m/it/10 g[]\OT1/ztmcm/m/n/10 )\OML/ztmcm/m/it/10 
h[][]g[]e[]\OT1/ztmcm/m/n/10 ]\OMS/ztmcm/m/n/10 k ^^T
 []


Overfull \hbox (21.58084pt too wide) in paragraph at lines 190--191
[]\T1/ptm/m/n/10 When $\OML/ztmcm/m/it/10 g[][]\OT1/ztmcm/m/n/10 1$\T1/ptm/m/n/
10 , the bound re-duces in-ter-fer-ence to the cur-rent query's stale component
---
 []


Overfull \hbox (5.75452pt too wide) in paragraph at lines 199--201
\T1/ptm/m/n/10 where $\OML/ztmcm/m/it/10  $ \T1/ptm/m/n/10 is the Log-Euclidean
 vec-tor-iza-tion and $[]\OT1/ztmcm/m/n/10 (\OMS/ztmcm/m/n/10 ^^A\OT1/ztmcm/m/n
/10 )$ \T1/ptm/m/n/10 is stop-gradient [[][]Grill et al. 20[][]].
 []

[5]
LaTeX Font Info:    Trying to load font information for TS1+ptm on input line 2
37.
 (/usr/local/texlive/2026basic/texmf-dist/tex/latex/psnfss/ts1ptm.fd
File: ts1ptm.fd 2001/06/04 font definitions for TS1/ptm.
)
Overfull \hbox (2.0443pt too wide) in paragraph at lines 249--250
\T1/ptm/m/n/10 linear model for time; Mc-Ne-mar/GEE for ac-cu-racy. Sig-nif-i-c
ance thresh-old $\OML/ztmcm/m/it/10 []\OT1/ztmcm/m/n/10 0\OML/ztmcm/m/it/10 :\
OT1/ztmcm/m/n/10 05$\T1/ptm/m/n/10 . 
 []


Overfull \hbox (4.42468pt too wide) in paragraph at lines 257--258
\T1/ptm/m/n/10 Thirty-one vi-gnettes (crit-i-cal care 35%, emer-gency medicine 
26%, hos-pi-tal medicine
 []

Package pgfplots info on input line 283: Using 'lua backend=false' for axis: x 
coord trafo unsupported.
LaTeX Font Info:    Font shape `OT1/ptm/bx/n' in size <8> not available
(Font)              Font shape `OT1/ptm/b/n' tried instead on input line 285.
[6]
Package pgfplots info on input line 348: Using 'lua backend=false' for axis: x 
coord trafo unsupported.
Package pgfplots info on input line 379: Using 'lua backend=false' for axis: x 
coord trafo unsupported.
Package pgfplots info on input line 410: Using 'lua backend=false' for axis: x 
coord trafo unsupported.


LaTeX Warning: Float too large for page by 31.02626pt on input line 419.

[7
! Font \csname\endcsname=rsfs10 at 6.0pt not loadable: Metric (TFM) file not fo
und.
<argument> ...shipout:D \box_use:N \l_shipout_box 
                                                  \__shipout_drop_firstpage_...
l.452 
      
I wasn't able to read the size data for this font,
so I will ignore the font specification.
[Wizards can fix TFM files using TFtoPL/PLtoTF.]
You might try inserting a different font spec;
e.g., type `I\font<same font id>=<substitute font name>'.

]
Overfull \hbox (5.7146pt too wide) in paragraph at lines 459--460
\T1/ptm/m/n/10 Predictive re-trieval can am-plify con-fir-ma-tion bias and au-t
oma-tion bias [[][]Croskerry 03[][],
 []

[8]
LaTeX Font Info:    Trying to load font information for T1+phv on input line 47
6.
 (/usr/local/texlive/2026basic/texmf-dist/tex/latex/psnfss/t1phv.fd
File: t1phv.fd 2020/03/25 scalable font definitions for T1/phv.
)
! Font T1/phv/m/n/10=phvr8t at 10.0pt not loadable: Metric (TFM) file not found
.
<to be read again> 
                   relax 
l.476 ...//github.com/hemanthmpkumar/CMA-Clinical}
                                                  .
I wasn't able to read the size data for this font,
so I will ignore the font specification.
[Wizards can fix TFM files using TFtoPL/PLtoTF.]
You might try inserting a different font spec;
e.g., type `I\font<same font id>=<substitute font name>'.

! Font T1/phv/m/n/9=phvr8t at 9.0pt not loadable: Metric (TFM) file not found.
<to be read again> 
                   relax 
l.476 ...//github.com/hemanthmpkumar/CMA-Clinical}
                                                  .
I wasn't able to read the size data for this font,
so I will ignore the font specification.
[Wizards can fix TFM files using TFtoPL/PLtoTF.]
You might try inserting a different font spec;
e.g., type `I\font<same font id>=<substitute font name>'.

! \textfont 0 is undefined (character h).
\Url@FormatString ...\Url@String \UrlRight \m@th $
                                                  
l.476 ...//github.com/hemanthmpkumar/CMA-Clinical}
                                                  .
Somewhere in the math formula just ended, you used the
stated character from an undefined font family. For example,
plain TeX doesn't allow \it or \sl in subscripts. Proceed,
and I'll try to forget that I needed that character.

! \textfont 0 is undefined (character t).
\Url@FormatString ...\Url@String \UrlRight \m@th $
                                                  
l.476 ...//github.com/hemanthmpkumar/CMA-Clinical}
                                                  .
Somewhere in the math formula just ended, you used the
stated character from an undefined font family. For example,
plain TeX doesn't allow \it or \sl in subscripts. Proceed,
and I'll try to forget that I needed that character.

! \textfont 0 is undefined (character t).
\Url@FormatString ...\Url@String \UrlRight \m@th $
                                                  
l.476 ...//github.com/hemanthmpkumar/CMA-Clinical}
                                                  .
Somewhere in the math formula just ended, you used the
stated character from an undefined font family. For example,
plain TeX doesn't allow \it or \sl in subscripts. Proceed,
and I'll try to forget that I needed that character.

! \textfont 0 is undefined (character p).
\Url@FormatString ...\Url@String \UrlRight \m@th $
                                                  
l.476 ...//github.com/hemanthmpkumar/CMA-Clinical}
                                                  .
Somewhere in the math formula just ended, you used the
stated character from an undefined font family. For example,
plain TeX doesn't allow \it or \sl in subscripts. Proceed,
and I'll try to forget that I needed that character.

! \textfont 0 is undefined (character s).
\Url@FormatString ...\Url@String \UrlRight \m@th $
                                                  
l.476 ...//github.com/hemanthmpkumar/CMA-Clinical}
                                                  .
Somewhere in the math formula just ended, you used the
stated character from an undefined font family. For example,
plain TeX doesn't allow \it or \sl in subscripts. Proceed,
and I'll try to forget that I needed that character.

! \textfont 0 is undefined (character :).
\Url@FormatString ...\Url@String \UrlRight \m@th $
                                                  
l.476 ...//github.com/hemanthmpkumar/CMA-Clinical}
                                                  .
Somewhere in the math formula just ended, you used the
stated character from an undefined font family. For example,
plain TeX doesn't allow \it or \sl in subscripts. Proceed,
and I'll try to forget that I needed that character.

! \textfont 0 is undefined (character /).
\Url@FormatString ...\Url@String \UrlRight \m@th $
                                                  
l.476 ...//github.com/hemanthmpkumar/CMA-Clinical}
                                                  .
Somewhere in the math formula just ended, you used the
stated character from an undefined font family. For example,
plain TeX doesn't allow \it or \sl in subscripts. Proceed,
and I'll try to forget that I needed that character.

! \textfont 0 is undefined (character /).
\Url@FormatString ...\Url@String \UrlRight \m@th $
                                                  
l.476 ...//github.com/hemanthmpkumar/CMA-Clinical}
                                                  .
Somewhere in the math formula just ended, you used the
stated character from an undefined font family. For example,
plain TeX doesn't allow \it or \sl in subscripts. Proceed,
and I'll try to forget that I needed that character.

! \textfont 0 is undefined (character g).
\Url@FormatString ...\Url@String \UrlRight \m@th $
                                                  
l.476 ...//github.com/hemanthmpkumar/CMA-Clinical}
                                                  .
Somewhere in the math formula just ended, you used the
stated character from an undefined font family. For example,
plain TeX doesn't allow \it or \sl in subscripts. Proceed,
and I'll try to forget that I needed that character.

! \textfont 0 is undefined (character i).
\Url@FormatString ...\Url@String \UrlRight \m@th $
                                                  
l.476 ...//github.com/hemanthmpkumar/CMA-Clinical}
                                                  .
Somewhere in the math formula just ended, you used the
stated character from an undefined font family. For example,
plain TeX doesn't allow \it or \sl in subscripts. Proceed,
and I'll try to forget that I needed that character.

! \textfont 0 is undefined (character t).
\Url@FormatString ...\Url@String \UrlRight \m@th $
                                                  
l.476 ...//github.com/hemanthmpkumar/CMA-Clinical}
                                                  .
Somewhere in the math formula just ended, you used the
stated character from an undefined font family. For example,
plain TeX doesn't allow \it or \sl in subscripts. Proceed,
and I'll try to forget that I needed that character.

! \textfont 0 is undefined (character h).
\Url@FormatString ...\Url@String \UrlRight \m@th $
                                                  
l.476 ...//github.com/hemanthmpkumar/CMA-Clinical}
                                                  .
Somewhere in the math formula just ended, you used the
stated character from an undefined font family. For example,
plain TeX doesn't allow \it or \sl in subscripts. Proceed,
and I'll try to forget that I needed that character.

! \textfont 0 is undefined (character u).
\Url@FormatString ...\Url@String \UrlRight \m@th $
                                                  
l.476 ...//github.com/hemanthmpkumar/CMA-Clinical}
                                                  .
Somewhere in the math formula just ended, you used the
stated character from an undefined font family. For example,
plain TeX doesn't allow \it or \sl in subscripts. Proceed,
and I'll try to forget that I needed that character.

! \textfont 0 is undefined (character b).
\Url@FormatString ...\Url@String \UrlRight \m@th $
                                                  
l.476 ...//github.com/hemanthmpkumar/CMA-Clinical}
                                                  .
Somewhere in the math formula just ended, you used the
stated character from an undefined font family. For example,
plain TeX doesn't allow \it or \sl in subscripts. Proceed,
and I'll try to forget that I needed that character.

! \textfont 0 is undefined (character .).
\Url@FormatString ...\Url@String \UrlRight \m@th $
                                                  
l.476 ...//github.com/hemanthmpkumar/CMA-Clinical}
                                                  .
Somewhere in the math formula just ended, you used the
stated character from an undefined font family. For example,
plain TeX doesn't allow \it or \sl in subscripts. Proceed,
and I'll try to forget that I needed that character.

! \textfont 0 is undefined (character c).
\Url@FormatString ...\Url@String \UrlRight \m@th $
                                                  
l.476 ...//github.com/hemanthmpkumar/CMA-Clinical}
                                                  .
Somewhere in the math formula just ended, you used the
stated character from an undefined font family. For example,
plain TeX doesn't allow \it or \sl in subscripts. Proceed,
and I'll try to forget that I needed that character.

! \textfont 0 is undefined (character o).
\Url@FormatString ...\Url@String \UrlRight \m@th $
                                                  
l.476 ...//github.com/hemanthmpkumar/CMA-Clinical}
                                                  .
Somewhere in the math formula just ended, you used the
stated character from an undefined font family. For example,
plain TeX doesn't allow \it or \sl in subscripts. Proceed,
and I'll try to forget that I needed that character.

! \textfont 0 is undefined (character m).
\Url@FormatString ...\Url@String \UrlRight \m@th $
                                                  
l.476 ...//github.com/hemanthmpkumar/CMA-Clinical}
                                                  .
Somewhere in the math formula just ended, you used the
stated character from an undefined font family. For example,
plain TeX doesn't allow \it or \sl in subscripts. Proceed,
and I'll try to forget that I needed that character.

! \textfont 0 is undefined (character /).
\Url@FormatString ...\Url@String \UrlRight \m@th $
                                                  
l.476 ...//github.com/hemanthmpkumar/CMA-Clinical}
                                                  .
Somewhere in the math formula just ended, you used the
stated character from an undefined font family. For example,
plain TeX doesn't allow \it or \sl in subscripts. Proceed,
and I'll try to forget that I needed that character.

! \textfont 0 is undefined (character h).
\Url@FormatString ...\Url@String \UrlRight \m@th $
                                                  
l.476 ...//github.com/hemanthmpkumar/CMA-Clinical}
                                                  .
Somewhere in the math formula just ended, you used the
stated character from an undefined font family. For example,
plain TeX doesn't allow \it or \sl in subscripts. Proceed,
and I'll try to forget that I needed that character.

! \textfont 0 is undefined (character e).
\Url@FormatString ...\Url@String \UrlRight \m@th $
                                                  
l.476 ...//github.com/hemanthmpkumar/CMA-Clinical}
                                                  .
Somewhere in the math formula just ended, you used the
stated character from an undefined font family. For example,
plain TeX doesn't allow \it or \sl in subscripts. Proceed,
and I'll try to forget that I needed that character.

! \textfont 0 is undefined (character m).
\Url@FormatString ...\Url@String \UrlRight \m@th $
                                                  
l.476 ...//github.com/hemanthmpkumar/CMA-Clinical}
                                                  .
Somewhere in the math formula just ended, you used the
stated character from an undefined font family. For example,
plain TeX doesn't allow \it or \sl in subscripts. Proceed,
and I'll try to forget that I needed that character.

! \textfont 0 is undefined (character a).
\Url@FormatString ...\Url@String \UrlRight \m@th $
                                                  
l.476 ...//github.com/hemanthmpkumar/CMA-Clinical}
                                                  .
Somewhere in the math formula just ended, you used the
stated character from an undefined font family. For example,
plain TeX doesn't allow \it or \sl in subscripts. Proceed,
and I'll try to forget that I needed that character.

! \textfont 0 is undefined (character n).
\Url@FormatString ...\Url@String \UrlRight \m@th $
                                                  
l.476 ...//github.com/hemanthmpkumar/CMA-Clinical}
                                                  .
Somewhere in the math formula just ended, you used the
stated character from an undefined font family. For example,
plain TeX doesn't allow \it or \sl in subscripts. Proceed,
and I'll try to forget that I needed that character.

! \textfont 0 is undefined (character t).
\Url@FormatString ...\Url@String \UrlRight \m@th $
                                                  
l.476 ...//github.com/hemanthmpkumar/CMA-Clinical}
                                                  .
Somewhere in the math formula just ended, you used the
stated character from an undefined font family. For example,
plain TeX doesn't allow \it or \sl in subscripts. Proceed,
and I'll try to forget that I needed that character.

! \textfont 0 is undefined (character h).
\Url@FormatString ...\Url@String \UrlRight \m@th $
                                                  
l.476 ...//github.com/hemanthmpkumar/CMA-Clinical}
                                                  .
Somewhere in the math formula just ended, you used the
stated character from an undefined font family. For example,
plain TeX doesn't allow \it or \sl in subscripts. Proceed,
and I'll try to forget that I needed that character.

! \textfont 0 is undefined (character m).
\Url@FormatString ...\Url@String \UrlRight \m@th $
                                                  
l.476 ...//github.com/hemanthmpkumar/CMA-Clinical}
                                                  .
Somewhere in the math formula just ended, you used the
stated character from an undefined font family. For example,
plain TeX doesn't allow \it or \sl in subscripts. Proceed,
and I'll try to forget that I needed that character.

! \textfont 0 is undefined (character p).
\Url@FormatString ...\Url@String \UrlRight \m@th $
                                                  
l.476 ...//github.com/hemanthmpkumar/CMA-Clinical}
                                                  .
Somewhere in the math formula just ended, you used the
stated character from an undefined font family. For example,
plain TeX doesn't allow \it or \sl in subscripts. Proceed,
and I'll try to forget that I needed that character.

! \textfont 0 is undefined (character k).
\Url@FormatString ...\Url@String \UrlRight \m@th $
                                                  
l.476 ...//github.com/hemanthmpkumar/CMA-Clinical}
                                                  .
Somewhere in the math formula just ended, you used the
stated character from an undefined font family. For example,
plain TeX doesn't allow \it or \sl in subscripts. Proceed,
and I'll try to forget that I needed that character.

! \textfont 0 is undefined (character u).
\Url@FormatString ...\Url@String \UrlRight \m@th $
                                                  
l.476 ...//github.com/hemanthmpkumar/CMA-Clinical}
                                                  .
Somewhere in the math formula just ended, you used the
stated character from an undefined font family. For example,
plain TeX doesn't allow \it or \sl in subscripts. Proceed,
and I'll try to forget that I needed that character.

! \textfont 0 is undefined (character m).
\Url@FormatString ...\Url@String \UrlRight \m@th $
                                                  
l.476 ...//github.com/hemanthmpkumar/CMA-Clinical}
                                                  .
Somewhere in the math formula just ended, you used the
stated character from an undefined font family. For example,
plain TeX doesn't allow \it or \sl in subscripts. Proceed,
and I'll try to forget that I needed that character.

! \textfont 0 is undefined (character a).
\Url@FormatString ...\Url@String \UrlRight \m@th $
                                                  
l.476 ...//github.com/hemanthmpkumar/CMA-Clinical}
                                                  .
Somewhere in the math formula just ended, you used the
stated character from an undefined font family. For example,
plain TeX doesn't allow \it or \sl in subscripts. Proceed,
and I'll try to forget that I needed that character.

! \textfont 0 is undefined (character r).
\Url@FormatString ...\Url@String \UrlRight \m@th $
                                                  
l.476 ...//github.com/hemanthmpkumar/CMA-Clinical}
                                                  .
Somewhere in the math formula just ended, you used the
stated character from an undefined font family. For example,
plain TeX doesn't allow \it or \sl in subscripts. Proceed,
and I'll try to forget that I needed that character.

! \textfont 0 is undefined (character /).
\Url@FormatString ...\Url@String \UrlRight \m@th $
                                                  
l.476 ...//github.com/hemanthmpkumar/CMA-Clinical}
                                                  .
Somewhere in the math formula just ended, you used the
stated character from an undefined font family. For example,
plain TeX doesn't allow \it or \sl in subscripts. Proceed,
and I'll try to forget that I needed that character.

! \textfont 0 is undefined (character C).
\Url@FormatString ...\Url@String \UrlRight \m@th $
                                                  
l.476 ...//github.com/hemanthmpkumar/CMA-Clinical}
                                                  .
Somewhere in the math formula just ended, you used the
stated character from an undefined font family. For example,
plain TeX doesn't allow \it or \sl in subscripts. Proceed,
and I'll try to forget that I needed that character.

! \textfont 0 is undefined (character M).
\Url@FormatString ...\Url@String \UrlRight \m@th $
                                                  
l.476 ...//github.com/hemanthmpkumar/CMA-Clinical}
                                                  .
Somewhere in the math formula just ended, you used the
stated character from an undefined font family. For example,
plain TeX doesn't allow \it or \sl in subscripts. Proceed,
and I'll try to forget that I needed that character.

! \textfont 0 is undefined (character A).
\Url@FormatString ...\Url@String \UrlRight \m@th $
                                                  
l.476 ...//github.com/hemanthmpkumar/CMA-Clinical}
                                                  .
Somewhere in the math formula just ended, you used the
stated character from an undefined font family. For example,
plain TeX doesn't allow \it or \sl in subscripts. Proceed,
and I'll try to forget that I needed that character.

! \textfont 0 is undefined (character -).
\Url@FormatString ...\Url@String \UrlRight \m@th $
                                                  
l.476 ...//github.com/hemanthmpkumar/CMA-Clinical}
                                                  .
Somewhere in the math formula just ended, you used the
stated character from an undefined font family. For example,
plain TeX doesn't allow \it or \sl in subscripts. Proceed,
and I'll try to forget that I needed that character.

! \textfont 0 is undefined (character C).
\Url@FormatString ...\Url@String \UrlRight \m@th $
                                                  
l.476 ...//github.com/hemanthmpkumar/CMA-Clinical}
                                                  .
Somewhere in the math formula just ended, you used the
stated character from an undefined font family. For example,
plain TeX doesn't allow \it or \sl in subscripts. Proceed,
and I'll try to forget that I needed that character.

! \textfont 0 is undefined (character l).
\Url@FormatString ...\Url@String \UrlRight \m@th $
                                                  
l.476 ...//github.com/hemanthmpkumar/CMA-Clinical}
                                                  .
Somewhere in the math formula just ended, you used the
stated character from an undefined font family. For example,
plain TeX doesn't allow \it or \sl in subscripts. Proceed,
and I'll try to forget that I needed that character.

! \textfont 0 is undefined (character i).
\Url@FormatString ...\Url@String \UrlRight \m@th $
                                                  
l.476 ...//github.com/hemanthmpkumar/CMA-Clinical}
                                                  .
Somewhere in the math formula just ended, you used the
stated character from an undefined font family. For example,
plain TeX doesn't allow \it or \sl in subscripts. Proceed,
and I'll try to forget that I needed that character.

! \textfont 0 is undefined (character n).
\Url@FormatString ...\Url@String \UrlRight \m@th $
                                                  
l.476 ...//github.com/hemanthmpkumar/CMA-Clinical}
                                                  .
Somewhere in the math formula just ended, you used the
stated character from an undefined font family. For example,
plain TeX doesn't allow \it or \sl in subscripts. Proceed,
and I'll try to forget that I needed that character.

! \textfont 0 is undefined (character i).
\Url@FormatString ...\Url@String \UrlRight \m@th $
                                                  
l.476 ...//github.com/hemanthmpkumar/CMA-Clinical}
                                                  .
Somewhere in the math formula just ended, you used the
stated character from an undefined font family. For example,
plain TeX doesn't allow \it or \sl in subscripts. Proceed,
and I'll try to forget that I needed that character.

! \textfont 0 is undefined (character c).
\Url@FormatString ...\Url@String \UrlRight \m@th $
                                                  
l.476 ...//github.com/hemanthmpkumar/CMA-Clinical}
                                                  .
Somewhere in the math formula just ended, you used the
stated character from an undefined font family. For example,
plain TeX doesn't allow \it or \sl in subscripts. Proceed,
and I'll try to forget that I needed that character.

! \textfont 0 is undefined (character a).
\Url@FormatString ...\Url@String \UrlRight \m@th $
                                                  
l.476 ...//github.com/hemanthmpkumar/CMA-Clinical}
                                                  .
Somewhere in the math formula just ended, you used the
stated character from an undefined font family. For example,
plain TeX doesn't allow \it or \sl in subscripts. Proceed,
and I'll try to forget that I needed that character.

! \textfont 0 is undefined (character l).
\Url@FormatString ...\Url@String \UrlRight \m@th $
                                                  
l.476 ...//github.com/hemanthmpkumar/CMA-Clinical}
                                                  .
Somewhere in the math formula just ended, you used the
stated character from an undefined font family. For example,
plain TeX doesn't allow \it or \sl in subscripts. Proceed,
and I'll try to forget that I needed that character.

(./main.bbl
! \textfont 0 is undefined (character h).
\Url@FormatString ...\Url@String \UrlRight \m@th $
                                                  
l.12 ...ttps://doi.org/10.1186/s12911-020-01332-6}
                                                  ).
Somewhere in the math formula just ended, you used the
stated character from an undefined font family. For example,
plain TeX doesn't allow \it or \sl in subscripts. Proceed,
and I'll try to forget that I needed that character.

! \textfont 0 is undefined (character t).
\Url@FormatString ...\Url@String \UrlRight \m@th $
                                                  
l.12 ...ttps://doi.org/10.1186/s12911-020-01332-6}
                                                  ).
Somewhere in the math formula just ended, you used the
stated character from an undefined font family. For example,
plain TeX doesn't allow \it or \sl in subscripts. Proceed,
and I'll try to forget that I needed that character.

! \textfont 0 is undefined (character t).
\Url@FormatString ...\Url@String \UrlRight \m@th $
                                                  
l.12 ...ttps://doi.org/10.1186/s12911-020-01332-6}
                                                  ).
Somewhere in the math formula just ended, you used the
stated character from an undefined font family. For example,
plain TeX doesn't allow \it or \sl in subscripts. Proceed,
and I'll try to forget that I needed that character.

! \textfont 0 is undefined (character p).
\Url@FormatString ...\Url@String \UrlRight \m@th $
                                                  
l.12 ...ttps://doi.org/10.1186/s12911-020-01332-6}
                                                  ).
Somewhere in the math formula just ended, you used the
stated character from an undefined font family. For example,
plain TeX doesn't allow \it or \sl in subscripts. Proceed,
and I'll try to forget that I needed that character.

! \textfont 0 is undefined (character s).
\Url@FormatString ...\Url@String \UrlRight \m@th $
                                                  
l.12 ...ttps://doi.org/10.1186/s12911-020-01332-6}
                                                  ).
Somewhere in the math formula just ended, you used the
stated character from an undefined font family. For example,
plain TeX doesn't allow \it or \sl in subscripts. Proceed,
and I'll try to forget that I needed that character.

! \textfont 0 is undefined (character :).
\Url@FormatString ...\Url@String \UrlRight \m@th $
                                                  
l.12 ...ttps://doi.org/10.1186/s12911-020-01332-6}
                                                  ).
Somewhere in the math formula just ended, you used the
stated character from an undefined font family. For example,
plain TeX doesn't allow \it or \sl in subscripts. Proceed,
and I'll try to forget that I needed that character.

! \textfont 0 is undefined (character /).
\Url@FormatString ...\Url@String \UrlRight \m@th $
                                                  
l.12 ...ttps://doi.org/10.1186/s12911-020-01332-6}
                                                  ).
Somewhere in the math formula just ended, you used the
stated character from an undefined font family. For example,
plain TeX doesn't allow \it or \sl in subscripts. Proceed,
and I'll try to forget that I needed that character.

! \textfont 0 is undefined (character /).
\Url@FormatString ...\Url@String \UrlRight \m@th $
                                                  
l.12 ...ttps://doi.org/10.1186/s12911-020-01332-6}
                                                  ).
Somewhere in the math formula just ended, you used the
stated character from an undefined font family. For example,
plain TeX doesn't allow \it or \sl in subscripts. Proceed,
and I'll try to forget that I needed that character.

! \textfont 0 is undefined (character d).
\Url@FormatString ...\Url@String \UrlRight \m@th $
                                                  
l.12 ...ttps://doi.org/10.1186/s12911-020-01332-6}
                                                  ).
Somewhere in the math formula just ended, you used the
stated character from an undefined font family. For example,
plain TeX doesn't allow \it or \sl in subscripts. Proceed,
and I'll try to forget that I needed that character.

! \textfont 0 is undefined (character o).
\Url@FormatString ...\Url@String \UrlRight \m@th $
                                                  
l.12 ...ttps://doi.org/10.1186/s12911-020-01332-6}
                                                  ).
Somewhere in the math formula just ended, you used the
stated character from an undefined font family. For example,
plain TeX doesn't allow \it or \sl in subscripts. Proceed,
and I'll try to forget that I needed that character.

! \textfont 0 is undefined (character i).
\Url@FormatString ...\Url@String \UrlRight \m@th $
                                                  
l.12 ...ttps://doi.org/10.1186/s12911-020-01332-6}
                                                  ).
Somewhere in the math formula just ended, you used the
stated character from an undefined font family. For example,
plain TeX doesn't allow \it or \sl in subscripts. Proceed,
and I'll try to forget that I needed that character.

! \textfont 0 is undefined (character .).
\Url@FormatString ...\Url@String \UrlRight \m@th $
                                                  
l.12 ...ttps://doi.org/10.1186/s12911-020-01332-6}
                                                  ).
Somewhere in the math formula just ended, you used the
stated character from an undefined font family. For example,
plain TeX doesn't allow \it or \sl in subscripts. Proceed,
and I'll try to forget that I needed that character.

! \textfont 0 is undefined (character o).
\Url@FormatString ...\Url@String \UrlRight \m@th $
                                                  
l.12 ...ttps://doi.org/10.1186/s12911-020-01332-6}
                                                  ).
Somewhere in the math formula just ended, you used the
stated character from an undefined font family. For example,
plain TeX doesn't allow \it or \sl in subscripts. Proceed,
and I'll try to forget that I needed that character.

! \textfont 0 is undefined (character r).
\Url@FormatString ...\Url@String \UrlRight \m@th $
                                                  
l.12 ...ttps://doi.org/10.1186/s12911-020-01332-6}
                                                  ).
Somewhere in the math formula just ended, you used the
stated character from an undefined font family. For example,
plain TeX doesn't allow \it or \sl in subscripts. Proceed,
and I'll try to forget that I needed that character.

! \textfont 0 is undefined (character g).
\Url@FormatString ...\Url@String \UrlRight \m@th $
                                                  
l.12 ...ttps://doi.org/10.1186/s12911-020-01332-6}
                                                  ).
Somewhere in the math formula just ended, you used the
stated character from an undefined font family. For example,
plain TeX doesn't allow \it or \sl in subscripts. Proceed,
and I'll try to forget that I needed that character.

! \textfont 0 is undefined (character /).
\Url@FormatString ...\Url@String \UrlRight \m@th $
                                                  
l.12 ...ttps://doi.org/10.1186/s12911-020-01332-6}
                                                  ).
Somewhere in the math formula just ended, you used the
stated character from an undefined font family. For example,
plain TeX doesn't allow \it or \sl in subscripts. Proceed,
and I'll try to forget that I needed that character.

! \textfont 0 is undefined (character 1).
\Url@FormatString ...\Url@String \UrlRight \m@th $
                                                  
l.12 ...ttps://doi.org/10.1186/s12911-020-01332-6}
                                                  ).
Somewhere in the math formula just ended, you used the
stated character from an undefined font family. For example,
plain TeX doesn't allow \it or \sl in subscripts. Proceed,
and I'll try to forget that I needed that character.

! \textfont 0 is undefined (character 0).
\Url@FormatString ...\Url@String \UrlRight \m@th $
                                                  
l.12 ...ttps://doi.org/10.1186/s12911-020-01332-6}
                                                  ).
Somewhere in the math formula just ended, you used the
stated character from an undefined font family. For example,
plain TeX doesn't allow \it or \sl in subscripts. Proceed,
and I'll try to forget that I needed that character.

! \textfont 0 is undefined (character .).
\Url@FormatString ...\Url@String \UrlRight \m@th $
                                                  
l.12 ...ttps://doi.org/10.1186/s12911-020-01332-6}
                                                  ).
Somewhere in the math formula just ended, you used the
stated character from an undefined font family. For example,
plain TeX doesn't allow \it or \sl in subscripts. Proceed,
and I'll try to forget that I needed that character.

! \textfont 0 is undefined (character 1).
\Url@FormatString ...\Url@String \UrlRight \m@th $
                                                  
l.12 ...ttps://doi.org/10.1186/s12911-020-01332-6}
                                                  ).
Somewhere in the math formula just ended, you used the
stated character from an undefined font family. For example,
plain TeX doesn't allow \it or \sl in subscripts. Proceed,
and I'll try to forget that I needed that character.

! \textfont 0 is undefined (character 1).
\Url@FormatString ...\Url@String \UrlRight \m@th $
                                                  
l.12 ...ttps://doi.org/10.1186/s12911-020-01332-6}
                                                  ).
Somewhere in the math formula just ended, you used the
stated character from an undefined font family. For example,
plain TeX doesn't allow \it or \sl in subscripts. Proceed,
and I'll try to forget that I needed that character.

! \textfont 0 is undefined (character 8).
\Url@FormatString ...\Url@String \UrlRight \m@th $
                                                  
l.12 ...ttps://doi.org/10.1186/s12911-020-01332-6}
                                                  ).
Somewhere in the math formula just ended, you used the
stated character from an undefined font family. For example,
plain TeX doesn't allow \it or \sl in subscripts. Proceed,
and I'll try to forget that I needed that character.

! \textfont 0 is undefined (character 6).
\Url@FormatString ...\Url@String \UrlRight \m@th $
                                                  
l.12 ...ttps://doi.org/10.1186/s12911-020-01332-6}
                                                  ).
Somewhere in the math formula just ended, you used the
stated character from an undefined font family. For example,
plain TeX doesn't allow \it or \sl in subscripts. Proceed,
and I'll try to forget that I needed that character.

! \textfont 0 is undefined (character /).
\Url@FormatString ...\Url@String \UrlRight \m@th $
                                                  
l.12 ...ttps://doi.org/10.1186/s12911-020-01332-6}
                                                  ).
Somewhere in the math formula just ended, you used the
stated character from an undefined font family. For example,
plain TeX doesn't allow \it or \sl in subscripts. Proceed,
and I'll try to forget that I needed that character.

! \textfont 0 is undefined (character s).
\Url@FormatString ...\Url@String \UrlRight \m@th $
                                                  
l.12 ...ttps://doi.org/10.1186/s12911-020-01332-6}
                                                  ).
Somewhere in the math formula just ended, you used the
stated character from an undefined font family. For example,
plain TeX doesn't allow \it or \sl in subscripts. Proceed,
and I'll try to forget that I needed that character.

! \textfont 0 is undefined (character 1).
\Url@FormatString ...\Url@String \UrlRight \m@th $
                                                  
l.12 ...ttps://doi.org/10.1186/s12911-020-01332-6}
                                                  ).
Somewhere in the math formula just ended, you used the
stated character from an undefined font family. For example,
plain TeX doesn't allow \it or \sl in subscripts. Proceed,
and I'll try to forget that I needed that character.

! \textfont 0 is undefined (character 2).
\Url@FormatString ...\Url@String \UrlRight \m@th $
                                                  
l.12 ...ttps://doi.org/10.1186/s12911-020-01332-6}
                                                  ).
Somewhere in the math formula just ended, you used the
stated character from an undefined font family. For example,
plain TeX doesn't allow \it or \sl in subscripts. Proceed,
and I'll try to forget that I needed that character.

! \textfont 0 is undefined (character 9).
\Url@FormatString ...\Url@String \UrlRight \m@th $
                                                  
l.12 ...ttps://doi.org/10.1186/s12911-020-01332-6}
                                                  ).
Somewhere in the math formula just ended, you used the
stated character from an undefined font family. For example,
plain TeX doesn't allow \it or \sl in subscripts. Proceed,
and I'll try to forget that I needed that character.

! \textfont 0 is undefined (character 1).
\Url@FormatString ...\Url@String \UrlRight \m@th $
                                                  
l.12 ...ttps://doi.org/10.1186/s12911-020-01332-6}
                                                  ).
Somewhere in the math formula just ended, you used the
stated character from an undefined font family. For example,
plain TeX doesn't allow \it or \sl in subscripts. Proceed,
and I'll try to forget that I needed that character.

! \textfont 0 is undefined (character 1).
\Url@FormatString ...\Url@String \UrlRight \m@th $
                                                  
l.12 ...ttps://doi.org/10.1186/s12911-020-01332-6}
                                                  ).
Somewhere in the math formula just ended, you used the
stated character from an undefined font family. For example,
plain TeX doesn't allow \it or \sl in subscripts. Proceed,
and I'll try to forget that I needed that character.

! \textfont 0 is undefined (character -).
\Url@FormatString ...\Url@String \UrlRight \m@th $
                                                  
l.12 ...ttps://doi.org/10.1186/s12911-020-01332-6}
                                                  ).
Somewhere in the math formula just ended, you used the
stated character from an undefined font family. For example,
plain TeX doesn't allow \it or \sl in subscripts. Proceed,
and I'll try to forget that I needed that character.

! \textfont 0 is undefined (character 0).
\Url@FormatString ...\Url@String \UrlRight \m@th $
                                                  
l.12 ...ttps://doi.org/10.1186/s12911-020-01332-6}
                                                  ).
Somewhere in the math formula just ended, you used the
stated character from an undefined font family. For example,
plain TeX doesn't allow \it or \sl in subscripts. Proceed,
and I'll try to forget that I needed that character.

! \textfont 0 is undefined (character 2).
\Url@FormatString ...\Url@String \UrlRight \m@th $
                                                  
l.12 ...ttps://doi.org/10.1186/s12911-020-01332-6}
                                                  ).
Somewhere in the math formula just ended, you used the
stated character from an undefined font family. For example,
plain TeX doesn't allow \it or \sl in subscripts. Proceed,
and I'll try to forget that I needed that character.

! \textfont 0 is undefined (character 0).
\Url@FormatString ...\Url@String \UrlRight \m@th $
                                                  
l.12 ...ttps://doi.org/10.1186/s12911-020-01332-6}
                                                  ).
Somewhere in the math formula just ended, you used the
stated character from an undefined font family. For example,
plain TeX doesn't allow \it or \sl in subscripts. Proceed,
and I'll try to forget that I needed that character.

! \textfont 0 is undefined (character -).
\Url@FormatString ...\Url@String \UrlRight \m@th $
                                                  
l.12 ...ttps://doi.org/10.1186/s12911-020-01332-6}
                                                  ).
Somewhere in the math formula just ended, you used the
stated character from an undefined font family. For example,
plain TeX doesn't allow \it or \sl in subscripts. Proceed,
and I'll try to forget that I needed that character.

! \textfont 0 is undefined (character 0).
\Url@FormatString ...\Url@String \UrlRight \m@th $
                                                  
l.12 ...ttps://doi.org/10.1186/s12911-020-01332-6}
                                                  ).
Somewhere in the math formula just ended, you used the
stated character from an undefined font family. For example,
plain TeX doesn't allow \it or \sl in subscripts. Proceed,
and I'll try to forget that I needed that character.

! \textfont 0 is undefined (character 1).
\Url@FormatString ...\Url@String \UrlRight \m@th $
                                                  
l.12 ...ttps://doi.org/10.1186/s12911-020-01332-6}
                                                  ).
Somewhere in the math formula just ended, you used the
stated character from an undefined font family. For example,
plain TeX doesn't allow \it or \sl in subscripts. Proceed,
and I'll try to forget that I needed that character.

! \textfont 0 is undefined (character 3).
\Url@FormatString ...\Url@String \UrlRight \m@th $
                                                  
l.12 ...ttps://doi.org/10.1186/s12911-020-01332-6}
                                                  ).
Somewhere in the math formula just ended, you used the
stated character from an undefined font family. For example,
plain TeX doesn't allow \it or \sl in subscripts. Proceed,
and I'll try to forget that I needed that character.

! \textfont 0 is undefined (character 3).
\Url@FormatString ...\Url@String \UrlRight \m@th $
                                                  
l.12 ...ttps://doi.org/10.1186/s12911-020-01332-6}
                                                  ).
Somewhere in the math formula just ended, you used the
stated character from an undefined font family. For example,
plain TeX doesn't allow \it or \sl in subscripts. Proceed,
and I'll try to forget that I needed that character.

! \textfont 0 is undefined (character 2).
\Url@FormatString ...\Url@String \UrlRight \m@th $
                                                  
l.12 ...ttps://doi.org/10.1186/s12911-020-01332-6}
                                                  ).
Somewhere in the math formula just ended, you used the
stated character from an undefined font family. For example,
plain TeX doesn't allow \it or \sl in subscripts. Proceed,
and I'll try to forget that I needed that character.

! \textfont 0 is undefined (character -).
\Url@FormatString ...\Url@String \UrlRight \m@th $
                                                  
l.12 ...ttps://doi.org/10.1186/s12911-020-01332-6}
                                                  ).
Somewhere in the math formula just ended, you used the
stated character from an undefined font family. For example,
plain TeX doesn't allow \it or \sl in subscripts. Proceed,
and I'll try to forget that I needed that character.

! \textfont 0 is undefined (character 6).
\Url@FormatString ...\Url@String \UrlRight \m@th $
                                                  
l.12 ...ttps://doi.org/10.1186/s12911-020-01332-6}
                                                  ).
Somewhere in the math formula just ended, you used the
stated character from an undefined font family. For example,
plain TeX doesn't allow \it or \sl in subscripts. Proceed,
and I'll try to forget that I needed that character.

[9]
Underfull \hbox (badness 1888) in paragraph at lines 139--145
\T1/ptm/m/n/9 Kim, Chan Ho So, and Jae-woo Kang.  ``BioBERT: a pre-trained biom
ed-i-
 []

[10]
! \textfont 0 is undefined (character h).
\Url@FormatString ...\Url@String \UrlRight \m@th $
                                                  
l.169 ... (\url{https://doi.org/10.1038/srep26094}
                                                  ).
Somewhere in the math formula just ended, you used the
stated character from an undefined font family. For example,
plain TeX doesn't allow \it or \sl in subscripts. Proceed,
and I'll try to forget that I needed that character.

! \textfont 0 is undefined (character t).
\Url@FormatString ...\Url@String \UrlRight \m@th $
                                                  
l.169 ... (\url{https://doi.org/10.1038/srep26094}
                                                  ).
Somewhere in the math formula just ended, you used the
stated character from an undefined font family. For example,
plain TeX doesn't allow \it or \sl in subscripts. Proceed,
and I'll try to forget that I needed that character.

! \textfont 0 is undefined (character t).
\Url@FormatString ...\Url@String \UrlRight \m@th $
                                                  
l.169 ... (\url{https://doi.org/10.1038/srep26094}
                                                  ).
Somewhere in the math formula just ended, you used the
stated character from an undefined font family. For example,
plain TeX doesn't allow \it or \sl in subscripts. Proceed,
and I'll try to forget that I needed that character.

! \textfont 0 is undefined (character p).
\Url@FormatString ...\Url@String \UrlRight \m@th $
                                                  
l.169 ... (\url{https://doi.org/10.1038/srep26094}
                                                  ).
Somewhere in the math formula just ended, you used the
stated character from an undefined font family. For example,
plain TeX doesn't allow \it or \sl in subscripts. Proceed,
and I'll try to forget that I needed that character.

! \textfont 0 is undefined (character s).
\Url@FormatString ...\Url@String \UrlRight \m@th $
                                                  
l.169 ... (\url{https://doi.org/10.1038/srep26094}
                                                  ).
Somewhere in the math formula just ended, you used the
stated character from an undefined font family. For example,
plain TeX doesn't allow \it or \sl in subscripts. Proceed,
and I'll try to forget that I needed that character.

! \textfont 0 is undefined (character :).
\Url@FormatString ...\Url@String \UrlRight \m@th $
                                                  
l.169 ... (\url{https://doi.org/10.1038/srep26094}
                                                  ).
Somewhere in the math formula just ended, you used the
stated character from an undefined font family. For example,
plain TeX doesn't allow \it or \sl in subscripts. Proceed,
and I'll try to forget that I needed that character.

! \textfont 0 is undefined (character /).
\Url@FormatString ...\Url@String \UrlRight \m@th $
                                                  
l.169 ... (\url{https://doi.org/10.1038/srep26094}
                                                  ).
Somewhere in the math formula just ended, you used the
stated character from an undefined font family. For example,
plain TeX doesn't allow \it or \sl in subscripts. Proceed,
and I'll try to forget that I needed that character.

! \textfont 0 is undefined (character /).
\Url@FormatString ...\Url@String \UrlRight \m@th $
                                                  
l.169 ... (\url{https://doi.org/10.1038/srep26094}
                                                  ).
Somewhere in the math formula just ended, you used the
stated character from an undefined font family. For example,
plain TeX doesn't allow \it or \sl in subscripts. Proceed,
and I'll try to forget that I needed that character.

! \textfont 0 is undefined (character d).
\Url@FormatString ...\Url@String \UrlRight \m@th $
                                                  
l.169 ... (\url{https://doi.org/10.1038/srep26094}
                                                  ).
Somewhere in the math formula just ended, you used the
stated character from an undefined font family. For example,
plain TeX doesn't allow \it or \sl in subscripts. Proceed,
and I'll try to forget that I needed that character.

! \textfont 0 is undefined (character o).
\Url@FormatString ...\Url@String \UrlRight \m@th $
                                                  
l.169 ... (\url{https://doi.org/10.1038/srep26094}
                                                  ).
Somewhere in the math formula just ended, you used the
stated character from an undefined font family. For example,
plain TeX doesn't allow \it or \sl in subscripts. Proceed,
and I'll try to forget that I needed that character.

! \textfont 0 is undefined (character i).
\Url@FormatString ...\Url@String \UrlRight \m@th $
                                                  
l.169 ... (\url{https://doi.org/10.1038/srep26094}
                                                  ).
Somewhere in the math formula just ended, you used the
stated character from an undefined font family. For example,
plain TeX doesn't allow \it or \sl in subscripts. Proceed,
and I'll try to forget that I needed that character.

! \textfont 0 is undefined (character .).
\Url@FormatString ...\Url@String \UrlRight \m@th $
                                                  
l.169 ... (\url{https://doi.org/10.1038/srep26094}
                                                  ).
Somewhere in the math formula just ended, you used the
stated character from an undefined font family. For example,
plain TeX doesn't allow \it or \sl in subscripts. Proceed,
and I'll try to forget that I needed that character.

! \textfont 0 is undefined (character o).
\Url@FormatString ...\Url@String \UrlRight \m@th $
                                                  
l.169 ... (\url{https://doi.org/10.1038/srep26094}
                                                  ).
Somewhere in the math formula just ended, you used the
stated character from an undefined font family. For example,
plain TeX doesn't allow \it or \sl in subscripts. Proceed,
and I'll try to forget that I needed that character.

! \textfont 0 is undefined (character r).
\Url@FormatString ...\Url@String \UrlRight \m@th $
                                                  
l.169 ... (\url{https://doi.org/10.1038/srep26094}
                                                  ).
Somewhere in the math formula just ended, you used the
stated character from an undefined font family. For example,
plain TeX doesn't allow \it or \sl in subscripts. Proceed,
and I'll try to forget that I needed that character.

! \textfont 0 is undefined (character g).
\Url@FormatString ...\Url@String \UrlRight \m@th $
                                                  
l.169 ... (\url{https://doi.org/10.1038/srep26094}
                                                  ).
Somewhere in the math formula just ended, you used the
stated character from an undefined font family. For example,
plain TeX doesn't allow \it or \sl in subscripts. Proceed,
and I'll try to forget that I needed that character.

! \textfont 0 is undefined (character /).
\Url@FormatString ...\Url@String \UrlRight \m@th $
                                                  
l.169 ... (\url{https://doi.org/10.1038/srep26094}
                                                  ).
Somewhere in the math formula just ended, you used the
stated character from an undefined font family. For example,
plain TeX doesn't allow \it or \sl in subscripts. Proceed,
and I'll try to forget that I needed that character.

! \textfont 0 is undefined (character 1).
\Url@FormatString ...\Url@String \UrlRight \m@th $
                                                  
l.169 ... (\url{https://doi.org/10.1038/srep26094}
                                                  ).
Somewhere in the math formula just ended, you used the
stated character from an undefined font family. For example,
plain TeX doesn't allow \it or \sl in subscripts. Proceed,
and I'll try to forget that I needed that character.

! \textfont 0 is undefined (character 0).
\Url@FormatString ...\Url@String \UrlRight \m@th $
                                                  
l.169 ... (\url{https://doi.org/10.1038/srep26094}
                                                  ).
Somewhere in the math formula just ended, you used the
stated character from an undefined font family. For example,
plain TeX doesn't allow \it or \sl in subscripts. Proceed,
and I'll try to forget that I needed that character.

! \textfont 0 is undefined (character .).
\Url@FormatString ...\Url@String \UrlRight \m@th $
                                                  
l.169 ... (\url{https://doi.org/10.1038/srep26094}
                                                  ).
Somewhere in the math formula just ended, you used the
stated character from an undefined font family. For example,
plain TeX doesn't allow \it or \sl in subscripts. Proceed,
and I'll try to forget that I needed that character.

! \textfont 0 is undefined (character 1).
\Url@FormatString ...\Url@String \UrlRight \m@th $
                                                  
l.169 ... (\url{https://doi.org/10.1038/srep26094}
                                                  ).
Somewhere in the math formula just ended, you used the
stated character from an undefined font family. For example,
plain TeX doesn't allow \it or \sl in subscripts. Proceed,
and I'll try to forget that I needed that character.

! \textfont 0 is undefined (character 0).
\Url@FormatString ...\Url@String \UrlRight \m@th $
                                                  
l.169 ... (\url{https://doi.org/10.1038/srep26094}
                                                  ).
Somewhere in the math formula just ended, you used the
stated character from an undefined font family. For example,
plain TeX doesn't allow \it or \sl in subscripts. Proceed,
and I'll try to forget that I needed that character.

! \textfont 0 is undefined (character 3).
\Url@FormatString ...\Url@String \UrlRight \m@th $
                                                  
l.169 ... (\url{https://doi.org/10.1038/srep26094}
                                                  ).
Somewhere in the math formula just ended, you used the
stated character from an undefined font family. For example,
plain TeX doesn't allow \it or \sl in subscripts. Proceed,
and I'll try to forget that I needed that character.

! \textfont 0 is undefined (character 8).
\Url@FormatString ...\Url@String \UrlRight \m@th $
                                                  
l.169 ... (\url{https://doi.org/10.1038/srep26094}
                                                  ).
Somewhere in the math formula just ended, you used the
stated character from an undefined font family. For example,
plain TeX doesn't allow \it or \sl in subscripts. Proceed,
and I'll try to forget that I needed that character.

! \textfont 0 is undefined (character /).
\Url@FormatString ...\Url@String \UrlRight \m@th $
                                                  
l.169 ... (\url{https://doi.org/10.1038/srep26094}
                                                  ).
Somewhere in the math formula just ended, you used the
stated character from an undefined font family. For example,
plain TeX doesn't allow \it or \sl in subscripts. Proceed,
and I'll try to forget that I needed that character.

! \textfont 0 is undefined (character s).
\Url@FormatString ...\Url@String \UrlRight \m@th $
                                                  
l.169 ... (\url{https://doi.org/10.1038/srep26094}
                                                  ).
Somewhere in the math formula just ended, you used the
stated character from an undefined font family. For example,
plain TeX doesn't allow \it or \sl in subscripts. Proceed,
and I'll try to forget that I needed that character.

! \textfont 0 is undefined (character r).
\Url@FormatString ...\Url@String \UrlRight \m@th $
                                                  
l.169 ... (\url{https://doi.org/10.1038/srep26094}
                                                  ).
Somewhere in the math formula just ended, you used the
stated character from an undefined font family. For example,
plain TeX doesn't allow \it or \sl in subscripts. Proceed,
and I'll try to forget that I needed that character.

! \textfont 0 is undefined (character e).
\Url@FormatString ...\Url@String \UrlRight \m@th $
                                                  
l.169 ... (\url{https://doi.org/10.1038/srep26094}
                                                  ).
Somewhere in the math formula just ended, you used the
stated character from an undefined font family. For example,
plain TeX doesn't allow \it or \sl in subscripts. Proceed,
and I'll try to forget that I needed that character.

! \textfont 0 is undefined (character p).
\Url@FormatString ...\Url@String \UrlRight \m@th $
                                                  
l.169 ... (\url{https://doi.org/10.1038/srep26094}
                                                  ).
Somewhere in the math formula just ended, you used the
stated character from an undefined font family. For example,
plain TeX doesn't allow \it or \sl in subscripts. Proceed,
and I'll try to forget that I needed that character.

! \textfont 0 is undefined (character 2).
\Url@FormatString ...\Url@String \UrlRight \m@th $
                                                  
l.169 ... (\url{https://doi.org/10.1038/srep26094}
                                                  ).
Somewhere in the math formula just ended, you used the
stated character from an undefined font family. For example,
plain TeX doesn't allow \it or \sl in subscripts. Proceed,
and I'll try to forget that I needed that character.

! \textfont 0 is undefined (character 6).
\Url@FormatString ...\Url@String \UrlRight \m@th $
                                                  
l.169 ... (\url{https://doi.org/10.1038/srep26094}
                                                  ).
Somewhere in the math formula just ended, you used the
stated character from an undefined font family. For example,
plain TeX doesn't allow \it or \sl in subscripts. Proceed,
and I'll try to forget that I needed that character.

! \textfont 0 is undefined (character 0).
\Url@FormatString ...\Url@String \UrlRight \m@th $
                                                  
l.169 ... (\url{https://doi.org/10.1038/srep26094}
                                                  ).
Somewhere in the math formula just ended, you used the
stated character from an undefined font family. For example,
plain TeX doesn't allow \it or \sl in subscripts. Proceed,
and I'll try to forget that I needed that character.

! \textfont 0 is undefined (character 9).
\Url@FormatString ...\Url@String \UrlRight \m@th $
                                                  
l.169 ... (\url{https://doi.org/10.1038/srep26094}
                                                  ).
Somewhere in the math formula just ended, you used the
stated character from an undefined font family. For example,
plain TeX doesn't allow \it or \sl in subscripts. Proceed,
and I'll try to forget that I needed that character.

! \textfont 0 is undefined (character 4).
\Url@FormatString ...\Url@String \UrlRight \m@th $
                                                  
l.169 ... (\url{https://doi.org/10.1038/srep26094}
                                                  ).
Somewhere in the math formula just ended, you used the
stated character from an undefined font family. For example,
plain TeX doesn't allow \it or \sl in subscripts. Proceed,
and I'll try to forget that I needed that character.

! \textfont 0 is undefined (character h).
\Url@FormatString ...\Url@String \UrlRight \m@th $
                                                  
l.196 ...ttps://doi.org/10.1038/s41746-018-0029-1}
                                                  ).
Somewhere in the math formula just ended, you used the
stated character from an undefined font family. For example,
plain TeX doesn't allow \it or \sl in subscripts. Proceed,
and I'll try to forget that I needed that character.

! \textfont 0 is undefined (character t).
\Url@FormatString ...\Url@String \UrlRight \m@th $
                                                  
l.196 ...ttps://doi.org/10.1038/s41746-018-0029-1}
                                                  ).
Somewhere in the math formula just ended, you used the
stated character from an undefined font family. For example,
plain TeX doesn't allow \it or \sl in subscripts. Proceed,
and I'll try to forget that I needed that character.

! \textfont 0 is undefined (character t).
\Url@FormatString ...\Url@String \UrlRight \m@th $
                                                  
l.196 ...ttps://doi.org/10.1038/s41746-018-0029-1}
                                                  ).
Somewhere in the math formula just ended, you used the
stated character from an undefined font family. For example,
plain TeX doesn't allow \it or \sl in subscripts. Proceed,
and I'll try to forget that I needed that character.

! \textfont 0 is undefined (character p).
\Url@FormatString ...\Url@String \UrlRight \m@th $
                                                  
l.196 ...ttps://doi.org/10.1038/s41746-018-0029-1}
                                                  ).
Somewhere in the math formula just ended, you used the
stated character from an undefined font family. For example,
plain TeX doesn't allow \it or \sl in subscripts. Proceed,
and I'll try to forget that I needed that character.

! \textfont 0 is undefined (character s).
\Url@FormatString ...\Url@String \UrlRight \m@th $
                                                  
l.196 ...ttps://doi.org/10.1038/s41746-018-0029-1}
                                                  ).
Somewhere in the math formula just ended, you used the
stated character from an undefined font family. For example,
plain TeX doesn't allow \it or \sl in subscripts. Proceed,
and I'll try to forget that I needed that character.

! \textfont 0 is undefined (character :).
\Url@FormatString ...\Url@String \UrlRight \m@th $
                                                  
l.196 ...ttps://doi.org/10.1038/s41746-018-0029-1}
                                                  ).
Somewhere in the math formula just ended, you used the
stated character from an undefined font family. For example,
plain TeX doesn't allow \it or \sl in subscripts. Proceed,
and I'll try to forget that I needed that character.

! \textfont 0 is undefined (character /).
\Url@FormatString ...\Url@String \UrlRight \m@th $
                                                  
l.196 ...ttps://doi.org/10.1038/s41746-018-0029-1}
                                                  ).
Somewhere in the math formula just ended, you used the
stated character from an undefined font family. For example,
plain TeX doesn't allow \it or \sl in subscripts. Proceed,
and I'll try to forget that I needed that character.

! \textfont 0 is undefined (character /).
\Url@FormatString ...\Url@String \UrlRight \m@th $
                                                  
l.196 ...ttps://doi.org/10.1038/s41746-018-0029-1}
                                                  ).
Somewhere in the math formula just ended, you used the
stated character from an undefined font family. For example,
plain TeX doesn't allow \it or \sl in subscripts. Proceed,
and I'll try to forget that I needed that character.

! \textfont 0 is undefined (character d).
\Url@FormatString ...\Url@String \UrlRight \m@th $
                                                  
l.196 ...ttps://doi.org/10.1038/s41746-018-0029-1}
                                                  ).
Somewhere in the math formula just ended, you used the
stated character from an undefined font family. For example,
plain TeX doesn't allow \it or \sl in subscripts. Proceed,
and I'll try to forget that I needed that character.

! \textfont 0 is undefined (character o).
\Url@FormatString ...\Url@String \UrlRight \m@th $
                                                  
l.196 ...ttps://doi.org/10.1038/s41746-018-0029-1}
                                                  ).
Somewhere in the math formula just ended, you used the
stated character from an undefined font family. For example,
plain TeX doesn't allow \it or \sl in subscripts. Proceed,
and I'll try to forget that I needed that character.

! \textfont 0 is undefined (character i).
\Url@FormatString ...\Url@String \UrlRight \m@th $
                                                  
l.196 ...ttps://doi.org/10.1038/s41746-018-0029-1}
                                                  ).
Somewhere in the math formula just ended, you used the
stated character from an undefined font family. For example,
plain TeX doesn't allow \it or \sl in subscripts. Proceed,
and I'll try to forget that I needed that character.

! \textfont 0 is undefined (character .).
\Url@FormatString ...\Url@String \UrlRight \m@th $
                                                  
l.196 ...ttps://doi.org/10.1038/s41746-018-0029-1}
                                                  ).
Somewhere in the math formula just ended, you used the
stated character from an undefined font family. For example,
plain TeX doesn't allow \it or \sl in subscripts. Proceed,
and I'll try to forget that I needed that character.

! \textfont 0 is undefined (character o).
\Url@FormatString ...\Url@String \UrlRight \m@th $
                                                  
l.196 ...ttps://doi.org/10.1038/s41746-018-0029-1}
                                                  ).
Somewhere in the math formula just ended, you used the
stated character from an undefined font family. For example,
plain TeX doesn't allow \it or \sl in subscripts. Proceed,
and I'll try to forget that I needed that character.

! \textfont 0 is undefined (character r).
\Url@FormatString ...\Url@String \UrlRight \m@th $
                                                  
l.196 ...ttps://doi.org/10.1038/s41746-018-0029-1}
                                                  ).
Somewhere in the math formula just ended, you used the
stated character from an undefined font family. For example,
plain TeX doesn't allow \it or \sl in subscripts. Proceed,
and I'll try to forget that I needed that character.

! \textfont 0 is undefined (character g).
\Url@FormatString ...\Url@String \UrlRight \m@th $
                                                  
l.196 ...ttps://doi.org/10.1038/s41746-018-0029-1}
                                                  ).
Somewhere in the math formula just ended, you used the
stated character from an undefined font family. For example,
plain TeX doesn't allow \it or \sl in subscripts. Proceed,
and I'll try to forget that I needed that character.

! \textfont 0 is undefined (character /).
\Url@FormatString ...\Url@String \UrlRight \m@th $
                                                  
l.196 ...ttps://doi.org/10.1038/s41746-018-0029-1}
                                                  ).
Somewhere in the math formula just ended, you used the
stated character from an undefined font family. For example,
plain TeX doesn't allow \it or \sl in subscripts. Proceed,
and I'll try to forget that I needed that character.

! \textfont 0 is undefined (character 1).
\Url@FormatString ...\Url@String \UrlRight \m@th $
                                                  
l.196 ...ttps://doi.org/10.1038/s41746-018-0029-1}
                                                  ).
Somewhere in the math formula just ended, you used the
stated character from an undefined font family. For example,
plain TeX doesn't allow \it or \sl in subscripts. Proceed,
and I'll try to forget that I needed that character.

! \textfont 0 is undefined (character 0).
\Url@FormatString ...\Url@String \UrlRight \m@th $
                                                  
l.196 ...ttps://doi.org/10.1038/s41746-018-0029-1}
                                                  ).
Somewhere in the math formula just ended, you used the
stated character from an undefined font family. For example,
plain TeX doesn't allow \it or \sl in subscripts. Proceed,
and I'll try to forget that I needed that character.

! \textfont 0 is undefined (character .).
\Url@FormatString ...\Url@String \UrlRight \m@th $
                                                  
l.196 ...ttps://doi.org/10.1038/s41746-018-0029-1}
                                                  ).
Somewhere in the math formula just ended, you used the
stated character from an undefined font family. For example,
plain TeX doesn't allow \it or \sl in subscripts. Proceed,
and I'll try to forget that I needed that character.

! \textfont 0 is undefined (character 1).
\Url@FormatString ...\Url@String \UrlRight \m@th $
                                                  
l.196 ...ttps://doi.org/10.1038/s41746-018-0029-1}
                                                  ).
Somewhere in the math formula just ended, you used the
stated character from an undefined font family. For example,
plain TeX doesn't allow \it or \sl in subscripts. Proceed,
and I'll try to forget that I needed that character.

! \textfont 0 is undefined (character 0).
\Url@FormatString ...\Url@String \UrlRight \m@th $
                                                  
l.196 ...ttps://doi.org/10.1038/s41746-018-0029-1}
                                                  ).
Somewhere in the math formula just ended, you used the
stated character from an undefined font family. For example,
plain TeX doesn't allow \it or \sl in subscripts. Proceed,
and I'll try to forget that I needed that character.

! \textfont 0 is undefined (character 3).
\Url@FormatString ...\Url@String \UrlRight \m@th $
                                                  
l.196 ...ttps://doi.org/10.1038/s41746-018-0029-1}
                                                  ).
Somewhere in the math formula just ended, you used the
stated character from an undefined font family. For example,
plain TeX doesn't allow \it or \sl in subscripts. Proceed,
and I'll try to forget that I needed that character.

! \textfont 0 is undefined (character 8).
\Url@FormatString ...\Url@String \UrlRight \m@th $
                                                  
l.196 ...ttps://doi.org/10.1038/s41746-018-0029-1}
                                                  ).
Somewhere in the math formula just ended, you used the
stated character from an undefined font family. For example,
plain TeX doesn't allow \it or \sl in subscripts. Proceed,
and I'll try to forget that I needed that character.

! \textfont 0 is undefined (character /).
\Url@FormatString ...\Url@String \UrlRight \m@th $
                                                  
l.196 ...ttps://doi.org/10.1038/s41746-018-0029-1}
                                                  ).
Somewhere in the math formula just ended, you used the
stated character from an undefined font family. For example,
plain TeX doesn't allow \it or \sl in subscripts. Proceed,
and I'll try to forget that I needed that character.

! \textfont 0 is undefined (character s).
\Url@FormatString ...\Url@String \UrlRight \m@th $
                                                  
l.196 ...ttps://doi.org/10.1038/s41746-018-0029-1}
                                                  ).
Somewhere in the math formula just ended, you used the
stated character from an undefined font family. For example,
plain TeX doesn't allow \it or \sl in subscripts. Proceed,
and I'll try to forget that I needed that character.

! \textfont 0 is undefined (character 4).
\Url@FormatString ...\Url@String \UrlRight \m@th $
                                                  
l.196 ...ttps://doi.org/10.1038/s41746-018-0029-1}
                                                  ).
Somewhere in the math formula just ended, you used the
stated character from an undefined font family. For example,
plain TeX doesn't allow \it or \sl in subscripts. Proceed,
and I'll try to forget that I needed that character.

! \textfont 0 is undefined (character 1).
\Url@FormatString ...\Url@String \UrlRight \m@th $
                                                  
l.196 ...ttps://doi.org/10.1038/s41746-018-0029-1}
                                                  ).
Somewhere in the math formula just ended, you used the
stated character from an undefined font family. For example,
plain TeX doesn't allow \it or \sl in subscripts. Proceed,
and I'll try to forget that I needed that character.

! \textfont 0 is undefined (character 7).
\Url@FormatString ...\Url@String \UrlRight \m@th $
                                                  
l.196 ...ttps://doi.org/10.1038/s41746-018-0029-1}
                                                  ).
Somewhere in the math formula just ended, you used the
stated character from an undefined font family. For example,
plain TeX doesn't allow \it or \sl in subscripts. Proceed,
and I'll try to forget that I needed that character.

! \textfont 0 is undefined (character 4).
\Url@FormatString ...\Url@String \UrlRight \m@th $
                                                  
l.196 ...ttps://doi.org/10.1038/s41746-018-0029-1}
                                                  ).
Somewhere in the math formula just ended, you used the
stated character from an undefined font family. For example,
plain TeX doesn't allow \it or \sl in subscripts. Proceed,
and I'll try to forget that I needed that character.

! \textfont 0 is undefined (character 6).
\Url@FormatString ...\Url@String \UrlRight \m@th $
                                                  
l.196 ...ttps://doi.org/10.1038/s41746-018-0029-1}
                                                  ).
Somewhere in the math formula just ended, you used the
stated character from an undefined font family. For example,
plain TeX doesn't allow \it or \sl in subscripts. Proceed,
and I'll try to forget that I needed that character.

! \textfont 0 is undefined (character -).
\Url@FormatString ...\Url@String \UrlRight \m@th $
                                                  
l.196 ...ttps://doi.org/10.1038/s41746-018-0029-1}
                                                  ).
Somewhere in the math formula just ended, you used the
stated character from an undefined font family. For example,
plain TeX doesn't allow \it or \sl in subscripts. Proceed,
and I'll try to forget that I needed that character.

! \textfont 0 is undefined (character 0).
\Url@FormatString ...\Url@String \UrlRight \m@th $
                                                  
l.196 ...ttps://doi.org/10.1038/s41746-018-0029-1}
                                                  ).
Somewhere in the math formula just ended, you used the
stated character from an undefined font family. For example,
plain TeX doesn't allow \it or \sl in subscripts. Proceed,
and I'll try to forget that I needed that character.

! \textfont 0 is undefined (character 1).
\Url@FormatString ...\Url@String \UrlRight \m@th $
                                                  
l.196 ...ttps://doi.org/10.1038/s41746-018-0029-1}
                                                  ).
Somewhere in the math formula just ended, you used the
stated character from an undefined font family. For example,
plain TeX doesn't allow \it or \sl in subscripts. Proceed,
and I'll try to forget that I needed that character.

! \textfont 0 is undefined (character 8).
\Url@FormatString ...\Url@String \UrlRight \m@th $
                                                  
l.196 ...ttps://doi.org/10.1038/s41746-018-0029-1}
                                                  ).
Somewhere in the math formula just ended, you used the
stated character from an undefined font family. For example,
plain TeX doesn't allow \it or \sl in subscripts. Proceed,
and I'll try to forget that I needed that character.

! \textfont 0 is undefined (character -).
\Url@FormatString ...\Url@String \UrlRight \m@th $
                                                  
l.196 ...ttps://doi.org/10.1038/s41746-018-0029-1}
                                                  ).
Somewhere in the math formula just ended, you used the
stated character from an undefined font family. For example,
plain TeX doesn't allow \it or \sl in subscripts. Proceed,
and I'll try to forget that I needed that character.

! \textfont 0 is undefined (character 0).
\Url@FormatString ...\Url@String \UrlRight \m@th $
                                                  
l.196 ...ttps://doi.org/10.1038/s41746-018-0029-1}
                                                  ).
Somewhere in the math formula just ended, you used the
stated character from an undefined font family. For example,
plain TeX doesn't allow \it or \sl in subscripts. Proceed,
and I'll try to forget that I needed that character.

! \textfont 0 is undefined (character 0).
\Url@FormatString ...\Url@String \UrlRight \m@th $
                                                  
l.196 ...ttps://doi.org/10.1038/s41746-018-0029-1}
                                                  ).
Somewhere in the math formula just ended, you used the
stated character from an undefined font family. For example,
plain TeX doesn't allow \it or \sl in subscripts. Proceed,
and I'll try to forget that I needed that character.

! \textfont 0 is undefined (character 2).
\Url@FormatString ...\Url@String \UrlRight \m@th $
                                                  
l.196 ...ttps://doi.org/10.1038/s41746-018-0029-1}
                                                  ).
Somewhere in the math formula just ended, you used the
stated character from an undefined font family. For example,
plain TeX doesn't allow \it or \sl in subscripts. Proceed,
and I'll try to forget that I needed that character.

! \textfont 0 is undefined (character 9).
\Url@FormatString ...\Url@String \UrlRight \m@th $
                                                  
l.196 ...ttps://doi.org/10.1038/s41746-018-0029-1}
                                                  ).
Somewhere in the math formula just ended, you used the
stated character from an undefined font family. For example,
plain TeX doesn't allow \it or \sl in subscripts. Proceed,
and I'll try to forget that I needed that character.

! \textfont 0 is undefined (character -).
\Url@FormatString ...\Url@String \UrlRight \m@th $
                                                  
l.196 ...ttps://doi.org/10.1038/s41746-018-0029-1}
                                                  ).
Somewhere in the math formula just ended, you used the
stated character from an undefined font family. For example,
plain TeX doesn't allow \it or \sl in subscripts. Proceed,
and I'll try to forget that I needed that character.

! \textfont 0 is undefined (character 1).
\Url@FormatString ...\Url@String \UrlRight \m@th $
                                                  
l.196 ...ttps://doi.org/10.1038/s41746-018-0029-1}
                                                  ).
Somewhere in the math formula just ended, you used the
stated character from an undefined font family. For example,
plain TeX doesn't allow \it or \sl in subscripts. Proceed,
and I'll try to forget that I needed that character.

[11]) [12] [13
! Font \csname\endcsname=rsfs10 at 7.0pt not loadable: Metric (TFM) file not fo
und.
<argument> ...shipout:D \box_use:N \l_shipout_box 
                                                  \__shipout_drop_firstpage_...
l.482 \end{document}
                    
I wasn't able to read the size data for this font,
so I will ignore the font specification.
[Wizards can fix TFM files using TFtoPL/PLtoTF.]
You might try inserting a different font spec;
e.g., type `I\font<same font id>=<substitute font name>'.

! Font \csname\endcsname=rsfs10 at 5.0pt not loadable: Metric (TFM) file not fo
und.
<argument> ...shipout:D \box_use:N \l_shipout_box 
                                                  \__shipout_drop_firstpage_...
l.482 \end{document}
                    
I wasn't able to read the size data for this font,
so I will ignore the font specification.
[Wizards can fix TFM files using TFtoPL/PLtoTF.]
You might try inserting a different font spec;
e.g., type `I\font<same font id>=<substitute font name>'.

] (./main.aux)
 ***********
LaTeX2e <2025-11-01>
L3 programming layer <2026-01-19>
 ***********


LaTeX Warning: Label(s) may have changed. Rerun to get cross-references right.

Package rerunfilecheck Info: File `main.out' has not changed.
(rerunfilecheck)             Checksum: BEA223B1A1F71AB298FD645F7E241C48;5493.
 ) 
Here is how much of TeX's memory you used:
 37067 strings out of 469006
 866987 string characters out of 5454814
 1403939 words of memory out of 5000000
 65014 multiletter control sequences out of 15000+600000
 703559 words of font info for 162 fonts, out of 8000000 for 9000
 319 hyphenation exceptions out of 8191
 90i,13n,94p,1620b,2340s stack positions out of 10000i,1000n,20000p,200000b,200000s
</usr/local/texlive/2026basic/texmf-dist/fonts/type1/public/amsfonts/cm/cmex1
0.pfb></usr/local/texlive/2026basic/texmf-dist/fonts/type1/public/amsfonts/cm/c
mmi10.pfb></usr/local/texlive/2026basic/texmf-dist/fonts/type1/public/amsfonts/
cm/cmr10.pfb></usr/local/texlive/2026basic/texmf-dist/fonts/type1/public/amsfon
ts/cm/cmsy10.pfb></usr/local/texlive/2026basic/texmf-dist/fonts/type1/public/am
sfonts/cm/cmsy9.pfb></usr/local/texlive/2026basic/texmf-dist/fonts/type1/public
/amsfonts/symbols/msbm10.pfb></usr/local/texlive/2026basic/texmf-dist/fonts/typ
e1/urw/symbol/usyr.pfb></usr/local/texlive/2026basic/texmf-dist/fonts/type1/urw
/symbol/usyr.pfb></usr/local/texlive/2026basic/texmf-dist/fonts/type1/urw/times
/utmb8a.pfb></usr/local/texlive/2026basic/texmf-dist/fonts/type1/urw/times/utmb
i8a.pfb></usr/local/texlive/2026basic/texmf-dist/fonts/type1/urw/times/utmr8a.p
fb></usr/local/texlive/2026basic/texmf-dist/fonts/type1/urw/times/utmri8a.pfb>
Output written on main.pdf (13 pages, 167857 bytes).
PDF statistics:
 411 PDF objects out of 1000 (max. 8388607)
 368 compressed objects within 4 object streams
 109 named destinations out of 1000 (max. 500000)
 269 words of extra memory for PDF output out of 10000 (max. 10000000)

